bac,method,nsnp,beta,se,p_value,ci_lower,ci_upper,odds_ratio,or_ci_lower,or_ci_upper,method_status,method_status_zh
class.Actinobacteria.id.419,Inverse variance weighted,10,-0.0279447783246813,0.0940693602721969,0.766416366869497,-0.212320724458187,0.156431167808825,0.972442065198566,0.808705284404477,1.16933027198408,OK,方法成功运行
class.Actinobacteria.id.419,Weighted median,10,0.0947336630256057,0.127241428824796,0.456562542969301,-0.154659537470995,0.344126863522207,1.09936601431266,0.85670680440202,1.41075759783338,OK,方法成功运行
class.Actinobacteria.id.419,MR Egger,10,0.200162234443805,0.317929248289628,0.546523916504018,-0.422979092203865,0.823303561091476,1.22160092783184,0.6550923295055,2.27801297567641,OK,方法成功运行
class.Actinobacteria.id.419,Weighted mode,10,0.173917718880821,0.214217669533866,0.437809130326021,-0.245948913405556,0.593784351167199,1.18995765074486,0.781962171689432,1.81082827511586,OK,方法成功运行
class.Alphaproteobacteria.id.2379,Inverse variance weighted,6,0.0604116462088417,0.123869081153224,0.625758375099413,-0.182371752851477,0.30319504526916,1.06227373751198,0.833291504335233,1.35417856480835,OK,方法成功运行
class.Alphaproteobacteria.id.2379,Weighted median,6,0.00355139502779554,0.12813664272869,0.977888912437447,-0.247596424720437,0.254699214776028,1.00355770870302,0.780674940818637,1.29007352745454,OK,方法成功运行
class.Alphaproteobacteria.id.2379,MR Egger,6,-0.265272829954042,0.510738066436618,0.630903721718388,-1.26631944016981,0.73577378026173,0.766996661763128,0.281867143846029,2.08709632179455,OK,方法成功运行
class.Alphaproteobacteria.id.2379,Weighted mode,6,-0.03663025684375,0.206254274703217,0.8660097221241,-0.440888635262056,0.367628121574556,0.964032513885143,0.643464361822979,1.4443048332852,OK,方法成功运行
class.Bacilli.id.1673,Inverse variance weighted,17,-0.0748136395779743,0.0706364700617737,0.289537774505876,-0.213261120899051,0.0636338417431022,0.927916397107559,0.807945138308676,1.06570211168486,OK,方法成功运行
class.Bacilli.id.1673,Weighted median,17,-0.037475824985921,0.102465855026252,0.714559363545492,-0.238308900837375,0.163357250865533,0.963217703240894,0.787959252223642,1.17745726218509,OK,方法成功运行
class.Bacilli.id.1673,MR Egger,17,0.0901721519098685,0.186139578947361,0.635075955741363,-0.274661422826959,0.455005726646696,1.09436266411244,0.759829340548671,1.57618240924793,OK,方法成功运行
class.Bacilli.id.1673,Weighted mode,17,-0.0121214340793854,0.146297805508148,0.934994938652359,-0.298865132875356,0.274622264716585,0.987951734567987,0.741659428164781,1.3160334686921,OK,方法成功运行
class.Bacteroidia.id.912,Inverse variance weighted,10,0.00201180581352507,0.0948861572442321,0.983084270802905,-0.18396506238517,0.18798867401222,1.00201383085261,0.831964870187101,1.20681984684536,OK,方法成功运行
class.Bacteroidia.id.912,Weighted median,10,0.0865776084510144,0.132070421961554,0.512119342144862,-0.172280418593632,0.345435635495661,1.09043599148221,0.841743099654141,1.41260516659815,OK,方法成功运行
class.Bacteroidia.id.912,MR Egger,10,-0.217471245917341,0.211306627394149,0.333506423248758,-0.631632235609872,0.19668974377519,0.804550738705675,0.531723194781618,1.21736628664036,OK,方法成功运行
class.Bacteroidia.id.912,Weighted mode,10,0.160932462502191,0.18829786056236,0.414904774663603,-0.208131344200035,0.529996269204418,1.17460563620936,0.812100365033946,1.69892597026122,OK,方法成功运行
class.Betaproteobacteria.id.2867,Inverse variance weighted,12,0.0262506401323409,0.0904406071314443,0.771622839585478,-0.15101294984529,0.203514230109972,1.0265982229449,0.859836563836632,1.22570259939989,OK,方法成功运行
class.Betaproteobacteria.id.2867,Weighted median,12,0.0173536736292221,0.12335237110685,0.88811978629382,-0.224416973740203,0.259124320998647,1.01750512342516,0.798981910425831,1.29579488932943,OK,方法成功运行
class.Betaproteobacteria.id.2867,MR Egger,12,0.163866841686167,0.328181889830501,0.628357621107312,-0.479369662381615,0.80710334575395,1.17805743650627,0.619173557210675,2.24140599601786,OK,方法成功运行
class.Betaproteobacteria.id.2867,Weighted mode,12,-0.169301955155753,0.225850679612346,0.469213119865036,-0.611969287195952,0.273365376884446,0.844253938064562,0.542281908056206,1.31438040131637,OK,方法成功运行
class.Clostridia.id.1859,Inverse variance weighted,12,-0.0984196904373688,0.10774899342231,0.361023618759616,-0.309607717545096,0.112768336670359,0.906268471716393,0.733734731037633,1.11937258532885,OK,方法成功运行
class.Clostridia.id.1859,Weighted median,12,0.0258308068810236,0.113124231432167,0.819381793722716,-0.195892686726023,0.24755430048807,1.02616731333659,0.822100452235712,1.28088891338854,OK,方法成功运行
class.Clostridia.id.1859,MR Egger,12,0.200630102906751,0.24955550158071,0.440118745634253,-0.28849868019144,0.689758886004943,1.2221726101059,0.749387794195275,1.99323487847448,OK,方法成功运行
class.Clostridia.id.1859,Weighted mode,12,0.0450374519645749,0.130726987162951,0.736955254947634,-0.21118744287481,0.301262346803959,1.04606703644069,0.809622294726983,1.35156387349338,OK,方法成功运行
class.Coriobacteriia.id.809,Inverse variance weighted,13,0.153183044929044,0.0894633899327506,0.0868519336973105,-0.022165199339147,0.328531289197235,1.16553830529438,0.978078643758607,1.38892669804962,OK,方法成功运行
class.Coriobacteriia.id.809,Weighted median,13,0.185360636237332,0.125911294638879,0.140979681603512,-0.0614255012548706,0.432146773729534,1.20365244255243,0.940423003463439,1.54056121248288,OK,方法成功运行
class.Coriobacteriia.id.809,MR Egger,13,0.223336764542373,0.370785245315588,0.559163207237817,-0.50340231627618,0.950075845360926,1.2502415398688,0.604470557124644,2.58590578083557,OK,方法成功运行
class.Coriobacteriia.id.809,Weighted mode,13,0.383425587318112,0.214966637866317,0.0997686167093952,-0.0379090228998704,0.804760197536094,1.4673023624823,0.962800529707047,2.23616019779428,OK,方法成功运行
class.Deltaproteobacteria.id.3087,Inverse variance weighted,13,-0.133483840117755,0.0778600466886784,0.086453930632574,-0.286089531627564,0.0191218513920551,0.875041609432731,0.75119535719309,1.01930584488664,OK,方法成功运行
class.Deltaproteobacteria.id.3087,Weighted median,13,-0.116568233922867,0.106160343253998,0.272187308511713,-0.324642506700703,0.0915060388549683,0.889969368803575,0.722785698505086,1.09582339419111,OK,方法成功运行
class.Deltaproteobacteria.id.3087,MR Egger,13,-0.157457776458505,0.219425222710294,0.487968499308417,-0.58753121297068,0.272615660053671,0.854312884962492,0.555697491423368,1.31339535750556,OK,方法成功运行
class.Deltaproteobacteria.id.3087,Weighted mode,13,-0.215996540043203,0.173558359196986,0.237067512917292,-0.556170924069297,0.12417784398289,0.805738089687637,0.573400459559396,1.1322172111134,OK,方法成功运行
class.Erysipelotrichia.id.2147,Inverse variance weighted,12,0.162255514445726,0.143118353056373,0.256913849305855,-0.118256457544765,0.442767486436218,1.17616072898665,0.888468169029403,1.55701026624469,OK,方法成功运行
class.Erysipelotrichia.id.2147,Weighted median,12,0.267367740655619,0.14194520875034,0.0596193446162836,-0.010844868495048,0.545580349806286,1.30652081882149,0.989213725086774,1.7256095490024,OK,方法成功运行
class.Erysipelotrichia.id.2147,MR Egger,12,1.32739572541991,0.54019179710087,0.0338343382789217,0.268619803102204,2.38617164773762,3.77120932324827,1.30815768899241,10.8717931174712,OK,方法成功运行
class.Erysipelotrichia.id.2147,Weighted mode,12,0.357346269937725,0.224780673064915,0.14019726002634,-0.0832238492695091,0.797916389144958,1.42953078769818,0.920145150345113,2.22090859492169,OK,方法成功运行
class.Gammaproteobacteria.id.3303,Inverse variance weighted,6,0.0538305543715887,0.123185694286632,0.662120732504613,-0.187613406430211,0.295274515173388,1.05530577005498,0.828935106278445,1.34349511786419,OK,方法成功运行
class.Gammaproteobacteria.id.3303,Weighted median,6,0.158593009887637,0.154993212899728,0.306201232367729,-0.14519368739583,0.462379707171105,1.17186091380849,0.864854765419979,1.58784810608657,OK,方法成功运行
class.Gammaproteobacteria.id.3303,MR Egger,6,0.0813854562169102,0.422090250654394,0.856497773782098,-0.745911435065702,0.908682347499522,1.08478895463664,0.474301807576348,2.48105121529025,OK,方法成功运行
class.Gammaproteobacteria.id.3303,Weighted mode,6,0.177392672996144,0.192768271973815,0.399670316003075,-0.200433140072533,0.555218486064821,1.19409989186105,0.818376204770292,1.7423216161848,OK,方法成功运行
class.Lentisphaeria.id.2250,Inverse variance weighted,8,-0.0503853820813058,0.0584753108301809,0.388878919218424,-0.16499699130846,0.0642262271458488,0.950862908354214,0.847896255142368,1.06633360508477,OK,方法成功运行
class.Lentisphaeria.id.2250,Weighted median,8,-0.032482637869937,0.0719600217812333,0.651702444559783,-0.173524280561154,0.10855900482128,0.968039256908887,0.840696738325498,1.11467067754209,OK,方法成功运行
class.Lentisphaeria.id.2250,MR Egger,8,0.145542502426121,0.202108702080323,0.498531468276297,-0.250590553651312,0.541675558503554,1.15666689468671,0.778340995203383,1.71888454226236,OK,方法成功运行
class.Lentisphaeria.id.2250,Weighted mode,8,0.0757989767660502,0.134851426000923,0.591588320703342,-0.18850981819576,0.34010777172786,1.07874569941048,0.828192372043889,1.40509901235233,OK,方法成功运行
class.Melainabacteria.id.1589,Inverse variance weighted,8,0.0224374287123193,0.101057398561066,0.824293190864843,-0.175635072467371,0.220509929892009,1.02269104106706,0.838924073975606,1.24671230439531,OK,方法成功运行
class.Melainabacteria.id.1589,Weighted median,8,0.0372657549926498,0.0956905432013978,0.696950456429923,-0.15028770968209,0.224819219667389,1.03796882958644,0.860460378026725,1.25209634133737,OK,方法成功运行
class.Melainabacteria.id.1589,MR Egger,8,0.0768362011185313,0.334048682175132,0.825721438658232,-0.577899215944727,0.73157161818179,1.07986518119656,0.561075828490034,2.07834440613653,OK,方法成功运行
class.Melainabacteria.id.1589,Weighted mode,8,0.043707001355499,0.128828067727612,0.744360071529644,-0.208796011390621,0.296210014101619,1.04467622132548,0.811560767911962,1.34475254417582,OK,方法成功运行
class.Methanobacteria.id.119,Inverse variance weighted,10,-0.0923043087946192,0.0442411247025466,0.0369431696843185,-0.179016913211611,-0.0055917043776279,0.911827630154404,0.836091758280617,0.994423900102534,OK,方法成功运行
class.Methanobacteria.id.119,Weighted median,10,-0.11157963028026,0.0559869694217866,0.0462661408669336,-0.221314090346961,-0.00184517021355776,0.894420165638982,0.801464908361554,0.998156531066456,OK,方法成功运行
class.Methanobacteria.id.119,MR Egger,10,-0.264924226914355,0.185217091972007,0.190491724919378,-0.627949727179488,0.0981012733507783,0.767264085740546,0.533684879672762,1.10307449150188,OK,方法成功运行
class.Methanobacteria.id.119,Weighted mode,10,-0.148006145684269,0.0995209436715828,0.17113725930587,-0.343067195280571,0.0470549039120337,0.862425814728996,0.709590528823525,1.04817955665802,OK,方法成功运行
class.Mollicutes.id.3920,Inverse variance weighted,11,-0.0285208282805757,0.0739857057742804,0.699873627390812,-0.173532811598165,0.116491155037014,0.971882051303275,0.8406895663411,1.12354757268656,OK,方法成功运行
class.Mollicutes.id.3920,Weighted median,11,0.0148362984299908,0.102029400301056,0.884385596355673,-0.185141326160079,0.214813923020061,1.01494690261417,0.83098683537453,1.23963120867229,OK,方法成功运行
class.Mollicutes.id.3920,MR Egger,11,-0.306739921810375,0.226682692632713,0.209010182250706,-0.751037999370493,0.137558155749743,0.735841952465839,0.471876490942548,1.14746843591889,OK,方法成功运行
class.Mollicutes.id.3920,Weighted mode,11,0.0666766842292089,0.169436441747191,0.702194888864939,-0.265418741595286,0.398772110053704,1.06894981396523,0.766884756185744,1.48999402525552,OK,方法成功运行
class.Negativicutes.id.2164,Inverse variance weighted,12,-0.0327370916807858,0.0886629001849609,0.711955547964105,-0.206516376043309,0.141042192681738,0.967792966966951,0.813412940862344,1.15147323070337,OK,方法成功运行
class.Negativicutes.id.2164,Weighted median,12,-0.0590439683350776,0.113940545386623,0.604318871227749,-0.282367437292858,0.164279500622703,0.942665320821207,0.753996587163441,1.17854367275316,OK,方法成功运行
class.Negativicutes.id.2164,MR Egger,12,0.151158845792028,0.282112121970154,0.60380128346992,-0.401780913269474,0.70409860485353,1.16318140988023,0.66912732655108,2.02202322129746,OK,方法成功运行
class.Negativicutes.id.2164,Weighted mode,12,-0.0451840154400066,0.170666726293677,0.796097284636828,-0.379690798975613,0.2893227680956,0.955821579720684,0.684072892554371,1.33552272309508,OK,方法成功运行
class.Verrucomicrobiae.id.4029,Inverse variance weighted,10,-0.0393915018061991,0.0831765379672392,0.635792949370936,-0.202417516221988,0.12363451260959,0.961374255702533,0.816753848762917,1.13160220907129,OK,方法成功运行
class.Verrucomicrobiae.id.4029,Weighted median,10,-0.086808687174639,0.114230204822409,0.44728738737037,-0.310699888626561,0.137082514277283,0.916852484494796,0.732933804636869,1.1469227821205,OK,方法成功运行
class.Verrucomicrobiae.id.4029,MR Egger,10,-0.300698522149934,0.285263854311394,0.322626700628811,-0.859815676600267,0.258418632300398,0.740300923438322,0.423240088180332,1.29488078409558,OK,方法成功运行
class.Verrucomicrobiae.id.4029,Weighted mode,10,-0.191224711852421,0.198813721845068,0.361263533188882,-0.580899606668754,0.198450182963912,0.825946967223358,0.559394904753771,1.21951127346385,OK,方法成功运行
family.Acidaminococcaceae.id.2166,Inverse variance weighted,7,-0.052842071219666,0.0920325665830891,0.565854735078424,-0.233225901722521,0.127541759283189,0.948529800808595,0.79197464487846,1.13603230714547,OK,方法成功运行
family.Acidaminococcaceae.id.2166,Weighted median,7,-0.0527516964730128,0.123366402205674,0.668941050333456,-0.294549844796135,0.189046451850109,0.948615527822757,0.744866817681601,1.20809706952351,OK,方法成功运行
family.Acidaminococcaceae.id.2166,MR Egger,7,-0.355053591175927,0.280778603852167,0.261776849066729,-0.905379654726174,0.195272472374321,0.701135867506094,0.404388328015586,1.21564217027693,OK,方法成功运行
family.Acidaminococcaceae.id.2166,Weighted mode,7,0.0934817675304327,0.191004850842199,0.641920476692219,-0.280887740120277,0.467851275181142,1.09799058407889,0.755113099628054,1.59655993694155,OK,方法成功运行
family.Actinomycetaceae.id.421,Inverse variance weighted,3,-0.161683971556391,0.146578212041016,0.27000286089243,-0.448977267156783,0.125609324044,0.850710010623431,0.638280608461845,1.13383911806273,OK,方法成功运行
family.Actinomycetaceae.id.421,Weighted median,3,-0.166902829922796,0.163962881435193,0.308710950925082,-0.488270077535774,0.154464417690182,0.8462818406138,0.613687107557312,1.16703275159776,OK,方法成功运行
family.Actinomycetaceae.id.421,MR Egger,3,-0.371927215782576,0.634857481902911,0.662626296412798,-1.61624788031228,0.872393448747129,0.689404418459279,0.198642633481287,2.39263064459901,OK,方法成功运行
family.Actinomycetaceae.id.421,Weighted mode,3,-0.170939330369161,0.179120407073142,0.440634972851886,-0.522015328232519,0.180136667494198,0.842872708696508,0.593323600451243,1.19738099500016,OK,方法成功运行
family.Alcaligenaceae.id.2875,Inverse variance weighted,12,0.0887775378412289,0.090347427498735,0.325792597415446,-0.0883034200562916,0.265858495738749,1.09283751428977,0.915483058656479,1.30455044617836,OK,方法成功运行
family.Alcaligenaceae.id.2875,Weighted median,12,0.0217639279515267,0.125835755490439,0.86268676890577,-0.224874152809734,0.268402008712787,1.02200248976879,0.798616716105412,1.30787281061086,OK,方法成功运行
family.Alcaligenaceae.id.2875,MR Egger,12,-0.750345670590776,0.406454600762269,0.0946520636095423,-1.54699668808482,0.0463053469032703,0.472203297733519,0.2128863788804,1.04739418070368,OK,方法成功运行
family.Alcaligenaceae.id.2875,Weighted mode,12,-0.158104336448936,0.232338180423278,0.510262234587636,-0.613487170078561,0.297278497180689,0.85376069896169,0.541459412014667,1.34619015741074,OK,方法成功运行
family.Bacteroidaceae.id.917,Inverse variance weighted,8,-0.116131359199182,0.137596649852198,0.398670271753618,-0.38582079290949,0.153558074511127,0.890358258867594,0.679892356294571,1.16597549861301,OK,方法成功运行
family.Bacteroidaceae.id.917,Weighted median,8,-0.109747768155869,0.159607517876303,0.491698240334198,-0.422578503193423,0.203082966881686,0.896060121691795,0.655354804862386,1.22517411290654,OK,方法成功运行
family.Bacteroidaceae.id.917,MR Egger,8,-1.49532541090875,0.561551117264997,0.037381620310602,-2.59596560074814,-0.394685221069352,0.224175643660093,0.0745738327487947,0.673892132910778,OK,方法成功运行
family.Bacteroidaceae.id.917,Weighted mode,8,-0.401551243428637,0.316815872313416,0.24552407047006,-1.02251035316293,0.219407866305659,0.669281022566662,0.359690854786068,1.24533910497751,OK,方法成功运行
family.BacteroidalesS24.7group.id.11173,Inverse variance weighted,8,-0.0927074329140841,0.0716588424468147,0.195757548209886,-0.233158764109841,0.0477438982816727,0.911460124524062,0.792027817950356,1.04890199532044,OK,方法成功运行
family.BacteroidalesS24.7group.id.11173,Weighted median,8,-0.0283505748842903,0.0880767497141312,0.747539900612509,-0.200981004323988,0.144279854555407,0.97204753160969,0.817927968500983,1.15520735333231,OK,方法成功运行
family.BacteroidalesS24.7group.id.11173,MR Egger,8,-0.299856821540582,0.30413909603659,0.362245659869115,-0.895969449772299,0.296255806691134,0.740924297487039,0.408211666046778,1.34481412528704,OK,方法成功运行
family.BacteroidalesS24.7group.id.11173,Weighted mode,8,-0.00852576990520848,0.139790691957104,0.953072343717952,-0.282515526141133,0.265463986330716,0.991510471402878,0.753884936944525,1.30403589025933,OK,方法成功运行
family.Bifidobacteriaceae.id.433,Inverse variance weighted,9,0.0955377547097695,0.102319967655922,0.350450592011495,-0.105009381895837,0.296084891315376,1.10025036088284,0.900316075874998,1.34458429551677,OK,方法成功运行
family.Bifidobacteriaceae.id.433,Weighted median,9,0.0794660706521527,0.132761621271581,0.549464956956998,-0.180746707040146,0.339678848344451,1.08270882330194,0.834646742067431,1.40449646176318,OK,方法成功运行
family.Bifidobacteriaceae.id.433,MR Egger,9,0.373734684461518,0.568419458465659,0.531877616177899,-0.740367454131173,1.48783682305421,1.45315155561949,0.476938630248357,4.42750767011625,OK,方法成功运行
family.Bifidobacteriaceae.id.433,Weighted mode,9,0.0719157425219975,0.19843761636317,0.7264330720623,-0.317021985549815,0.46085347059381,1.07456480012936,0.728314742549626,1.58542652265255,OK,方法成功运行
family.Christensenellaceae.id.1866,Inverse variance weighted,10,-0.207478996517339,0.124031565079635,0.0943682714235931,-0.450580864073425,0.0356228710387463,0.812630309660473,0.637257883884316,1.03626496725893,OK,方法成功运行
family.Christensenellaceae.id.1866,Weighted median,10,-0.0691142841966106,0.122199964918249,0.571676945102945,-0.308626215436379,0.170397647043157,0.933220021683194,0.734455246759394,1.18577627801424,OK,方法成功运行
family.Christensenellaceae.id.1866,MR Egger,10,0.0414269549910494,0.272525601561783,0.882941754567631,-0.492723224070045,0.575577134052144,1.0422970244753,0.610960344784354,1.77815646547979,OK,方法成功运行
family.Christensenellaceae.id.1866,Weighted mode,10,-0.0122089370475809,0.146880798539758,0.935574415705298,-0.300095302185507,0.275677428090345,0.987865289640927,0.74074762245036,1.31742283188057,OK,方法成功运行
family.Clostridiaceae1.id.1869,Inverse variance weighted,10,-0.116101488765501,0.132394321575345,0.380520818614125,-0.375594359053178,0.143391381522175,0.890384854652129,0.686880903558751,1.15418143856737,OK,方法成功运行
family.Clostridiaceae1.id.1869,Weighted median,10,-0.16063397678459,0.131848261626183,0.223100656355628,-0.41905656957191,0.0977886160027291,0.851603720800302,0.657666990275392,1.10272966106636,OK,方法成功运行
family.Clostridiaceae1.id.1869,MR Egger,10,-0.405070884781279,0.380372836829788,0.317990227767488,-1.15060164496766,0.340459875405106,0.666929534028742,0.316446323756249,1.40559383999168,OK,方法成功运行
family.Clostridiaceae1.id.1869,Weighted mode,10,-0.250255262183124,0.177022142767176,0.191094810310347,-0.59721866200679,0.0967081376405412,0.778602010053996,0.550340191477804,1.10153882897824,OK,方法成功运行
family.ClostridialesvadinBB60group.id.11286,Inverse variance weighted,14,-0.0752983274082001,0.0638349317475525,0.238167808635655,-0.200414793633403,0.0498181388170028,0.927466756298931,0.818391219197248,1.05107992835433,OK,方法成功运行
family.ClostridialesvadinBB60group.id.11286,Weighted median,14,-0.0925296385952403,0.0876212959559726,0.290960132697016,-0.264267378668947,0.079208101478466,0.91162219136291,0.767768227363174,1.08242955382446,OK,方法成功运行
family.ClostridialesvadinBB60group.id.11286,MR Egger,14,-0.113243649865488,0.187137394652078,0.556359382206955,-0.480032943383562,0.253545643652585,0.892933070586724,0.618763007323292,1.28858619392359,OK,方法成功运行
family.ClostridialesvadinBB60group.id.11286,Weighted mode,14,-0.0493296171704845,0.153928851284518,0.753704837704768,-0.35103016568814,0.252370931347171,0.951867326169102,0.703962518021545,1.28707336460858,OK,方法成功运行
family.Coriobacteriaceae.id.811,Inverse variance weighted,13,0.153183044929044,0.0894633899327506,0.0868519336973105,-0.022165199339147,0.328531289197235,1.16553830529438,0.978078643758607,1.38892669804962,OK,方法成功运行
family.Coriobacteriaceae.id.811,Weighted median,13,0.185360636237332,0.122957833495022,0.131678997983898,-0.0556367174129115,0.426357989887575,1.20365244255243,0.945882696194836,1.53166899901085,OK,方法成功运行
family.Coriobacteriaceae.id.811,MR Egger,13,0.223336764542373,0.370785245315588,0.559163207237817,-0.50340231627618,0.950075845360926,1.2502415398688,0.604470557124644,2.58590578083557,OK,方法成功运行
family.Coriobacteriaceae.id.811,Weighted mode,13,0.383425587318112,0.227261167487635,0.117371723603397,-0.0620063009576526,0.828857475593876,1.4673023624823,0.939876964647478,2.29070006386812,OK,方法成功运行
family.Defluviitaleaceae.id.1924,Inverse variance weighted,11,0.0429642501996884,0.0661248423900732,0.515857298192615,-0.0866404408848551,0.172568941284232,1.04390057494643,0.917006754500906,1.18835374442425,OK,方法成功运行
family.Defluviitaleaceae.id.1924,Weighted median,11,-0.0364149010469966,0.0899408350432408,0.685568533779293,-0.212698937731749,0.139869135637755,0.964240146231879,0.808399479164962,1.1501232788592,OK,方法成功运行
family.Defluviitaleaceae.id.1924,MR Egger,11,-0.0901664008933909,0.225449207654948,0.698525957706511,-0.532046847897088,0.351714046110307,0.913779118957837,0.587401416998788,1.42150198157436,OK,方法成功运行
family.Defluviitaleaceae.id.1924,Weighted mode,11,-0.0483908320178416,0.147290543605665,0.749279693679758,-0.337080297484944,0.240298633449261,0.952761344662179,0.713851517119865,1.27162884453191,OK,方法成功运行
family.Desulfovibrionaceae.id.3169,Inverse variance weighted,10,-0.135373814947174,0.0908457864071449,0.136184897234392,-0.313431556305178,0.0426839264108299,0.873389364658544,0.730934405142958,1.04360798579383,OK,方法成功运行
family.Desulfovibrionaceae.id.3169,Weighted median,10,-0.139756686419141,0.12532775493897,0.264794898391674,-0.385399086099521,0.105885713261239,0.869569787799852,0.68017913199465,1.11169481727091,OK,方法成功运行
family.Desulfovibrionaceae.id.3169,MR Egger,10,-0.110606073116695,0.244606249578764,0.663148188742704,-0.590034322291072,0.368822176057682,0.895291358807841,0.554308259278592,1.44603044197676,OK,方法成功运行
family.Desulfovibrionaceae.id.3169,Weighted mode,10,-0.203860476016935,0.17700724078874,0.27911680503349,-0.550794667962865,0.143073715928995,0.815576155683009,0.576491508972837,1.15381485306493,OK,方法成功运行
family.Enterobacteriaceae.id.3469,Inverse variance weighted,6,-0.00980363483140021,0.1164560336888,0.932910821268751,-0.238057460861447,0.218450191198647,0.990244264140748,0.788157401589345,1.24414704561078,OK,方法成功运行
family.Enterobacteriaceae.id.3469,Weighted median,6,0.00451089120535697,0.14239706380989,0.974728632220442,-0.274587353862028,0.283609136272742,1.0045210805904,0.759885622405793,1.32791379596816,OK,方法成功运行
family.Enterobacteriaceae.id.3469,MR Egger,6,1.0174509903327,0.728687413002565,0.23513266371253,-0.410776339152325,2.44567831981773,2.76613486539911,0.66313523240377,11.5383736524463,OK,方法成功运行
family.Enterobacteriaceae.id.3469,Weighted mode,6,0.0107333099920848,0.252154052018434,0.967694666115701,-0.483488631964046,0.504955251948216,1.01079111860457,0.616628445379731,1.65691137524592,OK,方法成功运行
family.Erysipelotrichaceae.id.2149,Inverse variance weighted,12,0.162255514445726,0.143118353056373,0.256913849305855,-0.118256457544765,0.442767486436218,1.17616072898665,0.888468169029403,1.55701026624469,OK,方法成功运行
family.Erysipelotrichaceae.id.2149,Weighted median,12,0.267367740655619,0.139524960756471,0.055330514800426,-0.00610118242706431,0.540836663738302,1.30652081882149,0.993917391991935,1.71744318367639,OK,方法成功运行
family.Erysipelotrichaceae.id.2149,MR Egger,12,1.32739572541991,0.54019179710087,0.0338343382789217,0.268619803102204,2.38617164773762,3.77120932324827,1.30815768899241,10.8717931174712,OK,方法成功运行
family.Erysipelotrichaceae.id.2149,Weighted mode,12,0.357346269937725,0.232430625126349,0.15243982338469,-0.0982177553099201,0.812910295185369,1.42953078769818,0.906451497634791,2.25445959139484,OK,方法成功运行
family.FamilyXI.id.1936,Inverse variance weighted,7,0.0727740620903909,0.0508523960516888,0.15240607612653,-0.0268966341709191,0.172444758351701,1.07548751606074,0.973461859016178,1.18820618033405,OK,方法成功运行
family.FamilyXI.id.1936,Weighted median,7,0.0971737746143349,0.0672102019072939,0.148228026848746,-0.0345582211239613,0.228905770352631,1.10205186562023,0.966032094574852,1.25722356569482,OK,方法成功运行
family.FamilyXI.id.1936,MR Egger,7,0.357920483814905,0.340384148302438,0.341161512318281,-0.309232446857874,1.02507341448768,1.43035187983302,0.734010131846082,2.78730008126218,OK,方法成功运行
family.FamilyXI.id.1936,Weighted mode,7,0.12635614034969,0.0982992826526866,0.246027216513721,-0.0663104536495755,0.319022734348956,1.1346862038735,0.935840284156485,1.37578260207227,OK,方法成功运行
family.FamilyXIII.id.1957,Inverse variance weighted,8,0.117959109593907,0.12262212155668,0.336063414848424,-0.122380248657186,0.358298467844999,1.12519810061938,0.884811856007361,1.43089263219245,OK,方法成功运行
family.FamilyXIII.id.1957,Weighted median,8,0.140825783961667,0.145784796834632,0.334052177793156,-0.144912417834211,0.426563985757545,1.1512240688167,0.86509805695436,1.53198454899869,OK,方法成功运行
family.FamilyXIII.id.1957,MR Egger,8,0.652425896876054,0.366450767364534,0.125308686726342,-0.065817607158433,1.37066940091054,1.92019337454311,0.936301623432185,3.93798590471665,OK,方法成功运行
family.FamilyXIII.id.1957,Weighted mode,8,0.193923378385696,0.21354364140512,0.394003497290647,-0.224622158768339,0.612468915539731,1.21400326050292,0.798817988117837,1.84498088229621,OK,方法成功运行
family.Lachnospiraceae.id.1987,Inverse variance weighted,16,-0.013419575984723,0.101012213633189,0.894311200903205,-0.211403514705773,0.184564362736327,0.986670065095305,0.809447377053444,1.20269438749555,OK,方法成功运行
family.Lachnospiraceae.id.1987,Weighted median,16,-0.0406108571316877,0.104426242329713,0.697353724540475,-0.245286292097926,0.164064577834551,0.960202713292449,0.782480488190969,1.17829040407863,OK,方法成功运行
family.Lachnospiraceae.id.1987,MR Egger,16,-0.0890379662543595,0.260334255946097,0.737420224615249,-0.599293107908709,0.42121717539999,0.914810840974044,0.549199723851113,1.52381517764658,OK,方法成功运行
family.Lachnospiraceae.id.1987,Weighted mode,16,-0.013054352965429,0.137153193249663,0.925431106005869,-0.281874611734768,0.25576590580391,0.987030485528439,0.754368267531578,1.29145037151463,OK,方法成功运行
family.Lactobacillaceae.id.1836,Inverse variance weighted,7,0.055056502535554,0.132192747867226,0.677054001600934,-0.204041283284209,0.314154288355316,1.05660031358569,0.815428706917352,1.36910095658741,OK,方法成功运行
family.Lactobacillaceae.id.1836,Weighted median,7,0.00597507663142677,0.101398048494826,0.953010301007245,-0.192765098418431,0.204715251681285,1.00599296300821,0.824675669007533,1.22717557902488,OK,方法成功运行
family.Lactobacillaceae.id.1836,MR Egger,7,-0.270325794812186,0.386277422599744,0.515250514565855,-1.02742954310769,0.486777953483313,0.763130829766882,0.35792581199962,1.62706528508569,OK,方法成功运行
family.Lactobacillaceae.id.1836,Weighted mode,7,0.0719278901658922,0.143388716016297,0.633799789370846,-0.209113993226051,0.352969773557835,1.07457785363917,0.811302747354518,1.42328812184731,OK,方法成功运行
family.Methanobacteriaceae.id.121,Inverse variance weighted,10,-0.0923043087946192,0.0442411247025466,0.0369431696843185,-0.179016913211611,-0.0055917043776279,0.911827630154404,0.836091758280617,0.994423900102534,OK,方法成功运行
family.Methanobacteriaceae.id.121,Weighted median,10,-0.11157963028026,0.054807899283701,0.0417673103025486,-0.219003112876314,-0.00415614768420557,0.894420165638982,0.80331921751637,0.995852477144756,OK,方法成功运行
family.Methanobacteriaceae.id.121,MR Egger,10,-0.264924226914355,0.185217091972007,0.190491724919378,-0.627949727179488,0.0981012733507783,0.767264085740546,0.533684879672762,1.10307449150188,OK,方法成功运行
family.Methanobacteriaceae.id.121,Weighted mode,10,-0.148006145684269,0.0964569790410308,0.159294681071038,-0.337061824604689,0.0410495332361517,0.862425814728996,0.713864704135261,1.04190371312999,OK,方法成功运行
family.Oxalobacteraceae.id.2966,Inverse variance weighted,14,0.0186929532543586,0.0434494201204732,0.667033208686889,-0.0664679101817689,0.103853816690486,1.01886876024712,0.935692941590984,1.1094382617041,OK,方法成功运行
family.Oxalobacteraceae.id.2966,Weighted median,14,-0.00242585127000527,0.0597556462288087,0.967617825568157,-0.11954691787847,0.11469521533846,0.997577088729373,0.887322375559029,1.12153155985817,OK,方法成功运行
family.Oxalobacteraceae.id.2966,MR Egger,14,0.22833573444478,0.178950796069849,0.226110942356251,-0.122407825852123,0.579079294741684,1.25650710734107,0.884787455714772,1.78439477255381,OK,方法成功运行
family.Oxalobacteraceae.id.2966,Weighted mode,14,0.00183995426940925,0.081390559697521,0.982307484576968,-0.157685542737732,0.16136545127655,1.00184164802392,0.854118323453505,1.17511433738714,OK,方法成功运行
family.Pasteurellaceae.id.3689,Inverse variance weighted,14,-0.0436064237038835,0.0585531579181922,0.456433612763299,-0.15837061322354,0.0711577658157733,0.957330665994092,0.853533392581034,1.0737506136477,OK,方法成功运行
family.Pasteurellaceae.id.3689,Weighted median,14,-0.115509780580316,0.0766835172323634,0.131985498392643,-0.265809474355748,0.0347899131951167,0.890911858559479,0.766585167721328,1.03540216161662,OK,方法成功运行
family.Pasteurellaceae.id.3689,MR Egger,14,-0.167543789164569,0.129137086413381,0.218877962141236,-0.420652478534795,0.0855649002056581,0.845739582248234,0.656618250700051,1.08933225693747,OK,方法成功运行
family.Pasteurellaceae.id.3689,Weighted mode,14,-0.163989201624331,0.101388800413751,0.129781396684021,-0.362711250435282,0.0347328471866207,0.848751186964889,0.695787312779498,1.03534307703395,OK,方法成功运行
family.Peptococcaceae.id.2024,Inverse variance weighted,8,-0.0301081697729867,0.0980852284250211,0.758874376987293,-0.222355217486028,0.162138877940055,0.97034056635269,0.800630915715972,1.17602355370909,OK,方法成功运行
family.Peptococcaceae.id.2024,Weighted median,8,-0.104600043420156,0.103020491548384,0.309947402594892,-0.306520206854989,0.0973201200146772,0.900684685322996,0.736003645710157,1.10221315764359,OK,方法成功运行
family.Peptococcaceae.id.2024,MR Egger,8,-0.221104062421477,0.230173433381776,0.373849993165716,-0.672243991849758,0.230035867006804,0.801633256051846,0.510561595299517,1.25864515295417,OK,方法成功运行
family.Peptococcaceae.id.2024,Weighted mode,8,-0.110911782509754,0.114322925026172,0.36428532908325,-0.334984715561052,0.113161150541543,0.89501770166184,0.715349019977425,1.11981237677983,OK,方法成功运行
family.Peptostreptococcaceae.id.2042,Inverse variance weighted,14,0.0075961650522545,0.0969171550193626,0.937527436536753,-0.182361458785696,0.197553788890205,1.00762508910491,0.833300082336944,1.21841860059141,OK,方法成功运行
family.Peptostreptococcaceae.id.2042,Weighted median,14,0.0113566480127678,0.102872639019027,0.912095940792751,-0.190273724464525,0.212987020490061,1.01142137955216,0.826732805974404,1.23736859070145,OK,方法成功运行
family.Peptostreptococcaceae.id.2042,MR Egger,14,-0.0412191974829329,0.228005365148166,0.859556225173763,-0.488109713173339,0.405671318207473,0.959618760875497,0.613785528990485,1.50030934704311,OK,方法成功运行
family.Peptostreptococcaceae.id.2042,Weighted mode,14,-0.0307722633556333,0.122468287889731,0.805535589605837,-0.270810107619507,0.20926558090824,0.969696383332173,0.76276132521748,1.23277235586033,OK,方法成功运行
family.Porphyromonadaceae.id.943,Inverse variance weighted,8,0.0400236165420638,0.115710129211558,0.729421227618939,-0.18676823671259,0.266815469796718,1.04083535483407,0.829635993270654,1.30579946465648,OK,方法成功运行
family.Porphyromonadaceae.id.943,Weighted median,8,-0.019309168011824,0.162059831026918,0.905157793787512,-0.336946436824584,0.298328100800936,0.980876059858252,0.713947080151269,1.34760386526015,OK,方法成功运行
family.Porphyromonadaceae.id.943,MR Egger,8,0.419186617073376,0.47147879733129,0.408184023460579,-0.504911825695951,1.3432850598427,1.52072412139647,0.603558791457252,3.83160992123643,OK,方法成功运行
family.Porphyromonadaceae.id.943,Weighted mode,8,-0.103457579086694,0.272132738360595,0.715089419956229,-0.636837746273459,0.429922588100071,0.901714273473556,0.528962495679378,1.53713852612867,OK,方法成功运行
family.Prevotellaceae.id.960,Inverse variance weighted,15,0.106564251073809,0.0740974222491135,0.150387504437516,-0.0386666965344533,0.251795198682072,1.11244940021805,0.962071317417673,1.28633256770114,OK,方法成功运行
family.Prevotellaceae.id.960,Weighted median,15,0.13907275260054,0.0980007845309331,0.155870342030153,-0.0530087850800893,0.331154290281169,1.14920770481142,0.94837168092453,1.39257463646579,OK,方法成功运行
family.Prevotellaceae.id.960,MR Egger,15,0.185500457895868,0.26781494395405,0.500719466046272,-0.339416832254069,0.710417748045806,1.20382075099956,0.712185525311956,2.03484113202435,OK,方法成功运行
family.Prevotellaceae.id.960,Weighted mode,15,0.260707446643612,0.167828419377423,0.142632680212606,-0.0682362553361373,0.589651148623361,1.2978479201234,0.93403977562655,1.80335920131318,OK,方法成功运行
family.Rhodospirillaceae.id.2717,Inverse variance weighted,14,-0.112990673577467,0.0618419126457927,0.0676864004470793,-0.23420082236322,0.00821947520828714,0.893158990055302,0.791202908702147,1.00825334783611,OK,方法成功运行
family.Rhodospirillaceae.id.2717,Weighted median,14,-0.0745229831466813,0.0818101117231012,0.362334202245228,-0.23487080212396,0.0858248358305971,0.928186141175606,0.790672996301792,1.08961545000283,OK,方法成功运行
family.Rhodospirillaceae.id.2717,MR Egger,14,-0.430107938526287,0.317134329943428,0.199995257641578,-1.05169122521541,0.191475348162831,0.650438883519611,0.34934642573748,1.21103497853491,OK,方法成功运行
family.Rhodospirillaceae.id.2717,Weighted mode,14,-0.0545006279160387,0.148611865112866,0.719719411613732,-0.345779883537257,0.23677862770518,0.946957914247576,0.707668239393703,1.26716057248012,OK,方法成功运行
family.Rikenellaceae.id.967,Inverse variance weighted,17,0.00286995338964273,0.0738950186827453,0.969019346792554,-0.141964283228538,0.147704190007823,1.00287407564849,0.867652245669461,1.15916995158792,OK,方法成功运行
family.Rikenellaceae.id.967,Weighted median,17,0.0375927123432077,0.099920314162637,0.706748201625175,-0.158251103415561,0.233436528101976,1.03830825661098,0.853635404288464,1.26293266461358,OK,方法成功运行
family.Rikenellaceae.id.967,MR Egger,17,0.0335416482534427,0.224435692452138,0.883190356778668,-0.406352308952748,0.473435605459633,1.0341105117261,0.666075461734481,1.60550059549965,OK,方法成功运行
family.Rikenellaceae.id.967,Weighted mode,17,0.0153045287361141,0.170257704946776,0.929489983071011,-0.318400572959568,0.349009630431796,1.01542224278873,0.727311388779554,1.41766284298156,OK,方法成功运行
family.Ruminococcaceae.id.2050,Inverse variance weighted,8,-0.0586670131077092,0.0957913684851302,0.540242904047566,-0.246418095338564,0.129084069123146,0.943020730424095,0.781595375220046,1.13778577279737,OK,方法成功运行
family.Ruminococcaceae.id.2050,Weighted median,8,0.0527119436480661,0.125338812748387,0.674079597592398,-0.192952129338772,0.298376016634904,1.05412595370463,0.824521443581087,1.34766843837024,OK,方法成功运行
family.Ruminococcaceae.id.2050,MR Egger,8,0.117169081921177,0.203707955914056,0.586075070039128,-0.282098511670373,0.516436675512728,1.1243095140328,0.75419938343233,1.67604470530317,OK,方法成功运行
family.Ruminococcaceae.id.2050,Weighted mode,8,0.0875199492247962,0.148423885389516,0.573948546932261,-0.203390866138655,0.378430764588248,1.09146403808722,0.815959248247193,1.45999172017076,OK,方法成功运行
family.Streptococcaceae.id.1850,Inverse variance weighted,12,-0.0954868618309215,0.105078386144888,0.363497789656075,-0.301440498674903,0.11046677501306,0.90893030325523,0.739751841259952,1.11679924279544,OK,方法成功运行
family.Streptococcaceae.id.1850,Weighted median,12,-0.0942839765068942,0.126928312434724,0.457595018432384,-0.343063468878953,0.154495515865164,0.910024300021996,0.709593173047746,1.1670690447508,OK,方法成功运行
family.Streptococcaceae.id.1850,MR Egger,12,-0.0162318215397074,0.44697418738528,0.97174596930104,-0.892301228814856,0.859837585735441,0.983899204586743,0.40971182641293,2.3627769138662,OK,方法成功运行
family.Streptococcaceae.id.1850,Weighted mode,12,-0.265206167726357,0.255435919230212,0.321438315946348,-0.765860569417574,0.235448233964859,0.767047793173476,0.464933651083377,1.26547587089322,OK,方法成功运行
family.Veillonellaceae.id.2172,Inverse variance weighted,19,0.0285391741552134,0.0752255626892231,0.704404711345925,-0.118902928715664,0.175981277026091,1.02895031830449,0.887893985588382,1.19241573287301,OK,方法成功运行
family.Veillonellaceae.id.2172,Weighted median,19,-0.0221956822938995,0.0925223579715812,0.810411395454428,-0.203539503918199,0.1591481393304,0.978048829485981,0.81583797488946,1.17251162890341,OK,方法成功运行
family.Veillonellaceae.id.2172,MR Egger,19,0.118860737938207,0.167603624288309,0.487827190837746,-0.209642365666879,0.447363841543293,1.12621306861305,0.810874190570414,1.56418331063489,OK,方法成功运行
family.Veillonellaceae.id.2172,Weighted mode,19,-0.0682812088856333,0.161418781952576,0.677301156480921,-0.384662021512682,0.248099603741415,0.933997788167014,0.680680652749439,1.28158757675457,OK,方法成功运行
family.Verrucomicrobiaceae.id.4036,Inverse variance weighted,10,-0.0393994344494879,0.0831980666124441,0.635812350541102,-0.202467645009878,0.123668776110902,0.961366629493743,0.816712906908665,1.13164098238932,OK,方法成功运行
family.Verrucomicrobiaceae.id.4036,Weighted median,10,-0.0867848949719638,0.110920048326204,0.433973976763834,-0.304188189691324,0.130618399747396,0.916874298694433,0.737722021706878,1.13953285230847,OK,方法成功运行
family.Verrucomicrobiaceae.id.4036,MR Egger,10,-0.300638291669755,0.28529342820763,0.322764732362282,-0.85981341095671,0.2585368276172,0.740345513461244,0.423241047092597,1.29503384198527,OK,方法成功运行
family.Verrucomicrobiaceae.id.4036,Weighted mode,10,-0.191216899049021,0.202208715926393,0.369026104864612,-0.587545982264751,0.20511218416671,0.825953420209839,0.55568928422431,1.22766278156437,OK,方法成功运行
family.Victivallaceae.id.2255,Inverse variance weighted,9,0.0530764795811866,0.0660846538768533,0.421882882975943,-0.0764494420174458,0.182602401179819,1.05451029054083,0.926399750007251,1.20033706059161,OK,方法成功运行
family.Victivallaceae.id.2255,Weighted median,9,0.00964206724831498,0.0721207740187253,0.893645070847201,-0.131714649828387,0.150998784325017,1.00968870174253,0.876591094814015,1.16299524425674,OK,方法成功运行
family.Victivallaceae.id.2255,MR Egger,9,-0.336913123987465,0.264265176869577,0.243026022295706,-0.854872870651836,0.181046622676906,0.713970864150215,0.425337260493973,1.1984710539194,OK,方法成功运行
family.Victivallaceae.id.2255,Weighted mode,9,-0.0887513198327387,0.143869795662774,0.554455629393826,-0.370736119331777,0.193233479666299,0.915073105814912,0.690226054842222,1.21316601005037,OK,方法成功运行
family.unknownfamily.id.1000001214,Inverse variance weighted,8,0.0776680511950881,0.103324458418067,0.452236987111078,-0.124847887304324,0.2801839896945,1.08076384085344,0.882631151777618,1.3233732769842,OK,方法成功运行
family.unknownfamily.id.1000001214,Weighted median,8,0.114951447597485,0.0901184812113599,0.202111424581584,-0.0616807755767802,0.29158367077175,1.12181896924352,0.940182968257637,1.33854562595069,OK,方法成功运行
family.unknownfamily.id.1000001214,MR Egger,8,-0.0687743383431924,0.340686299174132,0.846688790484328,-0.736519484724492,0.598970808038107,0.933537319888942,0.47877741102362,1.82024445506355,OK,方法成功运行
family.unknownfamily.id.1000001214,Weighted mode,8,0.091063933289703,0.122374011171357,0.481017258955621,-0.148789128606157,0.330916995185563,1.09533903164757,0.861750814336043,1.39224422453841,OK,方法成功运行
family.unknownfamily.id.1000005471,Inverse variance weighted,11,0.0229570637448328,0.119259483298673,0.847353108157844,-0.210791523520567,0.256705651010232,1.02322260525717,0.809942903326479,1.29266457624265,OK,方法成功运行
family.unknownfamily.id.1000005471,Weighted median,11,-0.112030937391248,0.112593890551172,0.319736193972396,-0.332714962871545,0.10865308808905,0.894016598531221,0.716974529393785,1.11477555433542,OK,方法成功运行
family.unknownfamily.id.1000005471,MR Egger,11,-0.450547602906196,0.31450613678629,0.185789149886249,-1.06697963100733,0.165884425194932,0.637279080177864,0.344046095855023,1.18043666510165,OK,方法成功运行
family.unknownfamily.id.1000005471,Weighted mode,11,-0.160262165264365,0.140727215529987,0.281326598961893,-0.436087507703139,0.115563177174409,0.851920415746129,0.646561144379131,1.12250542902943,OK,方法成功运行
family.unknownfamily.id.1000006161,Inverse variance weighted,12,0.0672946834341578,0.0492186928282049,0.17154424814534,-0.0291739545091239,0.163763321377439,1.06961062827071,0.971247496889136,1.17793548994882,OK,方法成功运行
family.unknownfamily.id.1000006161,Weighted median,12,0.0986181271253681,0.0643648392465095,0.125479526017075,-0.0275369577977906,0.224773212048527,1.10364476707832,0.972838727912067,1.25203873669126,OK,方法成功运行
family.unknownfamily.id.1000006161,MR Egger,12,0.390333518682997,0.206036978549038,0.0874139326749584,-0.0134989592731186,0.794165996639111,1.47747347672673,0.986591743089746,2.21259491549626,OK,方法成功运行
family.unknownfamily.id.1000006161,Weighted mode,12,0.111314262492451,0.103576556115071,0.305515232762366,-0.0916957874930879,0.314324312477989,1.11774611734619,0.91238266554898,1.36933375656665,OK,方法成功运行
genus..Clostridiuminnocuumgroup.id.14397,Inverse variance weighted,9,-0.0129766051063813,0.0505416752619281,0.797371312578595,-0.11203828861976,0.0860850784069979,0.987107228018747,0.894010026435067,1.08989905123578,OK,方法成功运行
genus..Clostridiuminnocuumgroup.id.14397,Weighted median,9,-0.0447558860175831,0.0650792744250749,0.491633309598961,-0.17231126389073,0.0827994918555636,0.956230882672616,0.841717136238579,1.08632396990629,OK,方法成功运行
genus..Clostridiuminnocuumgroup.id.14397,MR Egger,9,0.0141485675086677,0.252240645313229,0.956836334941806,-0.480243097305262,0.508540232322597,1.01424913221238,0.618632985513475,1.66286203012555,OK,方法成功运行
genus..Clostridiuminnocuumgroup.id.14397,Weighted mode,9,-0.0551697877014911,0.0970440960873853,0.585294343453258,-0.245376216032766,0.135036640629784,0.946324460057518,0.782410127630131,1.1445787216682,OK,方法成功运行
genus..Eubacteriumbrachygroup.id.11296,Inverse variance weighted,10,0.00398626156211924,0.0478307989102026,0.933580484331499,-0.0897621043018779,0.0977346274261163,1.00399421727041,0.914148631432312,1.10267012786865,OK,方法成功运行
genus..Eubacteriumbrachygroup.id.11296,Weighted median,10,0.012404435572082,0.0621358241413997,0.841766678059748,-0.109381779745061,0.134190650889225,1.01248168968376,0.896388129331556,1.14361082928365,OK,方法成功运行
genus..Eubacteriumbrachygroup.id.11296,MR Egger,10,0.200984256176961,0.185620656365454,0.31046396489217,-0.16283223029933,0.564800742653251,1.2226055231868,0.849733736031214,1.75909723475068,OK,方法成功运行
genus..Eubacteriumbrachygroup.id.11296,Weighted mode,10,0.0189316074477479,0.0977855022897984,0.850785374914836,-0.172727977040257,0.210591191935753,1.01911194656683,0.841366454711602,1.23440761610971,OK,方法成功运行
genus..Eubacteriumcoprostanoligenesgroup.id.11375,Inverse variance weighted,13,0.159120553102328,0.0867661652775507,0.0666686982488266,-0.0109411308416712,0.329182237046328,1.17247928417633,0.989118505635383,1.38983111122723,OK,方法成功运行
genus..Eubacteriumcoprostanoligenesgroup.id.11375,Weighted median,13,0.150529489339399,0.115111763074397,0.190981459963315,-0.0750895662864194,0.376148544965218,1.16244958446803,0.927660395510856,1.4566634977294,OK,方法成功运行
genus..Eubacteriumcoprostanoligenesgroup.id.11375,MR Egger,13,0.0681822219189432,0.337835740437282,0.843740823124924,-0.59397582933813,0.730340273176016,1.07056037027098,0.55212774943879,2.07578682208908,OK,方法成功运行
genus..Eubacteriumcoprostanoligenesgroup.id.11375,Weighted mode,13,0.278371995732194,0.182218389765349,0.152510969442719,-0.0787760482078897,0.635520039672278,1.32097750381519,0.924246888016214,1.88800372304333,OK,方法成功运行
genus..Eubacteriumeligensgroup.id.14372,Inverse variance weighted,8,-0.146429230840821,0.10230377208664,0.152339096362652,-0.346944624130635,0.0540861624489935,0.86378685964154,0.706844469300998,1.05557554921133,OK,方法成功运行
genus..Eubacteriumeligensgroup.id.14372,Weighted median,8,-0.0975970642958905,0.130151083048985,0.453329895942017,-0.352693187071901,0.15749905848012,0.907014298578702,0.702792786214801,1.17057965585716,OK,方法成功运行
genus..Eubacteriumeligensgroup.id.14372,MR Egger,8,-0.389992539630147,0.415396228771445,0.384049274773758,-1.20416914802218,0.424184068761886,0.677061925611702,0.299941102673376,1.52834288807766,OK,方法成功运行
genus..Eubacteriumeligensgroup.id.14372,Weighted mode,8,-0.114900908259079,0.192507096272239,0.569390136167669,-0.492214816952668,0.26241300043451,0.891454475306213,0.611271040345302,1.30006335830103,OK,方法成功运行
genus..Eubacteriumfissicatenagroup.id.14373,Inverse variance weighted,8,-0.0245104572684746,0.0670539085246727,0.714713122558125,-0.155936117976833,0.106915203439884,0.975787484793351,0.855613846968807,1.11283988548405,OK,方法成功运行
genus..Eubacteriumfissicatenagroup.id.14373,Weighted median,8,-0.0404231196979327,0.0734862605953188,0.582266394012466,-0.184456190464758,0.103609951068892,0.960382996208124,0.831556369199485,1.1091677408395,OK,方法成功运行
genus..Eubacteriumfissicatenagroup.id.14373,MR Egger,8,0.044157516597363,0.415190911101907,0.918767722411806,-0.769616669162375,0.857931702357101,1.04514696991775,0.463190589521038,2.35827802515975,OK,方法成功运行
genus..Eubacteriumfissicatenagroup.id.14373,Weighted mode,8,-0.126490402860408,0.131114645452017,0.366816665543745,-0.38347510794636,0.130494302225545,0.881182606335414,0.681489041499405,1.13939144787958,OK,方法成功运行
genus..Eubacteriumhalliigroup.id.11338,Inverse variance weighted,14,-0.000507973141165349,0.0760728708607851,0.994672201665366,-0.149610800028304,0.148594853745974,0.999492155855348,0.861043029142145,1.16020284214095,OK,方法成功运行
genus..Eubacteriumhalliigroup.id.11338,Weighted median,14,0.0333275612721547,0.0982942641365389,0.734565235329876,-0.159329196435461,0.225984318979771,1.03388914582495,0.852715601822959,1.25355600808694,OK,方法成功运行
genus..Eubacteriumhalliigroup.id.11338,MR Egger,14,0.0975328046942763,0.15978572813191,0.5529834568006,-0.215647222444268,0.410712831832821,1.10244760642682,0.806019597347424,1.5078922757164,OK,方法成功运行
genus..Eubacteriumhalliigroup.id.11338,Weighted mode,14,0.0548633330451382,0.138180275343915,0.697778287951607,-0.215970006628935,0.325696672719211,1.05639623035351,0.805759468953793,1.384995198324,OK,方法成功运行
genus..Eubacteriumnodatumgroup.id.11297,Inverse variance weighted,11,-0.0223531618377605,0.042797022525915,0.601456963883028,-0.106235325988554,0.0615290023130329,0.977894818929514,0.899213014983846,1.0634613389202,OK,方法成功运行
genus..Eubacteriumnodatumgroup.id.11297,Weighted median,11,-0.0487150432198891,0.0577816504413144,0.399178967106021,-0.161967078084865,0.0645369916450872,0.952452498829707,0.850469203154277,1.06666503520926,OK,方法成功运行
genus..Eubacteriumnodatumgroup.id.11297,MR Egger,11,-0.0547581910348489,0.187880696503694,0.777311462097473,-0.42300435618209,0.313487974112392,0.946714044221111,0.655075779476213,1.36818900897562,OK,方法成功运行
genus..Eubacteriumnodatumgroup.id.11297,Weighted mode,11,-0.0655131359530021,0.0916806838066885,0.491213133843196,-0.245207276214112,0.114181004308107,0.936586743719374,0.782542319021087,1.12095500420754,OK,方法成功运行
genus..Eubacteriumoxidoreducensgroup.id.11339,Inverse variance weighted,3,-0.116221748555069,0.140554965287204,0.408306456185383,-0.391709480517988,0.15926598340785,0.890277783595175,0.675900447687813,1.1726498105964,OK,方法成功运行
genus..Eubacteriumoxidoreducensgroup.id.11339,Weighted median,3,-0.0844009716146607,0.134986838278614,0.531804798055267,-0.348975174640745,0.180173231411423,0.919062664162188,0.705410642125198,1.19742477674016,OK,方法成功运行
genus..Eubacteriumoxidoreducensgroup.id.11339,MR Egger,3,-0.0894369546444021,0.578669845877681,0.902378950711871,-1.22362985256466,1.04475594327585,0.914445914874889,0.294160467545472,2.8427046577974,OK,方法成功运行
genus..Eubacteriumoxidoreducensgroup.id.11339,Weighted mode,3,-0.0567916991244309,0.175364976816123,0.776782342828225,-0.400507053684032,0.28692365543517,0.944790849632269,0.669980243943049,1.33232249401184,OK,方法成功运行
genus..Eubacteriumrectalegroup.id.14374,Inverse variance weighted,8,-0.0760952465625941,0.126342465225756,0.546978781609478,-0.323726478405076,0.171535985279888,0.926727934705413,0.723448093996779,1.18712686105603,OK,方法成功运行
genus..Eubacteriumrectalegroup.id.14374,Weighted median,8,0.0297274877289653,0.147971145127401,0.840776320264276,-0.260295956720741,0.319750932178671,1.03017376070709,0.77082342166973,1.37678480883537,OK,方法成功运行
genus..Eubacteriumrectalegroup.id.14374,MR Egger,8,-0.0770247862553368,0.489351506317295,0.880091591237272,-1.03615373863723,0.882104166126561,0.925866904548582,0.354816778856615,2.41597798080679,OK,方法成功运行
genus..Eubacteriumrectalegroup.id.14374,Weighted mode,8,0.0520913093109763,0.241346237132537,0.835269733814047,-0.420947315468797,0.52512993409075,1.05347192991795,0.656424683924924,1.69067851088302,OK,方法成功运行
genus..Eubacteriumruminantiumgroup.id.11340,Inverse variance weighted,17,-0.0351801633738977,0.0505838328286719,0.486753062959335,-0.134324475718094,0.0639641489702992,0.965431465198195,0.87430632739949,1.06605417893637,OK,方法成功运行
genus..Eubacteriumruminantiumgroup.id.11340,Weighted median,17,-0.0701521518679955,0.0701330762198945,0.317178897475443,-0.207612981258989,0.0673086775229978,0.932251965236542,0.812521436892185,1.0696255966016,OK,方法成功运行
genus..Eubacteriumruminantiumgroup.id.11340,MR Egger,17,0.212524938646842,0.178722182919335,0.252870509549778,-0.137770539875055,0.562820417168739,1.23679695722322,0.871298597094722,1.75561709670733,OK,方法成功运行
genus..Eubacteriumruminantiumgroup.id.11340,Weighted mode,17,-0.0600480073433593,0.112560563394612,0.601039263681135,-0.280666711596799,0.160570696910081,0.941719323056149,0.755280019607882,1.17418078115948,OK,方法成功运行
genus..Eubacteriumventriosumgroup.id.11341,Inverse variance weighted,14,-0.0822102516827582,0.0888636143263153,0.354899131568108,-0.256382935762336,0.0919624323968197,0.921078280078096,0.773845578900039,1.09632363505589,OK,方法成功运行
genus..Eubacteriumventriosumgroup.id.11341,Weighted median,14,-0.0989346578308031,0.111304478776082,0.374075626440158,-0.317091436231924,0.119222120570318,0.905801893150446,0.728264162350402,1.12662013600521,OK,方法成功运行
genus..Eubacteriumventriosumgroup.id.11341,MR Egger,14,-0.0725527656131214,0.408023855709601,0.861834584956701,-0.872279522803939,0.727173991577697,0.930016672465639,0.417997627293873,2.06922469073245,OK,方法成功运行
genus..Eubacteriumventriosumgroup.id.11341,Weighted mode,14,-0.0885483607657131,0.161551993516856,0.592903647666393,-0.40519026805875,0.228093546527324,0.915258847047024,0.666849918547601,1.2562028333487,OK,方法成功运行
genus..Eubacteriumxylanophilumgroup.id.14375,Inverse variance weighted,7,-0.131742999980325,0.109903263804469,0.230637689438172,-0.347153397037085,0.0836673970764349,0.876566243675558,0.706696914729969,1.08726720541163,OK,方法成功运行
genus..Eubacteriumxylanophilumgroup.id.14375,Weighted median,7,-0.133153440950413,0.137000970483824,0.331092318498921,-0.401675343098707,0.135368461197882,0.875330770218488,0.669197970166072,1.14495857944869,OK,方法成功运行
genus..Eubacteriumxylanophilumgroup.id.14375,MR Egger,7,-0.409164986732493,0.3454010077254,0.289407115543559,-1.08615096187428,0.26782098840929,0.664204638328703,0.337513097547541,1.30711313066961,OK,方法成功运行
genus..Eubacteriumxylanophilumgroup.id.14375,Weighted mode,7,-0.276271827264653,0.195995594302336,0.208330308176126,-0.660423192097232,0.107879537567927,0.758606692749717,0.516632653366824,1.11391355256837,OK,方法成功运行
genus..Ruminococcusgauvreauiigroup.id.11342,Inverse variance weighted,10,-0.0846749686623168,0.136175670910717,0.534068863760163,-0.351579283647322,0.182229346322688,0.918810878201477,0.703576065673981,1.19988935253599,OK,方法成功运行
genus..Ruminococcusgauvreauiigroup.id.11342,Weighted median,10,-0.0233846124194896,0.123148782090491,0.849396027505485,-0.264756225316851,0.217987000477872,0.976886688757264,0.767392998161101,1.24357090168653,OK,方法成功运行
genus..Ruminococcusgauvreauiigroup.id.11342,MR Egger,10,-0.208195605904419,0.893618890278229,0.821627010139311,-1.95968863084975,1.54329741904091,0.812048179757133,0.140902286716746,4.67999676664225,OK,方法成功运行
genus..Ruminococcusgauvreauiigroup.id.11342,Weighted mode,10,0.025420056277228,0.173189780802493,0.886544269699857,-0.314031914095659,0.364872026650114,1.02574590104664,0.730495714677296,1.44032967254131,OK,方法成功运行
genus..Ruminococcusgnavusgroup.id.14376,Inverse variance weighted,12,0.0137991981929409,0.0589136638822633,0.814808393374266,-0.101671583016295,0.129269979402177,1.01389484657895,0.903326170615116,1.13799731853153,OK,方法成功运行
genus..Ruminococcusgnavusgroup.id.14376,Weighted median,12,0.0164842967287051,0.0751268462168412,0.826323263736169,-0.130764321856304,0.163732915313714,1.01662091238672,0.877424539811818,1.17789967411176,OK,方法成功运行
genus..Ruminococcusgnavusgroup.id.14376,MR Egger,12,0.291254589245508,0.251119125371718,0.273062018429313,-0.200938896483059,0.783448074974074,1.33810520778387,0.817962410406904,2.18900712834421,OK,方法成功运行
genus..Ruminococcusgnavusgroup.id.14376,Weighted mode,12,0.0204257166741562,0.111435573517998,0.857900488234868,-0.197988007421119,0.238839440769431,1.02063574920926,0.820379691547,1.26977464617585,OK,方法成功运行
genus..Ruminococcustorquesgroup.id.14377,Inverse variance weighted,7,0.137421033589185,0.120331386199236,0.253445071143485,-0.0984284833613188,0.373270550539688,1.14731110335492,0.906260503001677,1.45247725518392,OK,方法成功运行
genus..Ruminococcustorquesgroup.id.14377,Weighted median,7,0.196980355670154,0.165241282281424,0.233230998477597,-0.126892557601437,0.520853268941744,1.21772011917527,0.880828305819155,1.68346348414088,OK,方法成功运行
genus..Ruminococcustorquesgroup.id.14377,MR Egger,7,0.319009723401651,0.369015446390092,0.426838599790714,-0.404260551522929,1.04227999832623,1.37576470195378,0.6674701882366,2.83567498369088,OK,方法成功运行
genus..Ruminococcustorquesgroup.id.14377,Weighted mode,7,0.266216994387516,0.226186190235274,0.283774474642469,-0.177107938473621,0.709541927248653,1.30501820959183,0.837689360732013,2.03305975603895,OK,方法成功运行
genus.Actinomyces.id.423,Inverse variance weighted,6,-0.0299704593219659,0.0915974550784694,0.743518503259126,-0.209501471275766,0.149560552631834,0.970474201590999,0.810988446244567,1.16132378989486,OK,方法成功运行
genus.Actinomyces.id.423,Weighted median,6,-0.073634416293614,0.116099547155791,0.525927356810313,-0.301189528718964,0.153920696131736,0.929011263147858,0.739937520045882,1.16639838320682,OK,方法成功运行
genus.Actinomyces.id.423,MR Egger,6,-0.0131179555953219,0.300529595978856,0.967275890382374,-0.602155963713879,0.575920052523235,0.986967709790147,0.54762969269222,1.77876633273769,OK,方法成功运行
genus.Actinomyces.id.423,Weighted mode,6,-0.138765250945614,0.152628737259503,0.404953528119183,-0.437917575974241,0.160387074083012,0.870432337644788,0.645378975398386,1.17396519455887,OK,方法成功运行
genus.Adlercreutzia.id.812,Inverse variance weighted,8,-0.0154617539870232,0.0788331923475463,0.844506430243003,-0.169974810988214,0.139051303014167,0.984657165242304,0.843686067947042,1.14918305504586,OK,方法成功运行
genus.Adlercreutzia.id.812,Weighted median,8,-0.0448266469610285,0.0978370157107341,0.646825454293665,-0.236587197754067,0.14693390383201,0.956163221267127,0.78931705262688,1.15827740280192,OK,方法成功运行
genus.Adlercreutzia.id.812,MR Egger,8,-0.155354029378568,0.355449072026965,0.677356509087453,-0.85203421055142,0.541326151794284,0.856112035014369,0.426546363709173,1.71828405738366,OK,方法成功运行
genus.Adlercreutzia.id.812,Weighted mode,8,-0.136219053486435,0.172611317001862,0.455907930542175,-0.474537234810086,0.202099127837215,0.872651454206863,0.622172909820399,1.22396933153065,OK,方法成功运行
genus.Akkermansia.id.4037,Inverse variance weighted,10,-0.0392716354621908,0.0832017718920048,0.636923364512336,-0.20234710837052,0.123803837446139,0.961489499026547,0.816811356671066,1.13179383365333,OK,方法成功运行
genus.Akkermansia.id.4037,Weighted median,10,-0.0866068889951873,0.112028568388099,0.439475864164704,-0.306182883035862,0.132969105045487,0.917037522326514,0.736251959149484,1.14221470911429,OK,方法成功运行
genus.Akkermansia.id.4037,MR Egger,10,-0.298969740973185,0.285397989484744,0.325459017481322,-0.858349800363283,0.260410318416914,0.741581848640558,0.423860960718107,1.29746235015707,OK,方法成功运行
genus.Akkermansia.id.4037,Weighted mode,10,-0.188959505415064,0.206396232351659,0.383793781368269,-0.593496120824315,0.215577109994187,0.827820028244454,0.552392673358959,1.24057764016963,OK,方法成功运行
genus.Alistipes.id.968,Inverse variance weighted,13,-0.0513786383555036,0.0927732685051351,0.579709809527371,-0.233214244625568,0.130456967914561,0.949918926690053,0.791983877057489,1.13934891027899,OK,方法成功运行
genus.Alistipes.id.968,Weighted median,13,0.00567401520988288,0.129196324150699,0.964969945859905,-0.247550780125486,0.258898810545252,1.00569014292272,0.780710575223352,1.29550270698276,OK,方法成功运行
genus.Alistipes.id.968,MR Egger,13,0.700034813712491,0.437891856767192,0.13820446087015,-0.158233225551206,1.55830285297619,2.0138228148986,0.85365066560285,4.75075167538486,OK,方法成功运行
genus.Alistipes.id.968,Weighted mode,13,0.104717616757261,0.204703129358058,0.618242394498797,-0.296500516784533,0.505935750299055,1.11039700857184,0.743415243078506,1.65853677083546,OK,方法成功运行
genus.Allisonella.id.2174,Inverse variance weighted,8,-0.0630110363694787,0.0460631477161983,0.171334839669555,-0.153294805893227,0.0272727331542699,0.93893311121922,0.857876777398834,1.02764803823795,OK,方法成功运行
genus.Allisonella.id.2174,Weighted median,8,-0.0741991116374419,0.059589936664962,0.213072288327848,-0.190995387500768,0.0425971642258837,0.92848680290726,0.826136398695911,1.04351744401262,OK,方法成功运行
genus.Allisonella.id.2174,MR Egger,8,-0.116043860906705,0.31217861894844,0.722873420447549,-0.727913954045647,0.495826232232236,0.890436167103306,0.482915323653447,1.64185423168435,OK,方法成功运行
genus.Allisonella.id.2174,Weighted mode,8,-0.110085701871412,0.0811079151121929,0.216827662663696,-0.26905721549131,0.0488858117484864,0.895757363924431,0.764099536067127,1.0501004347611,OK,方法成功运行
genus.Alloprevotella.id.961,Inverse variance weighted,6,0.0265020304459949,0.0592877344229004,0.654870028321609,-0.0897019290228899,0.14270598991488,1.02685633223589,0.914203642236373,1.15339064332925,OK,方法成功运行
genus.Alloprevotella.id.961,Weighted median,6,0.00644816819721755,0.0694991770287258,0.926077945177333,-0.129770218779085,0.14266655517352,1.00646900239049,0.878297223943994,1.15334516056435,OK,方法成功运行
genus.Alloprevotella.id.961,MR Egger,6,0.0623263630020587,0.607148088926665,0.923177832810708,-1.1276838912942,1.25233661729832,1.06430963934191,0.323782303662284,3.49850808887199,OK,方法成功运行
genus.Alloprevotella.id.961,Weighted mode,6,-0.02819854244855,0.104835034679862,0.798691216229096,-0.23367521042108,0.17727812552398,0.972195325598031,0.791618883710756,1.19396311857059,OK,方法成功运行
genus.Anaerofilum.id.2053,Inverse variance weighted,11,-0.0824062992029137,0.0508037176450818,0.104792099102274,-0.181981585787274,0.0171689873814467,0.920897722664913,0.833616690669477,1.0173172215738,OK,方法成功运行
genus.Anaerofilum.id.2053,Weighted median,11,-0.0831930904454142,0.0690239571976764,0.228095813102949,-0.21848004655286,0.0520938656620315,0.920173453363216,0.803739516658617,1.05347462296547,OK,方法成功运行
genus.Anaerofilum.id.2053,MR Egger,11,-0.258006707118794,0.259274669409486,0.34568296934882,-0.766185059161385,0.250171644923798,0.772590050236305,0.464782809356668,1.28424583204859,OK,方法成功运行
genus.Anaerofilum.id.2053,Weighted mode,11,-0.102971245332442,0.104033846400523,0.345623011328245,-0.306877584277468,0.100935093612583,0.902152914215691,0.735740661619406,1.10620483967336,OK,方法成功运行
genus.Anaerostipes.id.1991,Inverse variance weighted,11,0.0598492736008719,0.0951789338914991,0.529474772022806,-0.126701436826466,0.24639998402821,1.06167651180727,0.880996666495678,1.27941121526228,OK,方法成功运行
genus.Anaerostipes.id.1991,Weighted median,11,0.109254178133704,0.127724510570704,0.392335671936914,-0.141085862584875,0.359594218852283,1.11544583625287,0.868414744161756,1.43274791449431,OK,方法成功运行
genus.Anaerostipes.id.1991,MR Egger,11,0.707463609393213,0.308740456335671,0.0476613932838677,0.102332314975297,1.31259490381113,2.0288387994109,1.10775153299173,3.71580336510876,OK,方法成功运行
genus.Anaerostipes.id.1991,Weighted mode,11,0.156041785453675,0.208818037103562,0.472110623894815,-0.253241567269307,0.565325138176657,1.16887504404345,0.77628033525129,1.76001993937576,OK,方法成功运行
genus.Anaerotruncus.id.2054,Inverse variance weighted,12,-0.0728779667505539,0.0861992598664013,0.39785444206148,-0.2418285160887,0.0960725825875926,0.929714279157911,0.785190813599374,1.10083896283476,OK,方法成功运行
genus.Anaerotruncus.id.2054,Weighted median,12,-0.126440925883796,0.110503028089141,0.252528091886942,-0.343026860938513,0.0901450091709201,0.881226205665191,0.709619150267845,1.09433296051545,OK,方法成功运行
genus.Anaerotruncus.id.2054,MR Egger,12,0.0685394322070228,0.264573355364808,0.800846277289156,-0.450024344308001,0.587103208722046,1.07094285375871,0.637612629194603,1.79877019918123,OK,方法成功运行
genus.Anaerotruncus.id.2054,Weighted mode,12,-0.175149395535206,0.18786225705023,0.371178674291702,-0.543359419353657,0.193060628283245,0.839331619005772,0.580793841297926,1.21295633074986,OK,方法成功运行
genus.Bacteroides.id.918,Inverse variance weighted,8,-0.116131359199182,0.137596649852198,0.398670271753618,-0.38582079290949,0.153558074511127,0.890358258867594,0.679892356294571,1.16597549861301,OK,方法成功运行
genus.Bacteroides.id.918,Weighted median,8,-0.109747768155869,0.150879993847166,0.466990449933953,-0.405472556096314,0.185977019784577,0.896060121691795,0.666661701359724,1.20439458281265,OK,方法成功运行
genus.Bacteroides.id.918,MR Egger,8,-1.49532541090875,0.561551117264997,0.037381620310602,-2.59596560074814,-0.394685221069352,0.224175643660093,0.0745738327487947,0.673892132910778,OK,方法成功运行
genus.Bacteroides.id.918,Weighted mode,8,-0.401551243428637,0.307245576163186,0.232527615992132,-1.00375257270848,0.200650085851208,0.669281022566662,0.366501533786266,1.22219703295731,OK,方法成功运行
genus.Barnesiella.id.944,Inverse variance weighted,12,0.149937954383173,0.0819359633186374,0.0672588060284019,-0.0106565337213562,0.310532442487702,1.16176215824233,0.989400045974622,1.36415125288815,OK,方法成功运行
genus.Barnesiella.id.944,Weighted median,12,0.103782324437466,0.110895963523369,0.349348859019434,-0.113573764068339,0.32113841294327,1.10935894829837,0.892638349346438,1.37869639711393,OK,方法成功运行
genus.Barnesiella.id.944,MR Egger,12,-0.0140361496788387,0.274319741125733,0.960199995945167,-0.551702842285275,0.523630542927598,0.986061897797641,0.575968191854854,1.6881454219842,OK,方法成功运行
genus.Barnesiella.id.944,Weighted mode,12,-0.00820124830751945,0.189285711655736,0.966217085064409,-0.379201243152762,0.362798746537723,0.99183229018093,0.684407866409686,1.43734655915934,OK,方法成功运行
genus.Bifidobacterium.id.436,Inverse variance weighted,10,-0.0487975179017397,0.0858993756595099,0.569982223834759,-0.217160294194379,0.1195652583909,0.952373948852125,0.804800954044515,1.12700678831703,OK,方法成功运行
genus.Bifidobacterium.id.436,Weighted median,10,0.030749645747621,0.122234941395128,0.801379763898912,-0.20883083938683,0.270330130882072,1.031227299427,0.811532503368815,1.31039698184486,OK,方法成功运行
genus.Bifidobacterium.id.436,MR Egger,10,-0.0365274525836312,0.227873143297196,0.876620509234808,-0.483158813446134,0.410103908278872,0.96413162562893,0.616831854401875,1.50697436409026,OK,方法成功运行
genus.Bifidobacterium.id.436,Weighted mode,10,0.0625587515135999,0.15261610912194,0.691457753699839,-0.236568822365402,0.361686325392601,1.06455700141575,0.789331556767762,1.43574851346877,OK,方法成功运行
genus.Bilophila.id.3170,Inverse variance weighted,12,0.0594423393905359,0.131246104685487,0.650615381766261,-0.197800025793018,0.31668470457409,1.06124456720678,0.820533922352903,1.37256973873352,OK,方法成功运行
genus.Bilophila.id.3170,Weighted median,12,0.0632223413810814,0.121868939554527,0.603918899588439,-0.175640780145791,0.302085462907954,1.06526366509675,0.838919285680437,1.35267682546474,OK,方法成功运行
genus.Bilophila.id.3170,MR Egger,12,-0.564459198435476,0.584768539614068,0.357172731485182,-1.71060553607905,0.581687139208096,0.568667599942208,0.180756305006921,1.78905426956835,OK,方法成功运行
genus.Bilophila.id.3170,Weighted mode,12,0.0973361873833927,0.194774941096293,0.627105691057561,-0.284422697165341,0.479095071932127,1.10223086745107,0.752448519619338,1.6146126326045,OK,方法成功运行
genus.Blautia.id.1992,Inverse variance weighted,10,0.08375873059721,0.0907868380381954,0.356222621920035,-0.094183471957653,0.261700933152073,1.08736651388856,0.910115766200375,1.29913795523221,OK,方法成功运行
genus.Blautia.id.1992,Weighted median,10,0.03016051794623,0.119508372091222,0.800753857055664,-0.204075891352565,0.264396927245025,1.03061995367505,0.815400486993245,1.30264514904805,OK,方法成功运行
genus.Blautia.id.1992,MR Egger,10,0.0698219927257674,0.190961994289857,0.724117969831397,-0.304463516082352,0.444107501533887,1.07231728398733,0.737518935323863,1.55909808204862,OK,方法成功运行
genus.Blautia.id.1992,Weighted mode,10,0.0559089862066515,0.15993720366057,0.734702915049323,-0.257567932968065,0.369385905381368,1.05750143213976,0.772929117160919,1.44684584155058,OK,方法成功运行
genus.Butyricicoccus.id.2055,Inverse variance weighted,8,0.0468380330738626,0.117025394017218,0.688981081130014,-0.182531739199884,0.276207805347609,1.04795226172673,0.833158199734038,1.31812174831711,OK,方法成功运行
genus.Butyricicoccus.id.2055,Weighted median,8,0.157479863252053,0.114667093523201,0.169638659944885,-0.0672676400534204,0.382227366557527,1.17055718652935,0.934944939134721,1.46554526323615,OK,方法成功运行
genus.Butyricicoccus.id.2055,MR Egger,8,0.210903892822836,0.217827913171458,0.370329685173815,-0.21603881699322,0.637846602638893,1.23479367682391,0.805704026258746,1.89240139633442,OK,方法成功运行
genus.Butyricicoccus.id.2055,Weighted mode,8,0.159294356839572,0.121857594178754,0.232438171310105,-0.0795465277507848,0.398135241429929,1.17268308316776,0.923535048960343,1.4890453969191,OK,方法成功运行
genus.Butyricimonas.id.945,Inverse variance weighted,12,0.017196775617953,0.0818764711126092,0.833641776455161,-0.143281107762761,0.177674658998667,1.01734549141814,0.866510451841245,1.19443665879571,OK,方法成功运行
genus.Butyricimonas.id.945,Weighted median,12,-0.0613171087141692,0.103076541760928,0.551930590410731,-0.263347130565589,0.14071291313725,0.940524943826806,0.768475089812753,1.15109413653988,OK,方法成功运行
genus.Butyricimonas.id.945,MR Egger,12,-0.202857521125363,0.282085134396414,0.488521492851787,-0.755744384542334,0.350029342291608,0.816394552116551,0.469660876280297,1.41910918789797,OK,方法成功运行
genus.Butyricimonas.id.945,Weighted mode,12,-0.134515106852176,0.179267678733982,0.468785214237192,-0.485879757170781,0.21684954346643,0.874139673278,0.61515577093695,1.24215719741153,OK,方法成功运行
genus.Butyrivibrio.id.1993,Inverse variance weighted,13,-0.0887736433433223,0.0409552481193136,0.0301909048212628,-0.169045929657177,-0.0085013570294676,0.915052678398756,0.844470116272365,0.991534677320278,OK,方法成功运行
genus.Butyrivibrio.id.1993,Weighted median,13,-0.0254480901461039,0.0526672827571485,0.628963722685637,-0.128675964350115,0.0777797840579071,0.974872983166425,0.879258830596464,1.08088460443792,OK,方法成功运行
genus.Butyrivibrio.id.1993,MR Egger,13,-0.0441886780415761,0.208062907107641,0.835693832512138,-0.451991975972552,0.3636146198894,0.956773418306896,0.636359275868898,1.43851973042859,OK,方法成功运行
genus.Butyrivibrio.id.1993,Weighted mode,13,0.0030687477710355,0.0822954103157569,0.970867402741144,-0.158230256447848,0.164367751989919,1.00307346119768,0.85365320018367,1.17864768543317,OK,方法成功运行
genus.CandidatusSoleaferrea.id.11350,Inverse variance weighted,10,-0.0209952411860547,0.0600273401391034,0.726517836576528,-0.138648827858697,0.0966583454865879,0.979223624501412,0.870533681963784,1.10148398235276,OK,方法成功运行
genus.CandidatusSoleaferrea.id.11350,Weighted median,10,0.0313494145839332,0.0836754025081489,0.707917004084988,-0.132654374332039,0.195353203499905,1.03184598293935,0.875767727612294,1.21574031439923,OK,方法成功运行
genus.CandidatusSoleaferrea.id.11350,MR Egger,10,0.128599453479064,0.34548819044691,0.719392169687484,-0.548557399796881,0.805756306755008,1.1372345175965,0.577782718926704,2.23838876734734,OK,方法成功运行
genus.CandidatusSoleaferrea.id.11350,Weighted mode,10,0.0499348213927092,0.138069751884928,0.72594869258519,-0.220681892301749,0.320551535087167,1.05120257822306,0.801971753106174,1.37788750811092,OK,方法成功运行
genus.Catenibacterium.id.2153,Inverse variance weighted,4,0.00788994433713546,0.0961094834963795,0.934572523651319,-0.180484643315768,0.196264531990039,1.00792115196946,0.834865501364382,1.21684875818583,OK,方法成功运行
genus.Catenibacterium.id.2153,Weighted median,4,-0.0282657515191049,0.0848986247839001,0.73918310109191,-0.194667056095549,0.138135553057339,0.972129987449483,0.823108661451138,1.14813117241706,OK,方法成功运行
genus.Catenibacterium.id.2153,MR Egger,4,0.139279312302853,1.47639296106353,0.933441192196442,-2.75445089138166,3.03300951598737,1.14944510933108,0.0636439575211362,20.7596150652065,OK,方法成功运行
genus.Catenibacterium.id.2153,Weighted mode,4,-0.0727657800225675,0.141797856312975,0.643235106028269,-0.350689578395998,0.205158018350864,0.929818586611698,0.704202319543685,1.22771905177592,OK,方法成功运行
genus.ChristensenellaceaeR.7group.id.11283,Inverse variance weighted,9,0.0166326128578502,0.103671923134584,0.872538360884798,-0.186564356485934,0.219829582201635,1.01677170484745,0.829805156888976,1.24586439502775,OK,方法成功运行
genus.ChristensenellaceaeR.7group.id.11283,Weighted median,9,0.0454145310904281,0.144864370088352,0.753903174751299,-0.238519634282741,0.329348696463597,1.04646156086316,0.787793220350461,1.39006248096041,OK,方法成功运行
genus.ChristensenellaceaeR.7group.id.11283,MR Egger,9,0.627072542050383,0.318353097223016,0.0895256130886225,0.00310047149327142,1.25104461260749,1.87212199097327,1.0031052829263,3.49399091874113,OK,方法成功运行
genus.ChristensenellaceaeR.7group.id.11283,Weighted mode,9,0.0990962844752905,0.228644065215438,0.676167218681148,-0.349046083346969,0.54723865229755,1.10417260912112,0.705360624142584,1.72847350561333,OK,方法成功运行
genus.Clostridiumsensustricto1.id.1873,Inverse variance weighted,6,-0.0740565111290783,0.0981158884654181,0.450377321148885,-0.266363652521298,0.118250630263141,0.928619215038157,0.766160460651904,1.12552616693943,OK,方法成功运行
genus.Clostridiumsensustricto1.id.1873,Weighted median,6,0.0666664638865841,0.129113529718168,0.605617050418957,-0.186396054361024,0.319728982134193,1.06893888898771,0.829944826613167,1.37675458867924,OK,方法成功运行
genus.Clostridiumsensustricto1.id.1873,MR Egger,6,-0.110755825570199,0.236637105282714,0.664119538001528,-0.574564551924319,0.353052900783921,0.895157296768569,0.562949950915648,1.4234064407585,OK,方法成功运行
genus.Clostridiumsensustricto1.id.1873,Weighted mode,6,0.094496834148069,0.189232543030279,0.638712889086537,-0.276398950191278,0.465392618487415,1.09910568352163,0.75851026257615,1.59263936580986,OK,方法成功运行
genus.Collinsella.id.815,Inverse variance weighted,8,0.0325525091083564,0.101716644554041,0.748944609918878,-0.166812114217563,0.231917132434276,1.03308813825677,0.846358615150072,1.26101522723627,OK,方法成功运行
genus.Collinsella.id.815,Weighted median,8,-0.0199921770242003,0.127253723106191,0.875162215652556,-0.269409474312334,0.229425120263934,0.980206341407249,0.763830422666973,1.2578766742234,OK,方法成功运行
genus.Collinsella.id.815,MR Egger,8,0.101947528557456,0.356453248284563,0.78449193079402,-0.596700838080287,0.800595895195199,1.10732536724415,0.55062524459396,2.22686751285184,OK,方法成功运行
genus.Collinsella.id.815,Weighted mode,8,-0.0595495857804212,0.188883551780903,0.761746407626369,-0.429761347270992,0.310662175710149,0.942188813265298,0.650664359020404,1.36432824010641,OK,方法成功运行
genus.Coprobacter.id.949,Inverse variance weighted,11,0.0605585013214417,0.0783139939062305,0.43935777660237,-0.09293692673477,0.214053929377653,1.0624297492966,0.911250974057971,1.2386894547436,OK,方法成功运行
genus.Coprobacter.id.949,Weighted median,11,0.0553117524187517,0.0857872482586139,0.519086004403784,-0.112831254168132,0.223454759005635,1.05687004511533,0.893301388284158,1.25038907015195,OK,方法成功运行
genus.Coprobacter.id.949,MR Egger,11,0.403383405504698,0.256493744191307,0.150242440030232,-0.099344333110263,0.906111144119659,1.49688069395501,0.905430884508458,2.47468012221789,OK,方法成功运行
genus.Coprobacter.id.949,Weighted mode,11,-0.14894776321636,0.152861307091519,0.35283976444659,-0.448555925115737,0.150660398683017,0.861614121673899,0.638549599580828,1.16260176994115,OK,方法成功运行
genus.Coprococcus1.id.11301,Inverse variance weighted,12,0.0132181811703644,0.0788003313432387,0.866785694076319,-0.141230468262383,0.167666830603112,1.01330592751655,0.868289175538505,1.18254255801747,OK,方法成功运行
genus.Coprococcus1.id.11301,Weighted median,12,0.000936018112152069,0.108181827592639,0.993096575470926,-0.21110036396942,0.212972400193724,1.00093645631382,0.809692798819852,1.23735050013822,OK,方法成功运行
genus.Coprococcus1.id.11301,MR Egger,12,-0.329684890866763,0.186945070185515,0.108280973536325,-0.696097228430373,0.0367274466968476,0.719150308562503,0.498527149622504,1.03741023271684,OK,方法成功运行
genus.Coprococcus1.id.11301,Weighted mode,12,0.0289882044501618,0.143320670636847,0.843404774277634,-0.251920309998059,0.309896718898382,1.02941245191764,0.777306679171642,1.36328430535598,OK,方法成功运行
genus.Coprococcus2.id.11302,Inverse variance weighted,8,-0.131219365839533,0.0933903705744675,0.160002508375948,-0.314264492165489,0.0518257604864235,0.877025363882429,0.730325837149617,1.05319221882538,OK,方法成功运行
genus.Coprococcus2.id.11302,Weighted median,8,-0.23529896868137,0.119073295014939,0.0481451353153418,-0.46868262691065,-0.00191531045208979,0.790334529032282,0.625826172026875,0.998086522584509,OK,方法成功运行
genus.Coprococcus2.id.11302,MR Egger,8,1.18644683542228,0.724759626025913,0.152740864213095,-0.23408203158851,2.60697570243307,3.27542239198393,0.791296901891276,13.5579854037945,OK,方法成功运行
genus.Coprococcus2.id.11302,Weighted mode,8,-0.248319077773676,0.202505696621148,0.259756287930387,-0.645230243151127,0.148592087603775,0.78011098748491,0.524541756055234,1.16019963285935,OK,方法成功运行
genus.Coprococcus3.id.11303,Inverse variance weighted,8,-0.202250085196958,0.137760600442854,0.142069673234001,-0.472260862064952,0.067760691671036,0.816890610145742,0.623590820509413,1.07010919179207,OK,方法成功运行
genus.Coprococcus3.id.11303,Weighted median,8,-0.186258164289509,0.14622066078865,0.202728761771527,-0.472850659435263,0.100334330856246,0.830059275655175,0.62322313672345,1.10554047258828,OK,方法成功运行
genus.Coprococcus3.id.11303,MR Egger,8,-0.703072250535748,1.35584902219118,0.622637120645963,-3.36053633403045,1.95439183295896,0.495062010493279,0.0347166342382883,7.05962428706141,OK,方法成功运行
genus.Coprococcus3.id.11303,Weighted mode,8,-0.218068019130982,0.258308130619647,0.42645514523025,-0.72435195514549,0.288215916883526,0.804070747612959,0.484638534721149,1.33404531593606,OK,方法成功运行
genus.DefluviitaleaceaeUCG011.id.11287,Inverse variance weighted,9,0.0691682514855281,0.0717170147750456,0.334814938187011,-0.0713970974735613,0.209733600444617,1.07161649504844,0.931092084393228,1.23334945244248,OK,方法成功运行
genus.DefluviitaleaceaeUCG011.id.11287,Weighted median,9,-0.0196223115623805,0.0970263775311435,0.839731545161277,-0.209794011523422,0.170549388398661,0.980568952932998,0.810751234182386,1.18595622296619,OK,方法成功运行
genus.DefluviitaleaceaeUCG011.id.11287,MR Egger,9,-0.0706003227139076,0.257536143225217,0.791892397312389,-0.575371163435332,0.434170518007517,0.93183425069541,0.562496052089734,1.54368207126644,OK,方法成功运行
genus.DefluviitaleaceaeUCG011.id.11287,Weighted mode,9,-0.0267814885216191,0.157868188958007,0.869500991788236,-0.336203138879312,0.282640161836074,0.973573955367583,0.714477952822819,1.3266277046412,OK,方法成功运行
genus.Desulfovibrio.id.3173,Inverse variance weighted,8,0.0136274794329153,0.0804264812628978,0.865450402040355,-0.144008423842364,0.171263382708195,1.01372075676077,0.865880453988032,1.18680329132575,OK,方法成功运行
genus.Desulfovibrio.id.3173,Weighted median,8,-0.00958467513446998,0.103891915653482,0.926494473583909,-0.213212829815295,0.194043479546355,0.990461111464257,0.807984155797112,1.21414907245947,OK,方法成功运行
genus.Desulfovibrio.id.3173,MR Egger,8,-0.360438871512033,0.294421502886557,0.266751152087835,-0.937505017169683,0.216627274145618,0.697370202986163,0.39160366192985,1.24188113465619,OK,方法成功运行
genus.Desulfovibrio.id.3173,Weighted mode,8,-0.0246010345331663,0.151101579050662,0.875267515697335,-0.320760129472463,0.27155806040613,0.975699104634735,0.725597279519367,1.31200704530703,OK,方法成功运行
genus.Dialister.id.2183,Inverse variance weighted,10,-0.0735896786096113,0.092863187063443,0.428096790813269,-0.25560152525396,0.108422168034737,0.929052825889887,0.774450506284779,1.11451816002377,OK,方法成功运行
genus.Dialister.id.2183,Weighted median,10,-0.00932635234822875,0.116491676363809,0.936189339753307,-0.237650038021293,0.218997333324836,0.990717003188142,0.788478580339725,1.24482795713131,OK,方法成功运行
genus.Dialister.id.2183,MR Egger,10,0.240120406510652,0.36975790557876,0.534277047890347,-0.484605088423718,0.964845901445022,1.27140222621125,0.615940390731668,2.62438321165257,OK,方法成功运行
genus.Dialister.id.2183,Weighted mode,10,0.0907130137330105,0.194361646651858,0.651789849624771,-0.290235813704632,0.471661841170653,1.09495472319477,0.748087137577777,1.60265534002968,OK,方法成功运行
genus.Dorea.id.1997,Inverse variance weighted,9,-0.0859476818134909,0.101166771845261,0.395567344546975,-0.284234554630202,0.11233919100322,0.917642239342118,0.752590100509657,1.11889231449439,OK,方法成功运行
genus.Dorea.id.1997,Weighted median,9,-0.0628492251788951,0.134601882727251,0.640552256672792,-0.326668915324307,0.200970464966517,0.939085053396466,0.721322522329718,1.22258866209301,OK,方法成功运行
genus.Dorea.id.1997,MR Egger,9,-0.512869660611851,0.275014284194804,0.104459754277779,-1.05189765763367,0.0261583364099647,0.598774830464892,0.349274316753076,1.0265034684807,OK,方法成功运行
genus.Dorea.id.1997,Weighted mode,9,0.0108123270957199,0.198129599590417,0.957817680619119,-0.377521688101498,0.399146342292937,1.01087099154677,0.68555833296435,1.49055173340571,OK,方法成功运行
genus.Eggerthella.id.819,Inverse variance weighted,8,0.00308177578799362,0.0610340282214038,0.959729728533085,-0.116544919525958,0.122708471101945,1.00308652934087,0.889990118144555,1.13055478351018,OK,方法成功运行
genus.Eggerthella.id.819,Weighted median,8,-0.00842145870506156,0.075193960975458,0.910826200111533,-0.155801622216959,0.138958704806836,0.991613902444522,0.855728931142307,1.14907664768171,OK,方法成功运行
genus.Eggerthella.id.819,MR Egger,8,-0.0565700625653486,0.338834961452484,0.872890326607513,-0.720686587012217,0.60754646188152,0.945000273032318,0.486418172884537,1.83592136522238,OK,方法成功运行
genus.Eggerthella.id.819,Weighted mode,8,-0.00840632333200708,0.109854135517684,0.941144548200652,-0.223720428946667,0.206907782282653,0.991628911004441,0.799538630983562,1.2298691508254,OK,方法成功运行
genus.Eisenbergiella.id.11304,Inverse variance weighted,11,-0.00311152565324716,0.0605472477020403,0.959014718953319,-0.121784131149246,0.115561079842752,0.996893310125848,0.885339465088841,1.12250307476573,OK,方法成功运行
genus.Eisenbergiella.id.11304,Weighted median,11,-0.0585286785007957,0.0818070815255996,0.474332521025257,-0.218870558290971,0.10181320128938,0.943151191849607,0.803425708219905,1.10717663324243,OK,方法成功运行
genus.Eisenbergiella.id.11304,MR Egger,11,0.356139850961094,0.462544109235358,0.461055205036351,-0.550446603140208,1.2627263050624,1.42780721451297,0.576692200312443,3.53504597549747,OK,方法成功运行
genus.Eisenbergiella.id.11304,Weighted mode,11,-0.107639817786711,0.109680487474555,0.34954500102326,-0.322613573236838,0.107333937663417,0.897950964156983,0.724253671301967,1.11330596720479,OK,方法成功运行
genus.Enterorhabdus.id.820,Inverse variance weighted,5,0.0091371911052783,0.138028400449559,0.947220263733969,-0.261398473775857,0.279672855986414,1.00917906266825,0.76997404401357,1.32269702913521,OK,方法成功运行
genus.Enterorhabdus.id.820,Weighted median,5,-0.0696459882758792,0.115777046067874,0.547471958817993,-0.296568998568913,0.157277022017154,0.93272395668239,0.743364334419303,1.17031977334352,OK,方法成功运行
genus.Enterorhabdus.id.820,MR Egger,5,-0.523624618133546,0.316047990150003,0.196140282906808,-1.14307867882755,0.0958294425604594,0.592369538659902,0.318835915875424,1.10057133735602,OK,方法成功运行
genus.Enterorhabdus.id.820,Weighted mode,5,-0.0653589245765941,0.118585645080126,0.610865696880567,-0.297786788933641,0.167068939780453,0.936731187187375,0.742459623481304,1.18183573799628,OK,方法成功运行
genus.Erysipelatoclostridium.id.11381,Inverse variance weighted,15,-0.0335264645666281,0.0705646544492095,0.634703605973898,-0.171833187287079,0.104780258153822,0.967029318880918,0.84211963771391,1.1104665675698,OK,方法成功运行
genus.Erysipelatoclostridium.id.11381,Weighted median,15,0.0832979495836616,0.0878520859072138,0.343047336037619,-0.0888921387944775,0.255488037961801,1.08686559146082,0.914944255242751,1.29109156883888,OK,方法成功运行
genus.Erysipelatoclostridium.id.11381,MR Egger,15,0.253257688667879,0.273635050781455,0.371552589729762,-0.283067010863774,0.789582388199531,1.28821519252424,0.753469295539648,2.20247645401622,OK,方法成功运行
genus.Erysipelatoclostridium.id.11381,Weighted mode,15,0.157864341052976,0.146532064208758,0.299544193921058,-0.129338504796189,0.445067186902141,1.17100732631111,0.878676478995673,1.56059504385691,OK,方法成功运行
genus.ErysipelotrichaceaeUCG003.id.11384,Inverse variance weighted,15,-0.0664284691612486,0.0699752501828388,0.342461047779321,-0.203579959519613,0.0707230211971155,0.935729847003283,0.815804970341143,1.07328390780292,OK,方法成功运行
genus.ErysipelotrichaceaeUCG003.id.11384,Weighted median,15,-0.0564103862270564,0.0898063091973771,0.529916234580414,-0.232430752253915,0.119609979799803,0.945151179263357,0.792604633530861,1.12705719077547,OK,方法成功运行
genus.ErysipelotrichaceaeUCG003.id.11384,MR Egger,15,-0.0610591977552686,0.194936382341952,0.759077448013747,-0.443134507145494,0.321016111634957,0.940767546800576,0.642020844888565,1.37852779105138,OK,方法成功运行
genus.ErysipelotrichaceaeUCG003.id.11384,Weighted mode,15,-0.0275296874500558,0.15085047289542,0.857809349404715,-0.323196614325079,0.268137239424968,0.97284580081362,0.723831524729645,1.30752657189695,OK,方法成功运行
genus.Escherichia.Shigella.id.3504,Inverse variance weighted,10,0.00848265032067117,0.0793574623049139,0.914874935222068,-0.14705797579696,0.164023276438302,1.00851872994369,0.863243928710789,1.17824174004471,OK,方法成功运行
genus.Escherichia.Shigella.id.3504,Weighted median,10,0.0921241158781868,0.107865866420876,0.393070749052785,-0.119292982306729,0.303541214063103,1.09650090680849,0.887547726884933,1.35464742031581,OK,方法成功运行
genus.Escherichia.Shigella.id.3504,MR Egger,10,0.152746315111912,0.219525067005347,0.506258668215945,-0.27752281621857,0.583015446442392,1.16502939110054,0.757658277508901,1.7914322623,OK,方法成功运行
genus.Escherichia.Shigella.id.3504,Weighted mode,10,0.131485570962037,0.181092005789487,0.486247507104203,-0.223454760385357,0.486425902309431,1.14052145097633,0.799751071479498,1.62649257565953,OK,方法成功运行
genus.Faecalibacterium.id.2057,Inverse variance weighted,9,-0.210471475388647,0.0830876667603212,0.0113050515963449,-0.373323302238877,-0.0476196485384175,0.810202165525628,0.688442621819601,0.95349638185886,OK,方法成功运行
genus.Faecalibacterium.id.2057,Weighted median,9,-0.162588729388386,0.110761207846208,0.142125618393926,-0.379680696766955,0.054503237990182,0.849940672163543,0.684079803236376,1.05601589577729,OK,方法成功运行
genus.Faecalibacterium.id.2057,MR Egger,9,-0.128223682497044,0.162761385358915,0.456655637437545,-0.447235997800517,0.19078863280643,0.879656593353353,0.6393929951274,1.21020362770138,OK,方法成功运行
genus.Faecalibacterium.id.2057,Weighted mode,9,-0.13191381888212,0.164849378849335,0.446699475644766,-0.455018601426817,0.191190963662577,0.87641652238044,0.634436166420546,1.21069062792406,OK,方法成功运行
genus.FamilyXIIIAD3011group.id.11293,Inverse variance weighted,10,-0.0140160934104988,0.0907131458118753,0.87720758140289,-0.191813859201774,0.163781672380777,0.986081674717988,0.825460506069632,1.17795710644527,OK,方法成功运行
genus.FamilyXIIIAD3011group.id.11293,Weighted median,10,-0.026932417444407,0.11594680981695,0.816318586369106,-0.25418816468563,0.200323329796816,0.97342702598747,0.775545857973589,1.22179773791672,OK,方法成功运行
genus.FamilyXIIIAD3011group.id.11293,MR Egger,10,0.236396607037109,0.453490700774583,0.616288893143419,-0.652445166481074,1.12523838055529,1.26667658340446,0.520770847268741,3.08095120024495,OK,方法成功运行
genus.FamilyXIIIAD3011group.id.11293,Weighted mode,10,0.0165850790090294,0.1920506456239,0.933072706312402,-0.359834186413814,0.393004344431873,1.01672337492361,0.697792019876191,1.48142482526451,OK,方法成功运行
genus.FamilyXIIIUCG001.id.11294,Inverse variance weighted,7,0.00109984184303386,0.100395811074636,0.991259303909931,-0.195675947863252,0.19787563154932,1.00110044689087,0.822278652663595,1.21881080278405,OK,方法成功运行
genus.FamilyXIIIUCG001.id.11294,Weighted median,7,0.115999443436542,0.123119114994339,0.346104334746523,-0.125314021952362,0.357312908825446,1.12299524711496,0.882219822691154,1.42948309775656,OK,方法成功运行
genus.FamilyXIIIUCG001.id.11294,MR Egger,7,0.111480058775406,0.280422986963776,0.707371608156612,-0.438148995673595,0.661109113224408,1.11793145086111,0.645229639270256,1.9369394286318,OK,方法成功运行
genus.FamilyXIIIUCG001.id.11294,Weighted mode,7,0.176090407372855,0.191004459645832,0.392133834867403,-0.198278333532975,0.550459148278686,1.19254586871618,0.820141548472157,1.73404902073477,OK,方法成功运行
genus.Flavonifractor.id.2059,Inverse variance weighted,4,-0.270367558373701,0.116475647247458,0.020274067221789,-0.498659826978717,-0.0420752897686839,0.763098959371045,0.607344060666625,0.958797590206139,OK,方法成功运行
genus.Flavonifractor.id.2059,Weighted median,4,-0.285045234452457,0.143767287498758,0.0474026338707012,-0.566829117950024,-0.00326135095489089,0.751980238135706,0.56732149920505,0.996743961473334,OK,方法成功运行
genus.Flavonifractor.id.2059,MR Egger,4,-0.786080373557495,0.612172923728119,0.327776317078978,-1.98593930406461,0.413778556949619,0.455627188218001,0.137251632533662,1.51252215227769,OK,方法成功运行
genus.Flavonifractor.id.2059,Weighted mode,4,-0.355633583933291,0.214463994748124,0.195848772442787,-0.775983013639614,0.064715845773033,0.700729331686325,0.460251125418178,1.06685582971563,OK,方法成功运行
genus.Fusicatenibacter.id.11305,Inverse variance weighted,17,0.101795933112539,0.0766650366460892,0.184243766911354,-0.0484675387137958,0.252059404938874,1.10715751448561,0.95268826429031,1.286672469714,OK,方法成功运行
genus.Fusicatenibacter.id.11305,Weighted median,17,0.0549191687086898,0.11025582228184,0.618408806998952,-0.161182242963717,0.271020580381097,1.05645521658475,0.851136943253033,1.31130205720296,OK,方法成功运行
genus.Fusicatenibacter.id.11305,MR Egger,17,0.283559378856322,0.367844388336485,0.452757413147354,-0.437415622283188,1.00453437999583,1.32784772405224,0.645703007074859,2.73063553824567,OK,方法成功运行
genus.Fusicatenibacter.id.11305,Weighted mode,17,-0.0892725171298877,0.210108535966947,0.676577412882865,-0.501085247625104,0.322540213365329,0.914596296452137,0.60587278079996,1.38063040953831,OK,方法成功运行
genus.Gordonibacter.id.821,Inverse variance weighted,10,-0.0866297629317215,0.0464392691341515,0.0621194753647504,-0.177650730434658,0.0043912045712155,0.917016546308331,0.83723479306016,1.00440086003788,OK,方法成功运行
genus.Gordonibacter.id.821,Weighted median,10,-0.0513683905737193,0.0625797660525012,0.411733629477556,-0.174024732036622,0.071287950889183,0.949928661301805,0.840276115661777,1.07389040904961,OK,方法成功运行
genus.Gordonibacter.id.821,MR Egger,10,0.0197194716758276,0.198722884132974,0.923396339558103,-0.369777381224801,0.409216324576456,1.01991518479372,0.690888118185392,1.50563739162999,OK,方法成功运行
genus.Gordonibacter.id.821,Weighted mode,10,-0.0547844028301964,0.0916780129373404,0.564854712449591,-0.234473308187384,0.124904502526991,0.946689229471552,0.790987346495645,1.13304024541987,OK,方法成功运行
genus.Haemophilus.id.3698,Inverse variance weighted,9,-0.0418936862580492,0.0638450322388323,0.511709796893065,-0.167029949446161,0.0832425769300621,0.958971727025959,0.846174268506991,1.08680541049512,OK,方法成功运行
genus.Haemophilus.id.3698,Weighted median,9,-0.0933236088996303,0.086891273098214,0.282810397240454,-0.26363050417213,0.0769832863728692,0.910898677676344,0.768257355106607,1.0800240251229,OK,方法成功运行
genus.Haemophilus.id.3698,MR Egger,9,-0.00122834477528828,0.1447910163782,0.99346788542289,-0.28501873687656,0.282562047325983,0.998772409331356,0.752000164053133,1.32652407981533,OK,方法成功运行
genus.Haemophilus.id.3698,Weighted mode,9,-0.116598468353596,0.114172145365584,0.337022151378443,-0.340375873270142,0.10717893656295,0.889942461493109,0.711502837597214,1.1131334169278,OK,方法成功运行
genus.Holdemanella.id.11393,Inverse variance weighted,9,-0.0363400058022453,0.0704722998807068,0.606089322752596,-0.174465713568431,0.10178570196394,0.964312365938052,0.839905651103168,1.10714618705051,OK,方法成功运行
genus.Holdemanella.id.11393,Weighted median,9,-0.0921394259484955,0.0927731777410003,0.320627698454602,-0.273974854320856,0.0896960024238651,0.911977987284553,0.760351194567672,1.09384170792877,OK,方法成功运行
genus.Holdemanella.id.11393,MR Egger,9,0.132815765049917,0.292209719528794,0.663212501435019,-0.43991528522652,0.705546815326354,1.1420395753437,0.644090982793725,2.02495365793518,OK,方法成功运行
genus.Holdemanella.id.11393,Weighted mode,9,-0.198967006684782,0.17572830232186,0.290325836493244,-0.543394479235627,0.145460465866063,0.819576933446962,0.580773479091351,1.15657200960561,OK,方法成功运行
genus.Holdemania.id.2157,Inverse variance weighted,14,-0.081048682688568,0.0574481028790687,0.158298978250179,-0.193646964331543,0.0315495989544066,0.922148797669112,0.823948736221396,1.03205256305423,OK,方法成功运行
genus.Holdemania.id.2157,Weighted median,14,-0.0489469010650268,0.0735414314445271,0.505686590995791,-0.1930881066963,0.0951943045662462,0.952231690844753,0.824409334956254,1.09987254462272,OK,方法成功运行
genus.Holdemania.id.2157,MR Egger,14,-0.167204933648964,0.162179839119966,0.322880445051584,-0.485077418324098,0.150667551026169,0.846026214331132,0.615649532364233,1.16261008529769,OK,方法成功运行
genus.Holdemania.id.2157,Weighted mode,14,-0.0460591638553107,0.11215001446387,0.687986910321367,-0.265873192204496,0.173754864493874,0.954985459897711,0.76653632411968,1.18976387670006,OK,方法成功运行
genus.Howardella.id.2000,Inverse variance weighted,10,-0.0580196130274857,0.0478419174844935,0.225230792226382,-0.151789771297093,0.0357505452421215,0.943631439785939,0.859168883716496,1.03639728000939,OK,方法成功运行
genus.Howardella.id.2000,Weighted median,10,-0.0652623796731608,0.0642208810860612,0.309525851032757,-0.191135306601841,0.0606105472555191,0.936821628175123,0.826020814520047,1.06248504588426,OK,方法成功运行
genus.Howardella.id.2000,MR Egger,10,-0.305059499882724,0.211562021985292,0.187297358502211,-0.719721062973897,0.109602063208448,0.737079516942068,0.486888048124549,1.11583395071669,OK,方法成功运行
genus.Howardella.id.2000,Weighted mode,10,-0.0991753525820108,0.101692472545785,0.354920010060122,-0.29849259877175,0.100141893607728,0.905583897625373,0.741935773065788,1.10532774589054,OK,方法成功运行
genus.Hungatella.id.11306,Inverse variance weighted,4,0.0494000595222159,0.0894794332215197,0.58089159891687,-0.125979629591963,0.224779748636394,1.05064058544561,0.881632805820493,1.25204692077922,OK,方法成功运行
genus.Hungatella.id.11306,Weighted median,4,0.0253083971300003,0.0922847849272045,0.783898377580126,-0.155569781327321,0.206186575587321,1.0256313735282,0.85592734709857,1.22898248073408,OK,方法成功运行
genus.Hungatella.id.11306,MR Egger,4,0.518475104899332,0.508121319399423,0.414886314925661,-0.477442681123538,1.5143928909222,1.67946468859672,0.620367843364878,4.54665997022724,OK,方法成功运行
genus.Hungatella.id.11306,Weighted mode,4,-0.0625927890081716,0.14673547864362,0.69845216979458,-0.350194327149666,0.225008749133323,0.939325899651068,0.704551162995555,1.2523336729782,OK,方法成功运行
genus.Intestinibacter.id.11345,Inverse variance weighted,15,0.0274235435340793,0.0871504106736987,0.753012888344386,-0.14339126138637,0.198238348454529,1.02780302991579,0.866415007831927,1.21925296625171,OK,方法成功运行
genus.Intestinibacter.id.11345,Weighted median,15,-0.00226361692931097,0.0928243132815039,0.980544687669636,-0.184199270961059,0.179672037102437,0.997738943119469,0.831770039696042,1.1968247846255,OK,方法成功运行
genus.Intestinibacter.id.11345,MR Egger,15,0.0655491559986981,0.295949952035023,0.828154169592563,-0.514512749989946,0.645611061987342,1.06774522210626,0.59779179772757,1.90715206141105,OK,方法成功运行
genus.Intestinibacter.id.11345,Weighted mode,15,0.00280188550436833,0.146067961857531,0.984966564519414,-0.283491319736392,0.289095090745129,1.00280581445419,0.753149659649273,1.3352186894321,OK,方法成功运行
genus.Intestinimonas.id.2062,Inverse variance weighted,15,0.00708037444908305,0.0624216671574059,0.90969112041139,-0.115266093179433,0.129426842077599,1.00710549956365,0.89112898900961,1.13817584183699,OK,方法成功运行
genus.Intestinimonas.id.2062,Weighted median,15,-0.0281239278817171,0.0882750994210308,0.750034310573329,-0.201143122746938,0.144895266983503,0.972267868237463,0.81779537805661,1.15591850109672,OK,方法成功运行
genus.Intestinimonas.id.2062,MR Egger,15,0.153251285009807,0.161613664911412,0.360293921556287,-0.163511498216561,0.470014068236176,1.16561784443631,0.849156735157416,1.60001670247188,OK,方法成功运行
genus.Intestinimonas.id.2062,Weighted mode,15,-0.0441026243341869,0.161380489430187,0.788625419014435,-0.360408383617354,0.27220313494898,0.956855755749343,0.697391464659574,1.31285366068765,OK,方法成功运行
genus.Lachnoclostridium.id.11308,Inverse variance weighted,10,0.0456555240456782,0.101009063217166,0.651273065759744,-0.152322239859968,0.243633287951324,1.0467137811177,0.858711525071073,1.27587636545466,OK,方法成功运行
genus.Lachnoclostridium.id.11308,Weighted median,10,0.0809298443613452,0.131682649643367,0.538830512834553,-0.177168148939655,0.339027837662345,1.08429482450245,0.837638924583619,1.40358241712229,OK,方法成功运行
genus.Lachnoclostridium.id.11308,MR Egger,10,-0.133883429182345,0.341138609056265,0.704967231269633,-0.802515102932625,0.534748244567935,0.874692022224804,0.448200275500864,1.70701843698943,OK,方法成功运行
genus.Lachnoclostridium.id.11308,Weighted mode,10,0.186978550140799,0.20366493297128,0.382526779792963,-0.21220471848291,0.586161818764508,1.20560142479176,0.808799104491447,1.79707765177836,OK,方法成功运行
genus.Lachnospira.id.2004,Inverse variance weighted,6,-0.115900410364295,0.12612933713831,0.358147206128108,-0.363113911155382,0.131313090426792,0.890563909816621,0.695507202957494,1.14032475019002,OK,方法成功运行
genus.Lachnospira.id.2004,Weighted median,6,-0.0908161225578363,0.153481560110834,0.554046768718564,-0.391639980375071,0.210007735259399,0.913185609696524,0.675947424497953,1.23368760281346,OK,方法成功运行
genus.Lachnospira.id.2004,MR Egger,6,-0.573025043142328,0.746599642218449,0.485574564888355,-2.03636034189049,0.890310255605831,0.563817284771643,0.130502833228677,2.43588528112825,OK,方法成功运行
genus.Lachnospira.id.2004,Weighted mode,6,-0.069747913136298,0.223508467431842,0.767589244825257,-0.507824509302708,0.368328683030112,0.932628893768015,0.601803373389416,1.44531701208681,OK,方法成功运行
genus.LachnospiraceaeFCS020group.id.11314,Inverse variance weighted,12,0.0937934152328382,0.0759001502342315,0.216552463040998,-0.0549708792262555,0.242557709691932,1.098332823648,0.946512710734653,1.27450479832042,OK,方法成功运行
genus.LachnospiraceaeFCS020group.id.11314,Weighted median,12,0.170702280698674,0.105716661606852,0.106372424699859,-0.0365023760507562,0.377906937448104,1.18613756040303,0.964155803010478,1.4592271371555,OK,方法成功运行
genus.LachnospiraceaeFCS020group.id.11314,MR Egger,12,0.102057017905816,0.200615991423409,0.621984414408954,-0.291150325284066,0.495264361095698,1.10744661421454,0.74740331595709,1.64093198029864,OK,方法成功运行
genus.LachnospiraceaeFCS020group.id.11314,Weighted mode,12,0.175554293632493,0.151447330896975,0.27092853871936,-0.121282474925579,0.472391062190564,1.19190669983887,0.885783712561999,1.60382445621154,OK,方法成功运行
genus.LachnospiraceaeNC2004group.id.11316,Inverse variance weighted,9,-0.0699092552197834,0.0747789862220934,0.349850995877608,-0.216476068215087,0.0766575577755198,0.932478433617279,0.805351808198302,1.07967228770067,OK,方法成功运行
genus.LachnospiraceaeNC2004group.id.11316,Weighted median,9,-0.0713910343513712,0.0898832156558978,0.427041550222075,-0.247562137036931,0.104780068334189,0.93109772973542,0.780701708812833,1.11046635678147,OK,方法成功运行
genus.LachnospiraceaeNC2004group.id.11316,MR Egger,9,-0.285105233244549,0.316877538158195,0.398156121050232,-0.906185208034612,0.335974741545513,0.751935121583224,0.404062702831889,1.39930368011624,OK,方法成功运行
genus.LachnospiraceaeNC2004group.id.11316,Weighted mode,9,-0.148129569284742,0.150833311892114,0.35482663426479,-0.443762860593285,0.147503722023801,0.862319377598363,0.641617555594504,1.15893759841505,OK,方法成功运行
genus.LachnospiraceaeND3007group.id.11317,Inverse variance weighted,3,-0.124594009073454,0.289179031049028,0.666574364437631,-0.691384909929549,0.44219689178264,0.882855261059972,0.500881912170918,1.55612209792735,OK,方法成功运行
genus.LachnospiraceaeND3007group.id.11317,Weighted median,3,0.0144586939182127,0.247318075037604,0.953380679855321,-0.470284733155492,0.499202120991917,1.0145637264336,0.624824334747654,1.64740631526549,OK,方法成功运行
genus.LachnospiraceaeND3007group.id.11317,MR Egger,3,-6.6472701765486,2.83364320037615,0.25653232339323,-12.2012108492859,-1.09332950381134,0.00129755938323125,5.0243681697604e-06,0.335098921123001,OK,方法成功运行
genus.LachnospiraceaeND3007group.id.11317,Weighted mode,3,0.11425058885926,0.316143612706411,0.752415801160433,-0.505390892045306,0.733892069763826,1.12103300807227,0.603269715999099,2.08317270345034,OK,方法成功运行
genus.LachnospiraceaeNK4A136group.id.11319,Inverse variance weighted,13,-0.0275100150136332,0.0732184929184713,0.707121382987511,-0.171018261133837,0.11599823110657,0.972864939249035,0.842806182734593,1.12299388567499,OK,方法成功运行
genus.LachnospiraceaeNK4A136group.id.11319,Weighted median,13,-0.0236193686531827,0.101564214560467,0.816106188486001,-0.222685229191698,0.175446491885332,0.976657385433712,0.800366741734515,1.19177821713963,OK,方法成功运行
genus.LachnospiraceaeNK4A136group.id.11319,MR Egger,13,-0.022199360486828,0.151136198848317,0.885881713852798,-0.31842631022953,0.274027589255874,0.978045232040309,0.727292670010881,1.31525108853699,OK,方法成功运行
genus.LachnospiraceaeNK4A136group.id.11319,Weighted mode,13,-0.0161612929543753,0.118182317429235,0.893496827946138,-0.247798635115675,0.215476049206925,0.983968600052905,0.780517096189752,1.24045227275162,OK,方法成功运行
genus.LachnospiraceaeUCG001.id.11321,Inverse variance weighted,13,0.151315649455651,0.0685241751197858,0.0272297589239689,0.0170082662208707,0.285623032690431,1.16336381528731,1.01715373030788,1.33059077147578,OK,方法成功运行
genus.LachnospiraceaeUCG001.id.11321,Weighted median,13,0.130728903098139,0.0924577197775647,0.15738195031483,-0.050488227665888,0.311946033862166,1.1396587814646,0.950765121331115,1.36608096892633,OK,方法成功运行
genus.LachnospiraceaeUCG001.id.11321,MR Egger,13,0.183729191133977,0.297028153530411,0.548801878145212,-0.398445989785628,0.765904372053583,1.20169035062671,0.671362540047451,2.15093874419518,OK,方法成功运行
genus.LachnospiraceaeUCG001.id.11321,Weighted mode,13,0.0782397363474107,0.165452309409772,0.644781132807299,-0.246046790095742,0.402526262790564,1.08138187413782,0.781885639565633,1.49559820329155,OK,方法成功运行
genus.LachnospiraceaeUCG004.id.11324,Inverse variance weighted,12,-0.0264425600535327,0.115024933202773,0.818180772498341,-0.251891429130968,0.199006309023902,0.973903983221603,0.777329128786713,1.22018966408134,OK,方法成功运行
genus.LachnospiraceaeUCG004.id.11324,Weighted median,12,0.0331138950148063,0.112436439482733,0.768366597636309,-0.187261526371351,0.253489316400964,1.03366826219918,0.829226843337649,1.28851361344896,OK,方法成功运行
genus.LachnospiraceaeUCG004.id.11324,MR Egger,12,-0.283688315820195,0.451434102629112,0.543816731750552,-1.16849915697325,0.601122525332866,0.753001306728757,0.310833103055348,1.82416532332546,OK,方法成功运行
genus.LachnospiraceaeUCG004.id.11324,Weighted mode,12,0.0473313794258503,0.179434635877934,0.79682520768072,-0.304360506894901,0.399023265746601,1.04846939270396,0.737594910463122,1.49036829273508,OK,方法成功运行
genus.LachnospiraceaeUCG008.id.11328,Inverse variance weighted,9,0.0137200791424017,0.0637691117178607,0.829648480183627,-0.111267379824605,0.138707538109409,1.01381463135466,0.894699492350926,1.14878807413657,OK,方法成功运行
genus.LachnospiraceaeUCG008.id.11328,Weighted median,9,-0.00819342734981069,0.0843063016328161,0.922578354986902,-0.17343377855013,0.157046923850509,0.99184004728966,0.840772826513993,1.17005051588829,OK,方法成功运行
genus.LachnospiraceaeUCG008.id.11328,MR Egger,9,-0.273785091501767,0.430222634773232,0.544767566169669,-1.1170214556573,0.569451272653768,0.760495494644813,0.327253082230037,1.76729702111259,OK,方法成功运行
genus.LachnospiraceaeUCG008.id.11328,Weighted mode,9,-0.00297297261822915,0.134552722777049,0.982913160696759,-0.266696309261245,0.260750364024787,0.997031442288649,0.765905634597939,1.29790362155257,OK,方法成功运行
genus.LachnospiraceaeUCG010.id.11330,Inverse variance weighted,8,-0.0396781143512238,0.0895395283845188,0.657667965903908,-0.215175589984881,0.135819361282433,0.961098753263498,0.806399832010892,1.14547495777774,OK,方法成功运行
genus.LachnospiraceaeUCG010.id.11330,Weighted median,8,-0.066300424627342,0.114356068641765,0.562068511775682,-0.290438319165201,0.157837469910517,0.935849669766566,0.747935661185352,1.17097586042919,OK,方法成功运行
genus.LachnospiraceaeUCG010.id.11330,MR Egger,8,-0.262740382023656,0.221417259609991,0.280223991495018,-0.696718210859239,0.171237446811927,0.768941502436289,0.498217669123197,1.18677251091786,OK,方法成功运行
genus.LachnospiraceaeUCG010.id.11330,Weighted mode,8,-0.110595277128402,0.151246755449098,0.488391133134627,-0.407038917808635,0.18584836355183,0.895301024415044,0.665618285392388,1.20423963991028,OK,方法成功运行
genus.Lactobacillus.id.1837,Inverse variance weighted,8,-0.00878961237217033,0.122608550630804,0.942849877800678,-0.249102371608546,0.231523146864205,0.991248903341983,0.779500170613674,1.26051850329056,OK,方法成功运行
genus.Lactobacillus.id.1837,Weighted median,8,-0.0772493393281153,0.0971832304595301,0.426681315255258,-0.267728471028794,0.113229792372564,0.925659021631429,0.76511550392584,1.11988924538994,OK,方法成功运行
genus.Lactobacillus.id.1837,MR Egger,8,-0.410917505212361,0.404632987237981,0.349040003865658,-1.2039981601988,0.382163149774082,0.663041626822861,0.299992393334577,1.46545115365509,OK,方法成功运行
genus.Lactobacillus.id.1837,Weighted mode,8,-0.151238263333558,0.134390680281659,0.297535611834282,-0.41464399668561,0.112167470018495,0.859642852884759,0.660575405883727,1.1187001937004,OK,方法成功运行
genus.Lactococcus.id.1851,Inverse variance weighted,6,-0.0608237971164364,0.0627493284101903,0.332388589172764,-0.183812480800409,0.0621648865675366,0.940989030149724,0.832091822390497,1.06413779229112,OK,方法成功运行
genus.Lactococcus.id.1851,Weighted median,6,-0.0408292430878794,0.0795879253834469,0.607945718802604,-0.196821576839435,0.115163090663677,0.959993041400301,0.821337165812887,1.12205641957636,OK,方法成功运行
genus.Lactococcus.id.1851,MR Egger,6,-0.55571553843542,0.288487863481982,0.126351348258656,-1.12115175086011,0.00972067398926479,0.573661637354932,0.325904217915863,1.00976807320027,OK,方法成功运行
genus.Lactococcus.id.1851,Weighted mode,6,0.0213038930088862,0.139964290532672,0.88497300937539,-0.25302611643515,0.295633902452923,1.02153244103974,0.776447603515456,1.34397803969245,OK,方法成功运行
genus.Marvinbryantia.id.2005,Inverse variance weighted,9,-0.0725232431941585,0.0892341792888608,0.416373206969473,-0.247422234600326,0.102375748212009,0.930044129212779,0.780810938524731,1.10779964727115,OK,方法成功运行
genus.Marvinbryantia.id.2005,Weighted median,9,-0.0796337332256094,0.122139165956704,0.514406469856682,-0.31902649850075,0.159759032049531,0.923454515159426,0.726856288449243,1.17322812654992,OK,方法成功运行
genus.Marvinbryantia.id.2005,MR Egger,9,0.116523858891516,0.366998145975847,0.760121323532217,-0.602792507221144,0.835840225004175,1.12358431762375,0.547281213489805,2.30675142448234,OK,方法成功运行
genus.Marvinbryantia.id.2005,Weighted mode,9,-0.10814151956624,0.178074403696839,0.560500574040755,-0.457167350812045,0.240884311679564,0.897500573550666,0.633074385684702,1.27237382800218,OK,方法成功运行
genus.Methanobrevibacter.id.123,Inverse variance weighted,6,-0.143114449917951,0.0651161255053473,0.0279609207857775,-0.270742055908432,-0.01548684392747,0.866654874639916,0.76281323419703,0.984632460562589,OK,方法成功运行
genus.Methanobrevibacter.id.123,Weighted median,6,-0.151713073511182,0.0769308772115011,0.0486016183444538,-0.302497592845724,-0.000928554176639534,0.859234782594717,0.738970267072242,0.999071876796386,OK,方法成功运行
genus.Methanobrevibacter.id.123,MR Egger,6,-0.393269277870657,0.230763749529314,0.163546692632243,-0.845566226948114,0.0590276712067988,0.674847001753514,0.429314200106592,1.06080459407733,OK,方法成功运行
genus.Methanobrevibacter.id.123,Weighted mode,6,-0.164206996551619,0.116019805562593,0.216126909147479,-0.391605815454302,0.063191822351063,0.848566353390476,0.675970518582657,1.06523115477907,OK,方法成功运行
genus.Odoribacter.id.952,Inverse variance weighted,7,0.198718333468706,0.120303221536143,0.0985728333503484,-0.0370759807421344,0.434512647679546,1.21983832987565,0.963602917302728,1.54421030106359,OK,方法成功运行
genus.Odoribacter.id.952,Weighted median,7,0.0398951701142366,0.145304537504027,0.783652416894751,-0.244901723393657,0.32469206362213,1.04070167183652,0.782781463567574,1.38360451821026,OK,方法成功运行
genus.Odoribacter.id.952,MR Egger,7,-0.113237991969508,0.396436153050738,0.786609131124232,-0.890252851948955,0.663776868009939,0.892938122723446,0.410551930771261,1.9421136067123,OK,方法成功运行
genus.Odoribacter.id.952,Weighted mode,7,-0.00267313692208382,0.208064010903923,0.990165869965454,-0.410478598293772,0.405132324449604,0.99733043272699,0.663332704253463,1.49950090756167,OK,方法成功运行
genus.Olsenella.id.822,Inverse variance weighted,11,-0.0189367138873187,0.0462256922909394,0.682057014645566,-0.10953907077756,0.0716656430029226,0.981241459235403,0.896247146605124,1.07429608559372,OK,方法成功运行
genus.Olsenella.id.822,Weighted median,11,-0.0636138154581684,0.062628210891814,0.309754457965646,-0.186365108806124,0.0591374778897871,0.938367312517043,0.829970510113757,1.06092108390667,OK,方法成功运行
genus.Olsenella.id.822,MR Egger,11,0.0380211994711741,0.184935031848381,0.841684523427635,-0.324451462951652,0.400493861894001,1.03875325366474,0.722923795385541,1.49256163496962,OK,方法成功运行
genus.Olsenella.id.822,Weighted mode,11,-0.0915207644349212,0.0948907273695628,0.357546460509297,-0.277506590079264,0.0944650612094218,0.91254236752868,0.7576705714774,1.09907076225896,OK,方法成功运行
genus.Oscillibacter.id.2063,Inverse variance weighted,11,0.0179060281019402,0.0743499622738519,0.80968347155123,-0.127819897954809,0.16363195415869,1.01806730217778,0.880011856808343,1.17778075800322,OK,方法成功运行
genus.Oscillibacter.id.2063,Weighted median,11,-0.0761081274793141,0.0914092982434067,0.405065756259284,-0.255270352036391,0.103054097077763,0.926715997676944,0.774707026024682,1.10855137684399,OK,方法成功运行
genus.Oscillibacter.id.2063,MR Egger,11,-0.236150295359437,0.340943687966515,0.506014445148635,-0.904399923773807,0.432099333054932,0.789661982482148,0.404784713921382,1.54048812895327,OK,方法成功运行
genus.Oscillibacter.id.2063,Weighted mode,11,-0.112208321978634,0.158992478962001,0.496457596755854,-0.423833580744155,0.199416936786888,0.893858027830189,0.654532799707051,1.22069081071884,OK,方法成功运行
genus.Oscillospira.id.2064,Inverse variance weighted,7,-0.0387719213452561,0.0886700231945692,0.661922252778373,-0.212565166806612,0.135021324116099,0.961970088971284,0.808507626744509,1.14456119084681,OK,方法成功运行
genus.Oscillospira.id.2064,Weighted median,7,-0.0608172253941096,0.10917142428704,0.577472719308392,-0.274793216996707,0.153158766208488,0.940995214088662,0.759729206070298,1.16551000785908,OK,方法成功运行
genus.Oscillospira.id.2064,MR Egger,7,0.149007527215276,0.35927840665775,0.695525825655416,-0.555178149833914,0.853193204264466,1.16068172587742,0.573969999427678,2.34712976310452,OK,方法成功运行
genus.Oscillospira.id.2064,Weighted mode,7,-0.0830999708541117,0.147944984490529,0.594667073365452,-0.373072140455548,0.206872198747324,0.920259143528775,0.688615554012287,1.22982538851163,OK,方法成功运行
genus.Oxalobacter.id.2978,Inverse variance weighted,10,0.00953934706133304,0.0453384188846366,0.83335301863867,-0.0793239539525547,0.0984026480752208,1.00958499165694,0.923740626541231,1.10340698037215,OK,方法成功运行
genus.Oxalobacter.id.2978,Weighted median,10,-0.000623828948146395,0.0611656967868965,0.991862516354605,-0.120508594650464,0.119260936754171,0.999376365592676,0.88646946841741,1.12666386794829,OK,方法成功运行
genus.Oxalobacter.id.2978,MR Egger,10,0.209815007477793,0.218971723615001,0.366028315799813,-0.21936957080761,0.638999585763195,1.23344985984915,0.803024888750598,1.89458456154327,OK,方法成功运行
genus.Oxalobacter.id.2978,Weighted mode,10,0.00883902487309418,0.0803055681222746,0.914771190391908,-0.148559888646564,0.166237938392752,1.00887820440465,0.861948384702546,1.18085403881116,OK,方法成功运行
genus.Parabacteroides.id.954,Inverse variance weighted,6,-0.0149755056357268,0.179290888662107,0.93343306128064,-0.366385647413456,0.336434636142002,0.985136069589284,0.693235405211847,1.39994736031875,OK,方法成功运行
genus.Parabacteroides.id.954,Weighted median,6,-0.0247822948411262,0.162850540131889,0.879046422566841,-0.343969353499628,0.294404763817376,0.975522265142027,0.708950654573087,1.34232711917149,OK,方法成功运行
genus.Parabacteroides.id.954,MR Egger,6,-0.352916825582483,0.591846027902413,0.583082145586572,-1.51293504027121,0.807101389106247,0.702635632256338,0.220262548857769,2.24140161038026,OK,方法成功运行
genus.Parabacteroides.id.954,Weighted mode,6,-0.0566696957971906,0.201901088004341,0.79019891560084,-0.452395828285699,0.339056436691318,0.944906124291273,0.636102332590406,1.40362255879051,OK,方法成功运行
genus.Paraprevotella.id.962,Inverse variance weighted,13,-0.0771732529323055,0.0637120747729747,0.225787563958747,-0.202048919487336,0.0477024136227249,0.925729454369586,0.817054957054943,1.04885848288145,OK,方法成功运行
genus.Paraprevotella.id.962,Weighted median,13,-0.104506148661068,0.0731457831106604,0.153079595549144,-0.247871883557963,0.0388595862358261,0.900769258864982,0.780459926622094,1.03962449581226,OK,方法成功运行
genus.Paraprevotella.id.962,MR Egger,13,0.127422631821741,0.214188017627973,0.563940780101737,-0.292385882729086,0.547231146372568,1.1358969825612,0.746480426484513,1.72846053186955,OK,方法成功运行
genus.Paraprevotella.id.962,Weighted mode,13,-0.139509827106962,0.118401675333868,0.26152455072885,-0.371577110761342,0.0925574565474181,0.869784475697323,0.689645824664138,1.09697616821287,OK,方法成功运行
genus.Parasutterella.id.2892,Inverse variance weighted,13,-0.0262218854914364,0.0714827069868062,0.713747038116337,-0.166327991185577,0.113884220202704,0.974118922771597,0.846768456047691,1.12062237194184,OK,方法成功运行
genus.Parasutterella.id.2892,Weighted median,13,0.00417370057563192,0.090868567835179,0.963365102085163,-0.173928692381319,0.182276093532583,1.00418242259402,0.8403568193656,1.19994544532648,OK,方法成功运行
genus.Parasutterella.id.2892,MR Egger,13,-0.0103567964359204,0.207014227775065,0.960995846916998,-0.416104682875049,0.395391090003208,0.98969665050811,0.65961121687149,1.48496483227302,OK,方法成功运行
genus.Parasutterella.id.2892,Weighted mode,13,0.0866987201107322,0.133167492936319,0.527284765244762,-0.174309566044454,0.347707006265918,1.09056806399255,0.840036810530805,1.41581736334737,OK,方法成功运行
genus.Peptococcus.id.2037,Inverse variance weighted,12,-0.0660868733619804,0.05585460255721,0.236731967131669,-0.175561894374112,0.0433881476501512,0.936049542988563,0.838985467086016,1.04434317554069,OK,方法成功运行
genus.Peptococcus.id.2037,Weighted median,12,-0.0681701519388361,0.0741348174831067,0.357811628876589,-0.213474394205725,0.0771340903280531,0.934101520869696,0.807772843551007,1.08018690929906,OK,方法成功运行
genus.Peptococcus.id.2037,MR Egger,12,0.207315466431576,0.208517940623959,0.343557683185521,-0.201379697191383,0.616010630054534,1.23037065120337,0.81760193145254,1.85152686302145,OK,方法成功运行
genus.Peptococcus.id.2037,Weighted mode,12,-0.119530061837241,0.139882155626785,0.411049044466288,-0.393699086865739,0.154638963191257,0.887337332427632,0.674557008767119,1.16723646969268,OK,方法成功运行
genus.Phascolarctobacterium.id.2168,Inverse variance weighted,9,0.0657177859106136,0.0864278569804512,0.447029050931406,-0.103680813771071,0.235116385592298,1.0679252910711,0.901513002038538,1.26505599445645,OK,方法成功运行
genus.Phascolarctobacterium.id.2168,Weighted median,9,0.176035220307776,0.114605111906943,0.12453459590797,-0.0485907990298321,0.400661239645385,1.1924800574257,0.952570842870619,1.49281147748834,OK,方法成功运行
genus.Phascolarctobacterium.id.2168,MR Egger,9,0.463038680096156,0.390192130382742,0.274056568722198,-0.301737895454019,1.22781525564633,1.58889479983112,0.739531874155392,3.41376318338364,OK,方法成功运行
genus.Phascolarctobacterium.id.2168,Weighted mode,9,0.253747132096941,0.194641408948295,0.228609836938717,-0.127750029441717,0.635244293635599,1.28884585530973,0.880073344076268,1.88748318527087,OK,方法成功运行
genus.Prevotella7.id.11182,Inverse variance weighted,11,0.0865148396224568,0.0429001824259506,0.0437315966631018,0.00243048206759358,0.17059919717732,1.09036754824048,1.0024334380835,1.18601529546835,OK,方法成功运行
genus.Prevotella7.id.11182,Weighted median,11,0.106434248170117,0.0595906303909482,0.0740846350549553,-0.0103633873961415,0.223231883736376,1.11230478796602,0.989690127478353,1.25011042040449,OK,方法成功运行
genus.Prevotella7.id.11182,MR Egger,11,0.446610818007488,0.25609963443136,0.115144115732449,-0.0553444654779776,0.948566101492954,1.5630058871571,0.946159172641439,2.5820046710191,OK,方法成功运行
genus.Prevotella7.id.11182,Weighted mode,11,0.137533025680344,0.104997520641863,0.219531503309689,-0.0682621147777082,0.343328166138397,1.14743960031978,0.934015622191845,1.40963127928452,OK,方法成功运行
genus.Prevotella9.id.11183,Inverse variance weighted,13,-0.120834769055594,0.0727360203624417,0.0966575749781683,-0.26339736896598,0.021727830854792,0.886180371916385,0.76843648382326,1.02196559911188,OK,方法成功运行
genus.Prevotella9.id.11183,Weighted median,13,-0.120463900144079,0.0877689777235425,0.1699043716832,-0.292491096482222,0.0515632961940645,0.886509089618144,0.7464018906088,1.05291582974767,OK,方法成功运行
genus.Prevotella9.id.11183,MR Egger,13,0.00954905419576283,0.250302261415221,0.970251582133295,-0.48104337817807,0.500141486569596,1.00959479188174,0.618138103416631,1.64895455912014,OK,方法成功运行
genus.Prevotella9.id.11183,Weighted mode,13,-0.133243076710935,0.160567470148264,0.422838545659883,-0.447955318201532,0.181469164779662,0.875252312795538,0.638933232080033,1.1989775654023,OK,方法成功运行
genus.RikenellaceaeRC9gutgroup.id.11191,Inverse variance weighted,10,-0.0559077102905871,0.0455209586701779,0.219381224673437,-0.145128789284136,0.0333133687029615,0.945626403449373,0.864910894682466,1.03387447238584,OK,方法成功运行
genus.RikenellaceaeRC9gutgroup.id.11191,Weighted median,10,-0.0375654725836064,0.0567412172897665,0.507939746600075,-0.148778258471549,0.0736473133043359,0.963131356958176,0.861760181734306,1.07642709702512,OK,方法成功运行
genus.RikenellaceaeRC9gutgroup.id.11191,MR Egger,10,-0.00931943137224389,0.278970877160468,0.974168908920735,-0.556102350606762,0.537463487862274,0.990723859940457,0.573439780962514,1.711659705589,OK,方法成功运行
genus.RikenellaceaeRC9gutgroup.id.11191,Weighted mode,10,-0.0249002116911857,0.0833565298927939,0.771936511240535,-0.188279010281062,0.13847858689869,0.97540724141111,0.8283835474598,1.1485250878228,OK,方法成功运行
genus.Romboutsia.id.11347,Inverse variance weighted,12,0.00314558365789458,0.0842116692932511,0.970203308702931,-0.161909288156878,0.168200455472667,1.00315053619768,0.850518353128457,1.18317376053344,OK,方法成功运行
genus.Romboutsia.id.11347,Weighted median,12,-0.000601394734515232,0.0999448746617259,0.995198946623286,-0.196493349071498,0.195290559602467,0.999398786067052,0.821606795725137,1.21566415807305,OK,方法成功运行
genus.Romboutsia.id.11347,MR Egger,12,0.00501612731431549,0.229530917793577,0.982994479956063,-0.444864471561095,0.454896726189726,1.00502872914291,0.640911131831645,1.57601061400811,OK,方法成功运行
genus.Romboutsia.id.11347,Weighted mode,12,-0.0356049017889437,0.135242515397985,0.797210917113428,-0.300680231968995,0.229470428391108,0.965021496438735,0.740314463799988,1.25793366755084,OK,方法成功运行
genus.Roseburia.id.2012,Inverse variance weighted,13,0.0340356625406844,0.121581322205201,0.779522356709339,-0.20426372898151,0.272335054062879,1.03462150330166,0.815247338483104,1.31302686260332,OK,方法成功运行
genus.Roseburia.id.2012,Weighted median,13,-0.0287088358226906,0.132761692095281,0.828798048130187,-0.288921752329442,0.231504080684061,0.971699347322985,0.749070816156009,1.26049447024681,OK,方法成功运行
genus.Roseburia.id.2012,MR Egger,13,-0.120401847464785,0.524781659620258,0.822743184211748,-1.14897390032049,0.908170205390919,0.886564101589176,0.316961837014011,2.47978088981065,OK,方法成功运行
genus.Roseburia.id.2012,Weighted mode,13,-0.0799737427750666,0.213158202576417,0.714070266004683,-0.497763819824845,0.337816334274712,0.923140585178403,0.607888489159333,1.40188300190063,OK,方法成功运行
genus.Ruminiclostridium5.id.11355,Inverse variance weighted,10,-0.157762720607421,0.166411835012053,0.343116296787889,-0.483929917231046,0.168404476016203,0.854052406964518,0.616356396361598,1.18341517691327,OK,方法成功运行
genus.Ruminiclostridium5.id.11355,Weighted median,10,-0.248172265814667,0.155237031870625,0.109894691472552,-0.552436848281091,0.0560923166517574,0.780225525514797,0.575545582866373,1.05769532212044,OK,方法成功运行
genus.Ruminiclostridium5.id.11355,MR Egger,10,-0.228940182908385,0.778477497777882,0.776177261267528,-1.75475607855303,1.29687571273626,0.795376109167751,0.172949423220655,3.65785062045399,OK,方法成功运行
genus.Ruminiclostridium5.id.11355,Weighted mode,10,-0.348455184152837,0.237519046809525,0.176412666924311,-0.813992515899507,0.117082147593832,0.705777544333733,0.443085504166199,1.12421177718988,OK,方法成功运行
genus.Ruminiclostridium6.id.11356,Inverse variance weighted,14,0.0192450542341208,0.0830684525820132,0.816788856101485,-0.143569112826625,0.182059221294867,1.01943143399997,0.866260928376959,1.19968523868943,OK,方法成功运行
genus.Ruminiclostridium6.id.11356,Weighted median,14,0.0508626987746198,0.100056861965191,0.611216369384787,-0.145248750677155,0.246974148226395,1.05217841797901,0.864807144989806,1.28014601830545,OK,方法成功运行
genus.Ruminiclostridium6.id.11356,MR Egger,14,-0.129948546043503,0.208752143219113,0.54525973314612,-0.539102746752964,0.279205654665959,0.878140613567068,0.583271359780452,1.32207920767138,OK,方法成功运行
genus.Ruminiclostridium6.id.11356,Weighted mode,14,0.0968579797692095,0.167234134444658,0.572370249525813,-0.23092092374232,0.424636883280739,1.10170389826805,0.793802234463504,1.52903510063729,OK,方法成功运行
genus.Ruminiclostridium9.id.11357,Inverse variance weighted,9,-0.0187595873432233,0.107914106517368,0.861992670888387,-0.230271236117265,0.192752061430818,0.981415278537552,0.794318125517846,1.21258211037172,OK,方法成功运行
genus.Ruminiclostridium9.id.11357,Weighted median,9,0.0348173617243617,0.14465394157237,0.809792150746282,-0.248704363757484,0.318339087206207,1.03543058227319,0.779810479550082,1.37484237365617,OK,方法成功运行
genus.Ruminiclostridium9.id.11357,MR Egger,9,0.443465460508537,0.470883930970055,0.377666147592401,-0.479467044192771,1.36639796520985,1.55809739839175,0.619113263904038,3.92120092463637,OK,方法成功运行
genus.Ruminiclostridium9.id.11357,Weighted mode,9,0.197648408251472,0.24927458582151,0.450711710568565,-0.290929779958688,0.686226596461632,1.21853389203547,0.747568170442872,1.98620661599259,OK,方法成功运行
genus.RuminococcaceaeNK4A214group.id.11358,Inverse variance weighted,11,0.0064366075299278,0.0895250606417081,0.942683662002601,-0.16903251132782,0.181905726387676,1.00645736700447,0.844481447726542,1.19950110724704,OK,方法成功运行
genus.RuminococcaceaeNK4A214group.id.11358,Weighted median,11,0.0275005182716347,0.11793996656762,0.815626396430041,-0.2036618162009,0.258662852744169,1.02788214782928,0.815738193986776,1.29519705907414,OK,方法成功运行
genus.RuminococcaceaeNK4A214group.id.11358,MR Egger,11,-0.14173622473665,0.315584522357767,0.663962758547976,-0.760281888557874,0.476809439084575,0.867850143697397,0.467534615774146,1.61092643518705,OK,方法成功运行
genus.RuminococcaceaeNK4A214group.id.11358,Weighted mode,11,0.0789216073244602,0.183885898361372,0.676885904553546,-0.281494753463829,0.439337968112749,1.08211948850324,0.754654874988994,1.55167961701113,OK,方法成功运行
genus.RuminococcaceaeUCG002.id.11360,Inverse variance weighted,20,0.0413711294441828,0.0655394766335524,0.527883709078329,-0.0870862447575799,0.169828503645945,1.04223883929803,0.916598040448357,1.18510159328942,OK,方法成功运行
genus.RuminococcaceaeUCG002.id.11360,Weighted median,20,-0.00681824437188324,0.0933755307907308,0.941790516647165,-0.189834284721716,0.176197795977949,0.993204947117924,0.827096185061792,1.19267394143019,OK,方法成功运行
genus.RuminococcaceaeUCG002.id.11360,MR Egger,20,-0.0166479580001687,0.190642615628375,0.931376949342518,-0.390307484631783,0.357011568631446,0.983489853433173,0.676848721917913,1.4290524019388,OK,方法成功运行
genus.RuminococcaceaeUCG002.id.11360,Weighted mode,20,-0.00760226860988589,0.145426694947253,0.958854797682699,-0.292638590706503,0.277434053486731,0.992426555544883,0.746291808759361,1.31973908408294,OK,方法成功运行
genus.RuminococcaceaeUCG003.id.11361,Inverse variance weighted,10,-0.040828804585746,0.0856398410830433,0.633540067817831,-0.208682893108511,0.127025283937019,0.95999346235939,0.811652575464314,1.13544572595678,OK,方法成功运行
genus.RuminococcaceaeUCG003.id.11361,Weighted median,10,-0.0113464632447614,0.113201730271424,0.920159949331618,-0.233221854576753,0.21052892808723,0.98871766509687,0.791977850121778,1.23433075953361,OK,方法成功运行
genus.RuminococcaceaeUCG003.id.11361,MR Egger,10,-0.00144528168966711,0.258034166469834,0.995668126167268,-0.507192247970541,0.504301684591207,0.998555762226936,0.602183990704103,1.6558288258556,OK,方法成功运行
genus.RuminococcaceaeUCG003.id.11361,Weighted mode,10,0.00187965641961396,0.157664980248787,0.990748064541546,-0.307143704868008,0.310903017707236,1.0018814240811,0.735544891930379,1.36465686721645,OK,方法成功运行
genus.RuminococcaceaeUCG004.id.11362,Inverse variance weighted,10,0.0590952092450982,0.0882052610474267,0.502874525978614,-0.113787102407858,0.231977520898055,1.06087624115806,0.892447935675188,1.26109138030801,OK,方法成功运行
genus.RuminococcaceaeUCG004.id.11362,Weighted median,10,0.0180853351618286,0.098247312910031,0.85395093718084,-0.174479398141832,0.210650068465489,1.01824986519943,0.839894157431278,1.23448029588598,OK,方法成功运行
genus.RuminococcaceaeUCG004.id.11362,MR Egger,10,-0.557723404784777,0.587403450196614,0.370177428892613,-1.70903416717014,0.593587357600585,0.572510957050084,0.181040563123391,1.81047158872903,OK,方法成功运行
genus.RuminococcaceaeUCG004.id.11362,Weighted mode,10,0.00869956244708681,0.118160230488577,0.942919052741885,-0.222894489310523,0.240293614204697,1.00873751361349,0.800199274417762,1.27162246193176,OK,方法成功运行
genus.RuminococcaceaeUCG005.id.11363,Inverse variance weighted,14,0.0738542561900971,0.0879609659208921,0.401118485064778,-0.0985492370148515,0.246257749395046,1.07664987900567,0.906151075341915,1.27922925161848,OK,方法成功运行
genus.RuminococcaceaeUCG005.id.11363,Weighted median,14,0.146400829406954,0.110799984871367,0.186398919228417,-0.070767140940926,0.363568799754834,1.15766011928501,0.931678816722805,1.43845381877102,OK,方法成功运行
genus.RuminococcaceaeUCG005.id.11363,MR Egger,14,0.290743515531748,0.248109020928974,0.264003172061122,-0.195550165489041,0.777037196552538,1.33742151211025,0.822382087329782,2.17501855720503,OK,方法成功运行
genus.RuminococcaceaeUCG005.id.11363,Weighted mode,14,0.17340530875814,0.150989502781504,0.271472881848455,-0.122534116693609,0.469344734209888,1.18934806059247,0.884675722218061,1.59894611518051,OK,方法成功运行
genus.RuminococcaceaeUCG009.id.11366,Inverse variance weighted,10,-0.091649677501502,0.100808757897141,0.363274118941014,-0.289234842979898,0.105935487976894,0.91242473647595,0.748836325797226,1.11175015294148,OK,方法成功运行
genus.RuminococcaceaeUCG009.id.11366,Weighted median,10,0.026780340047306,0.109584296305285,0.806935613285466,-0.188004880711053,0.241565560805665,1.02714215598422,0.82861066301359,1.27324092688222,OK,方法成功运行
genus.RuminococcaceaeUCG009.id.11366,MR Egger,10,-0.620023274464973,0.518522799505009,0.266031873617898,-1.63632796149479,0.396281412564846,0.537931917371406,0.194693653878186,1.48628751868783,OK,方法成功运行
genus.RuminococcaceaeUCG009.id.11366,Weighted mode,10,0.0870105729613158,0.179835056604564,0.640057512443415,-0.26546613798363,0.439487283906262,1.09090821378765,0.766848409479382,1.55191132458279,OK,方法成功运行
genus.RuminococcaceaeUCG010.id.11367,Inverse variance weighted,6,-0.077414979309393,0.117369142463977,0.509519890295094,-0.307458498538788,0.152628539920002,0.925505708186185,0.735313383494432,1.16489218762016,OK,方法成功运行
genus.RuminococcaceaeUCG010.id.11367,Weighted median,6,-0.102852280797366,0.137033338978783,0.452915138567439,-0.371437625195781,0.165733063601048,0.902260244801838,0.689742027011292,1.18025800584795,OK,方法成功运行
genus.RuminococcaceaeUCG010.id.11367,MR Egger,6,-0.176664153426085,0.399753118162771,0.681379314977853,-0.960180265025117,0.606851958172947,0.838061197246426,0.382823870000175,1.83464675368804,OK,方法成功运行
genus.RuminococcaceaeUCG010.id.11367,Weighted mode,6,-0.108961887910175,0.18081297208943,0.573045775330843,-0.463355313205457,0.245431537385108,0.896764594419729,0.629169040719325,1.27817277354486,OK,方法成功运行
genus.RuminococcaceaeUCG011.id.11368,Inverse variance weighted,8,-0.112453473563909,0.0511167765413438,0.0278116628588569,-0.212642355584942,-0.0122645915428747,0.893638923975582,0.808445221437055,0.987810312026704,OK,方法成功运行
genus.RuminococcaceaeUCG011.id.11368,Weighted median,8,-0.147553966013982,0.0658948374809053,0.0251406892517975,-0.276707847476557,-0.0184000845514078,0.862815874331412,0.758275996999047,0.981768163497881,OK,方法成功运行
genus.RuminococcaceaeUCG011.id.11368,MR Egger,8,-0.453820187472302,0.25900566674132,0.130300153689679,-0.96147129428529,0.0538309193406855,0.635196939345026,0.382329952082357,1.05530615520904,OK,方法成功运行
genus.RuminococcaceaeUCG011.id.11368,Weighted mode,8,-0.155954414068197,0.0946461531452487,0.143392718698279,-0.341460874232884,0.0295520460964906,0.855598192722897,0.710731274982209,1.0299930411941,OK,方法成功运行
genus.RuminococcaceaeUCG013.id.11370,Inverse variance weighted,11,0.112571282196571,0.0977317618690038,0.249387123505361,-0.0789829710666766,0.304125535459818,1.11915202968453,0.924055659993328,1.3554392010932,OK,方法成功运行
genus.RuminococcaceaeUCG013.id.11370,Weighted median,11,0.0300983049191981,0.12282006731095,0.806409852878847,-0.210629027010265,0.270825636848661,1.03055583768246,0.81007452691571,1.31104645226291,OK,方法成功运行
genus.RuminococcaceaeUCG013.id.11370,MR Egger,11,-0.104974965095524,0.282853682738116,0.719127778617122,-0.659368183262233,0.449418253071184,0.900347062406826,0.517177992999058,1.56740009002293,OK,方法成功运行
genus.RuminococcaceaeUCG013.id.11370,Weighted mode,11,0.000746763119519822,0.181119161317847,0.996791384379873,-0.35424679306346,0.355740319302499,1.00074704201652,0.701701770854761,1.42723687427048,OK,方法成功运行
genus.RuminococcaceaeUCG014.id.11371,Inverse variance weighted,11,-0.117331840139682,0.104297173286134,0.260599109719502,-0.321754299780505,0.0870906195011408,0.889290042062853,0.724876270710633,1.09099554071049,OK,方法成功运行
genus.RuminococcaceaeUCG014.id.11371,Weighted median,11,-0.117362652709605,0.117085714058225,0.316167212161664,-0.346850652263726,0.112125346844517,0.889262641173398,0.706910895916461,1.11865307148999,OK,方法成功运行
genus.RuminococcaceaeUCG014.id.11371,MR Egger,11,0.043953720190743,0.291118962180052,0.883319821353314,-0.526639445682159,0.614546886063645,1.04493399442345,0.590586336030651,1.84881868422549,OK,方法成功运行
genus.RuminococcaceaeUCG014.id.11371,Weighted mode,11,-0.163600988124577,0.193777336475866,0.418256393135161,-0.543404567617275,0.21620259136812,0.849080747599405,0.580767620056398,1.24135384110078,OK,方法成功运行
genus.Ruminococcus1.id.11373,Inverse variance weighted,8,-0.0528486175104363,0.124230317997817,0.67053900298935,-0.296340040786158,0.190642805765285,0.948523591477039,0.743534552954776,1.21002716015435,OK,方法成功运行
genus.Ruminococcus1.id.11373,Weighted median,8,-0.042377879772571,0.152472277736864,0.781059752295412,-0.341223544136825,0.256467784591683,0.958507511529259,0.71089997292173,1.29235713131637,OK,方法成功运行
genus.Ruminococcus1.id.11373,MR Egger,8,0.180383721206849,0.433164060611921,0.691579656857987,-0.668617837592516,1.02938528000621,1.19767684896484,0.512416331148719,2.79934449265247,OK,方法成功运行
genus.Ruminococcus1.id.11373,Weighted mode,8,-0.276078233390241,0.251463784230879,0.308577985203405,-0.768947250482764,0.216790783702283,0.758753568575192,0.463500761759846,1.24208421069194,OK,方法成功运行
genus.Ruminococcus2.id.11374,Inverse variance weighted,15,-0.0679912384110504,0.0719881954037889,0.344925640516145,-0.209088101402477,0.0731056245803758,0.934268659219314,0.811323753734063,1.0758441665022,OK,方法成功运行
genus.Ruminococcus2.id.11374,Weighted median,15,-0.0957382417789048,0.100680374362094,0.341648718695791,-0.293071775528609,0.1015952919708,0.908701845118978,0.745968596485324,1.10693539542168,OK,方法成功运行
genus.Ruminococcus2.id.11374,MR Egger,15,-0.207669470772529,0.195802640287684,0.30817689201142,-0.59144264573639,0.176103704191332,0.812475539247853,0.553528163403707,1.19256172588755,OK,方法成功运行
genus.Ruminococcus2.id.11374,Weighted mode,15,-0.0487902011663356,0.155128315705199,0.757768114524444,-0.352841699948526,0.255261297615855,0.952380917145807,0.70268842018649,1.29079885947568,OK,方法成功运行
genus.Sellimonas.id.14369,Inverse variance weighted,8,0.00234778254690589,0.0469413073077646,0.960110213268139,-0.0896571797763127,0.0943527448701245,1.00235054074648,0.914244553075939,1.09894732558642,OK,方法成功运行
genus.Sellimonas.id.14369,Weighted median,8,-0.0202322351255616,0.0598506576972874,0.735329030626474,-0.137539524212245,0.0970750539611216,0.979971063175341,0.871499903969261,1.10194307571017,OK,方法成功运行
genus.Sellimonas.id.14369,MR Egger,8,0.244011527593989,0.262432721401623,0.388350126523618,-0.270356606353193,0.75837966154117,1.27635904375349,0.763107316892263,2.13481429480426,OK,方法成功运行
genus.Sellimonas.id.14369,Weighted mode,8,-0.0349315965529513,0.0878196405736145,0.702654480180959,-0.207058092077236,0.137194898971333,0.965671469255628,0.812972421359088,1.14705168592974,OK,方法成功运行
genus.Senegalimassilia.id.11160,Inverse variance weighted,4,0.0641846597297536,0.100776056189361,0.5241874647899,-0.133336410401395,0.261705729860902,1.06628928127333,0.875170626079222,1.29914418683366,OK,方法成功运行
genus.Senegalimassilia.id.11160,Weighted median,4,0.124578767712392,0.11989193215033,0.298761873049779,-0.110409419302255,0.35956695472704,1.13267123486865,0.895467438581398,1.43270885240822,OK,方法成功运行
genus.Senegalimassilia.id.11160,MR Egger,4,0.135701701971666,0.325161733275042,0.716965627776463,-0.501615295247417,0.773018699190748,1.14534018991221,0.605551724468162,2.1662957888201,OK,方法成功运行
genus.Senegalimassilia.id.11160,Weighted mode,4,0.16191266369631,0.163503201686811,0.395044257460667,-0.15855361160984,0.48237893900246,1.17575755051825,0.853377211638405,1.61992352121354,OK,方法成功运行
genus.Slackia.id.825,Inverse variance weighted,5,-0.0231585615625187,0.0832814280869365,0.780954063225641,-0.186390160612914,0.140073037487877,0.977107539791264,0.829949718113335,1.15035781503399,OK,方法成功运行
genus.Slackia.id.825,Weighted median,5,-0.0502311246881724,0.102327302903959,0.623506496936556,-0.250792638379932,0.150330389003588,0.951009597301321,0.778183720266559,1.16221816340416,OK,方法成功运行
genus.Slackia.id.825,MR Egger,5,0.244131790732602,0.45652327209193,0.629909407307186,-0.650653822567581,1.13891740403278,1.27651255192859,0.52170456300964,3.12338517001074,OK,方法成功运行
genus.Slackia.id.825,Weighted mode,5,-0.0783761826037354,0.147849992464501,0.624099662160761,-0.368162167834158,0.211409802626687,0.924616536456402,0.69200495164469,1.23541852909687,OK,方法成功运行
genus.Streptococcus.id.1853,Inverse variance weighted,13,-0.129524843098497,0.0850199262285428,0.127642524865247,-0.296163898506441,0.0371142123094472,0.878512763166038,0.743665532361149,1.03781154492289,OK,方法成功运行
genus.Streptococcus.id.1853,Weighted median,13,-0.166373970768283,0.113066581936096,0.141164323898791,-0.387984471363031,0.0552365298264638,0.846729522882505,0.678422878164894,1.05679054760087,OK,方法成功运行
genus.Streptococcus.id.1853,MR Egger,13,0.0811866466282181,0.314387314465303,0.800991362494792,-0.535012489723776,0.697385782980212,1.08457330962761,0.585661975342816,2.00849519600116,OK,方法成功运行
genus.Streptococcus.id.1853,Weighted mode,13,-0.21980807099772,0.196084768208982,0.284226711333592,-0.604134216687324,0.164518074691885,0.802672839376717,0.546547413488288,1.17882487625548,OK,方法成功运行
genus.Subdoligranulum.id.2070,Inverse variance weighted,10,-0.0556250773253371,0.116460277076945,0.632912625977256,-0.283887220396149,0.172637065745475,0.945893706416334,0.752851546217668,1.18843470314046,OK,方法成功运行
genus.Subdoligranulum.id.2070,Weighted median,10,0.0212057516684056,0.142710703640603,0.881875128195273,-0.258507227467176,0.300918730803987,1.02143219139603,0.772203449953929,1.35109953430322,OK,方法成功运行
genus.Subdoligranulum.id.2070,MR Egger,10,0.137758931638958,0.363180145173494,0.714325653687173,-0.574074152901091,0.849592016179006,1.14769884304378,0.563226088725025,2.33869250855513,OK,方法成功运行
genus.Subdoligranulum.id.2070,Weighted mode,10,0.0581753696929308,0.18927693895069,0.765565775098376,-0.312807430650421,0.429158170036283,1.05990085390015,0.731390742448249,1.53596395866024,OK,方法成功运行
genus.Sutterella.id.2896,Inverse variance weighted,12,0.0795312584205564,0.080897820694186,0.32555450810768,-0.0790284701400482,0.238090986981161,1.08277940497447,0.924013617273514,1.26882463409608,OK,方法成功运行
genus.Sutterella.id.2896,Weighted median,12,-0.0219692154128058,0.111662331402475,0.844025621421707,-0.240827384961657,0.196888954136045,0.978270350236562,0.78597728617894,1.21760882277467,OK,方法成功运行
genus.Sutterella.id.2896,MR Egger,12,-0.345529477623013,0.353461862596568,0.35134886022718,-1.03831472831229,0.347255773066259,0.707845465894525,0.354050851339764,1.41517864366497,OK,方法成功运行
genus.Sutterella.id.2896,Weighted mode,12,-0.0252607886033902,0.164782336033613,0.880939375855379,-0.348234167229272,0.297712590022491,0.975055595481372,0.705933550354654,1.34677465577588,OK,方法成功运行
genus.Terrisporobacter.id.11348,Inverse variance weighted,5,0.087773492421094,0.0854320065515214,0.304228576472025,-0.0796732404198879,0.255220225262076,1.09174080645297,0.923418032783152,1.290745844417,OK,方法成功运行
genus.Terrisporobacter.id.11348,Weighted median,5,0.133578691858596,0.108000047968251,0.216146789468199,-0.0781014021591755,0.345258785876367,1.14291120040309,0.924870637908793,1.41235537000109,OK,方法成功运行
genus.Terrisporobacter.id.11348,MR Egger,5,0.170717558885323,0.233195709995052,0.517127416245532,-0.286346032704978,0.627781150475625,1.1861556825725,0.751002699484133,1.87344906252067,OK,方法成功运行
genus.Terrisporobacter.id.11348,Weighted mode,5,0.149822844616067,0.148552107091677,0.370244143455487,-0.14133928528362,0.440984974515754,1.16162843576739,0.868194696037432,1.55423734899806,OK,方法成功运行
genus.Turicibacter.id.2162,Inverse variance weighted,10,-0.0479544133884801,0.0849038757030835,0.572204163448841,-0.214366009766524,0.118457182989563,0.95317723820757,0.807052941699645,1.12575867144926,OK,方法成功运行
genus.Turicibacter.id.2162,Weighted median,10,-0.00904548992651686,0.103315931980897,0.930232958311884,-0.211544716609076,0.193453736756042,0.990995297444259,0.809333089612172,1.21343324789456,OK,方法成功运行
genus.Turicibacter.id.2162,MR Egger,10,-0.647753750525474,0.329966171389524,0.0852496254852946,-1.29448744644894,-0.00102005460200671,0.523219739826087,0.274038287638594,0.998980465476837,OK,方法成功运行
genus.Turicibacter.id.2162,Weighted mode,10,0.0742039699787216,0.181383715800685,0.692030818563428,-0.281308112990621,0.429716052948065,1.07702646415855,0.754795737276864,1.53682108577195,OK,方法成功运行
genus.Tyzzerella3.id.11335,Inverse variance weighted,13,0.0173882627866774,0.0469289235256385,0.710992568666431,-0.074592427323574,0.109368952896929,1.01754031867877,0.928121686291063,1.11557386863192,OK,方法成功运行
genus.Tyzzerella3.id.11335,Weighted median,13,0.0107303486774238,0.065315767435299,0.869507418347798,-0.117288555495762,0.13874925285061,1.01078812533844,0.889328535498746,1.14883599653331,OK,方法成功运行
genus.Tyzzerella3.id.11335,MR Egger,13,-0.146462578308918,0.26287960163464,0.588583940425373,-0.661706597512812,0.368781440894977,0.863758055017079,0.515970029520097,1.44597153889115,OK,方法成功运行
genus.Tyzzerella3.id.11335,Weighted mode,13,-0.0261693498944733,0.127828871812185,0.841220823481279,-0.276713938646356,0.224375238857409,0.97417010003502,0.758271378225262,1.25154055797728,OK,方法成功运行
genus.Veillonella.id.2198,Inverse variance weighted,5,-0.00102970218633176,0.115651276619598,0.992896121460857,-0.227706204360744,0.225646799988081,0.998970827775048,0.796358192033746,1.253132980521,OK,方法成功运行
genus.Veillonella.id.2198,Weighted median,5,-0.0253548919525402,0.147555037211118,0.863568462843837,-0.314562764886331,0.263852980981251,0.974963843801368,0.730108033359148,1.30193677276298,OK,方法成功运行
genus.Veillonella.id.2198,MR Egger,5,0.400236872546258,0.915613906171245,0.691574669058359,-1.39436638354938,2.1948401286419,1.49217811181138,0.247990117215327,8.97856552660779,OK,方法成功运行
genus.Veillonella.id.2198,Weighted mode,5,0.0916380877205163,0.206747674290303,0.680512012564463,-0.313587353888477,0.49686352932951,1.09596810598146,0.73082053619957,1.643558205924,OK,方法成功运行
genus.Victivallis.id.2256,Inverse variance weighted,10,0.0193963431283449,0.0719338330783673,0.787436107763576,-0.121593969705255,0.160386655961945,1.01958567432149,0.885507838528505,1.17396470369939,OK,方法成功运行
genus.Victivallis.id.2256,Weighted median,10,0.0518879769068849,0.0683306512677371,0.447633615076491,-0.0820400995778797,0.18581605339165,1.05325774671373,0.921235016820374,1.20420073136319,OK,方法成功运行
genus.Victivallis.id.2256,MR Egger,10,0.823803232551964,0.488368941020937,0.130115890590344,-0.133399891849072,1.781006356953,2.27915151817188,0.875115070744299,5.93582697457966,OK,方法成功运行
genus.Victivallis.id.2256,Weighted mode,10,0.099453316798318,0.132712179290417,0.472753546865918,-0.1606625546109,0.359569188207536,1.10456690481674,0.85157938416483,1.43271205233907,OK,方法成功运行
genus.unknowngenus.id.1000000073,Inverse variance weighted,14,-0.0752983274082001,0.0638349317475525,0.238167808635655,-0.200414793633403,0.0498181388170028,0.927466756298931,0.818391219197248,1.05107992835433,OK,方法成功运行
genus.unknowngenus.id.1000000073,Weighted median,14,-0.0925296385952403,0.0879754307756695,0.292906547924087,-0.264961482915553,0.0799022057250719,0.91162219136291,0.767235501081327,1.08318113358159,OK,方法成功运行
genus.unknowngenus.id.1000000073,MR Egger,14,-0.113243649865488,0.187137394652078,0.556359382206955,-0.480032943383562,0.253545643652585,0.892933070586724,0.618763007323292,1.28858619392359,OK,方法成功运行
genus.unknowngenus.id.1000000073,Weighted mode,14,-0.0493296171704845,0.158853094136734,0.761076015315421,-0.360681681678483,0.262022447337514,0.951867326169102,0.697200894966785,1.2995557136677,OK,方法成功运行
genus.unknowngenus.id.1000001215,Inverse variance weighted,8,0.0776680511950881,0.103324458418067,0.452236987111078,-0.124847887304324,0.2801839896945,1.08076384085344,0.882631151777618,1.3233732769842,OK,方法成功运行
genus.unknowngenus.id.1000001215,Weighted median,8,0.114951447597485,0.0958911136941333,0.23061715858335,-0.0729951352430162,0.302898030437986,1.12181896924352,0.929605352318923,1.35377641341597,OK,方法成功运行
genus.unknowngenus.id.1000001215,MR Egger,8,-0.0687743383431924,0.340686299174132,0.846688790484328,-0.736519484724492,0.598970808038107,0.933537319888942,0.47877741102362,1.82024445506355,OK,方法成功运行
genus.unknowngenus.id.1000001215,Weighted mode,8,0.091063933289703,0.127719140165855,0.498917481404053,-0.159265581435373,0.341393448014779,1.09533903164757,0.852769849051495,1.40690667661982,OK,方法成功运行
genus.unknowngenus.id.1000005472,Inverse variance weighted,11,0.0229570637448328,0.119259483298673,0.847353108157844,-0.210791523520567,0.256705651010232,1.02322260525717,0.809942903326479,1.29266457624265,OK,方法成功运行
genus.unknowngenus.id.1000005472,Weighted median,11,-0.112030937391248,0.111899781483131,0.316743620401003,-0.331354509098184,0.107292634315689,0.894016598531221,0.717950603899278,1.11325998489092,OK,方法成功运行
genus.unknowngenus.id.1000005472,MR Egger,11,-0.450547602906196,0.31450613678629,0.185789149886249,-1.06697963100733,0.165884425194932,0.637279080177864,0.344046095855023,1.18043666510165,OK,方法成功运行
genus.unknowngenus.id.1000005472,Weighted mode,11,-0.160262165264365,0.149831722523878,0.30993093004089,-0.453932341411167,0.133408010882437,0.851920415746129,0.635125703501089,1.14271614385043,OK,方法成功运行
genus.unknowngenus.id.1000005479,Inverse variance weighted,8,-0.0927074329140841,0.0716588424468147,0.195757548209886,-0.233158764109841,0.0477438982816727,0.911460124524062,0.792027817950356,1.04890199532044,OK,方法成功运行
genus.unknowngenus.id.1000005479,Weighted median,8,-0.0283505748842903,0.0924280375186201,0.759047880601758,-0.209509528420786,0.152808378652205,0.97204753160969,0.81098191201937,1.16510169919292,OK,方法成功运行
genus.unknowngenus.id.1000005479,MR Egger,8,-0.299856821540582,0.30413909603659,0.362245659869115,-0.895969449772299,0.296255806691134,0.740924297487039,0.408211666046778,1.34481412528704,OK,方法成功运行
genus.unknowngenus.id.1000005479,Weighted mode,8,-0.00852576990520848,0.141543317042493,0.953652606336684,-0.285950671308495,0.268899131498078,0.991510471402878,0.751299675662753,1.30852314562006,OK,方法成功运行
genus.unknowngenus.id.1000006162,Inverse variance weighted,12,0.0672946834341578,0.0492186928282049,0.17154424814534,-0.0291739545091239,0.163763321377439,1.06961062827071,0.971247496889136,1.17793548994882,OK,方法成功运行
genus.unknowngenus.id.1000006162,Weighted median,12,0.0986181271253681,0.0658251155905177,0.134085482441323,-0.0303990994320466,0.227635353682783,1.10364476707832,0.970058306563411,1.25562738204307,OK,方法成功运行
genus.unknowngenus.id.1000006162,MR Egger,12,0.390333518682997,0.206036978549038,0.0874139326749584,-0.0134989592731186,0.794165996639111,1.47747347672673,0.986591743089746,2.21259491549626,OK,方法成功运行
genus.unknowngenus.id.1000006162,Weighted mode,12,0.111314262492451,0.106369331062793,0.317786540653653,-0.0971696263906227,0.319798151375524,1.11774611734619,0.907402073739532,1.37684982104318,OK,方法成功运行
genus.unknowngenus.id.1868,Inverse variance weighted,11,0.0366679474775911,0.0678893662868555,0.58911892123174,-0.0963952104446456,0.169731105399828,1.0373485094542,0.908105052538712,1.18498617209377,OK,方法成功运行
genus.unknowngenus.id.1868,Weighted median,11,0.0693267174511285,0.0939495042266374,0.460566303481514,-0.114814310833081,0.253467745735338,1.07178632324672,0.891531676311825,1.28848581965241,OK,方法成功运行
genus.unknowngenus.id.1868,MR Egger,11,0.221822853268238,0.203479922327081,0.303974358217669,-0.176997794492842,0.620643501029317,1.24835021711485,0.837781632254343,1.86012464892235,OK,方法成功运行
genus.unknowngenus.id.1868,Weighted mode,11,0.0838378497169386,0.139131693443498,0.56020424004782,-0.188860269432318,0.356535968866195,1.08745254877341,0.827902181854723,1.42837290654864,OK,方法成功运行
genus.unknowngenus.id.2001,Inverse variance weighted,9,-0.0509269484877127,0.0802266814112511,0.525566578134611,-0.208171244053765,0.106317347078339,0.950348092362058,0.81206796299459,1.11217476592193,OK,方法成功运行
genus.unknowngenus.id.2001,Weighted median,9,-0.039394116115201,0.104351311971184,0.705791413563768,-0.243922687578721,0.165134455348319,0.961371742376447,0.783548209930505,1.17955170508513,OK,方法成功运行
genus.unknowngenus.id.2001,MR Egger,9,0.287072275403869,0.321802026543395,0.401974699724391,-0.343659696621184,0.917804247428923,1.33252051845403,0.709170220012973,2.50378665374374,OK,方法成功运行
genus.unknowngenus.id.2001,Weighted mode,9,-0.0593454918679918,0.151996226578207,0.706401603770039,-0.357258095961277,0.238567112225294,0.942381127890899,0.699591912584284,1.26942889737584,OK,方法成功运行
genus.unknowngenus.id.2041,Inverse variance weighted,11,-0.0760548558836768,0.0814830186551498,0.350622308521104,-0.23576157244777,0.0836518606804168,0.926765366631813,0.789969001856078,1.08725031332898,OK,方法成功运行
genus.unknowngenus.id.2041,Weighted median,11,-0.0181427307422294,0.0955961459663,0.849477477903154,-0.205511176836177,0.169225715351719,0.982020857789012,0.814230993989866,1.18438744318381,OK,方法成功运行
genus.unknowngenus.id.2041,MR Egger,11,-0.255329242952732,0.240356879958227,0.31577514334162,-0.726428727670857,0.215770241765393,0.774661404161394,0.483633095123542,1.24081725826478,OK,方法成功运行
genus.unknowngenus.id.2041,Weighted mode,11,-0.0285572271572315,0.158468585618813,0.860589197508839,-0.339155654970106,0.282041200655642,0.97184667653217,0.71237155628561,1.32583334406456,OK,方法成功运行
genus.unknowngenus.id.2071,Inverse variance weighted,13,0.0462767060822861,0.0730896547581689,0.526635772358671,-0.0969790172437249,0.189532429408297,1.04736418290404,0.907575049359544,1.2086843202712,OK,方法成功运行
genus.unknowngenus.id.2071,Weighted median,13,0.0547927591432297,0.0995368546779851,0.581992179238513,-0.140299476025621,0.249884994312081,1.05632167898029,0.86909792243032,1.28387775495252,OK,方法成功运行
genus.unknowngenus.id.2071,MR Egger,13,-0.113735881974238,0.353391361530438,0.753606307413511,-0.806382950573896,0.57891118662542,0.89249364841614,0.446470053397238,1.78409482652231,OK,方法成功运行
genus.unknowngenus.id.2071,Weighted mode,13,0.0485948672117971,0.166007302214448,0.774730629150261,-0.276779445128521,0.373969179552115,1.04979495821715,0.758221708161621,1.45349235248121,OK,方法成功运行
genus.unknowngenus.id.2755,Inverse variance weighted,12,-0.0808726118189604,0.0671940132925906,0.228756319880363,-0.212572877872438,0.0508276542345172,0.922311175504409,0.808501392313015,1.05214154551633,OK,方法成功运行
genus.unknowngenus.id.2755,Weighted median,12,-0.0624191707578014,0.0887169416821392,0.481696441983385,-0.236304376454794,0.111466034939191,0.939488997928302,0.78954031987212,1.11791577328348,OK,方法成功运行
genus.unknowngenus.id.2755,MR Egger,12,-0.427535107873573,0.265058891232718,0.137823939069663,-0.9470505346897,0.091980318942555,0.652114507240573,0.387883386539244,1.09634324467411,OK,方法成功运行
genus.unknowngenus.id.2755,Weighted mode,12,-0.0731761070073487,0.137585050804695,0.605397263184426,-0.342842806584552,0.196490592569854,0.929437135219912,0.709749770782374,1.21712387081654,OK,方法成功运行
genus.unknowngenus.id.826,Inverse variance weighted,10,-0.0146968122834421,0.085847563480288,0.864069168955209,-0.182958036704807,0.153564412137922,0.985410658724281,0.832803102166266,1.16598288815398,OK,方法成功运行
genus.unknowngenus.id.826,Weighted median,10,-0.0782800864395164,0.114847130172268,0.495490359073662,-0.303380461577162,0.146820288698129,0.924705392828238,0.738318141243091,1.1581458124352,OK,方法成功运行
genus.unknowngenus.id.826,MR Egger,10,-0.0226812034022979,0.212538837783753,0.917642206626093,-0.439257325458454,0.393894918653858,0.977574081393658,0.644514908195013,1.48274473167578,OK,方法成功运行
genus.unknowngenus.id.826,Weighted mode,10,-0.107515775574284,0.130870427289133,0.43256017966899,-0.364021813060986,0.148990261912417,0.89806235488966,0.694876037204218,1.16066168652889,OK,方法成功运行
genus.unknowngenus.id.959,Inverse variance weighted,10,0.0752172735376226,0.0532237147723086,0.157588532983889,-0.0291012074161024,0.179535754491348,1.07811837203135,0.97131815489119,1.19666168933261,OK,方法成功运行
genus.unknowngenus.id.959,Weighted median,10,0.0732886068614749,0.070229892199225,0.296692299253138,-0.0643619818490062,0.210939195571956,1.07604104493397,0.937665520193008,1.23483726920476,OK,方法成功运行
genus.unknowngenus.id.959,MR Egger,10,-0.344382582450759,0.298253718414909,0.281551365025375,-0.928959870543981,0.240194705642464,0.708657756158915,0.394964310809527,1.27149669380222,OK,方法成功运行
genus.unknowngenus.id.959,Weighted mode,10,0.0880357853894795,0.123393032802173,0.49364631389622,-0.15381455890278,0.329886129681739,1.09202719994766,0.857431009216668,1.39080974749792,OK,方法成功运行
order.Actinomycetales.id.420,Inverse variance weighted,3,-0.162007348771771,0.14686153907662,0.269970776081665,-0.449855965361946,0.125841267818403,0.85043495486488,0.637719998776232,1.13410213548878,OK,方法成功运行
order.Actinomycetales.id.420,Weighted median,3,-0.167343055381181,0.162301233731782,0.30251053065236,-0.485453473495473,0.150767362733112,0.845909367794617,0.615418057700182,1.16272613318619,OK,方法成功运行
order.Actinomycetales.id.420,MR Egger,3,-0.369596958820895,0.632600904074433,0.663382219787501,-1.60949473080678,0.870300813164994,0.691012781126161,0.19998863664829,2.38762897573758,OK,方法成功运行
order.Actinomycetales.id.420,Weighted mode,3,-0.172414575142288,0.188156984230012,0.456224171433528,-0.541202264233111,0.196373113948534,0.841630181879535,0.582048055988129,1.2169808931808,OK,方法成功运行
order.Bacillales.id.1674,Inverse variance weighted,9,-0.0195230640259238,0.0466058988510504,0.675291522332979,-0.110870625773983,0.071824497722135,0.980666276815401,0.895054538426934,1.0744667561523,OK,方法成功运行
order.Bacillales.id.1674,Weighted median,9,-0.0193720084303556,0.0647915052984461,0.76494771963589,-0.14636335881531,0.107619341954599,0.980814423132782,0.863843760905674,1.11362375485205,OK,方法成功运行
order.Bacillales.id.1674,MR Egger,9,-0.03508651113697,0.210861841141794,0.872549833750992,-0.448375719774885,0.378202697500945,0.965521884248418,0.638664679997813,1.45965878207921,OK,方法成功运行
order.Bacillales.id.1674,Weighted mode,9,-0.0247264900509266,0.106150627024509,0.821658926532162,-0.232781719018963,0.18332873891711,0.97557670547637,0.792326504456555,1.20120922740168,OK,方法成功运行
order.Bacteroidales.id.913,Inverse variance weighted,10,0.00201180581352507,0.0948861572442321,0.983084270802905,-0.18396506238517,0.18798867401222,1.00201383085261,0.831964870187101,1.20681984684536,OK,方法成功运行
order.Bacteroidales.id.913,Weighted median,10,0.0865776084510144,0.131403942529811,0.509981730507686,-0.170974118907416,0.344129335809444,1.09043599148221,0.842843386897072,1.4107610856357,OK,方法成功运行
order.Bacteroidales.id.913,MR Egger,10,-0.217471245917341,0.211306627394149,0.333506423248758,-0.631632235609872,0.19668974377519,0.804550738705675,0.531723194781618,1.21736628664036,OK,方法成功运行
order.Bacteroidales.id.913,Weighted mode,10,0.160932462502191,0.18731652847388,0.412557144776947,-0.206207933306614,0.528072858310997,1.17460563620936,0.813663870872667,1.69566137812539,OK,方法成功运行
order.Bifidobacteriales.id.432,Inverse variance weighted,9,0.0955377547097695,0.102319967655922,0.350450592011495,-0.105009381895837,0.296084891315376,1.10025036088284,0.900316075874998,1.34458429551677,OK,方法成功运行
order.Bifidobacteriales.id.432,Weighted median,9,0.0794660706521527,0.131008239432882,0.544134273191733,-0.177310078636296,0.336242219940602,1.08270882330194,0.837520047181474,1.39967801367968,OK,方法成功运行
order.Bifidobacteriales.id.432,MR Egger,9,0.373734684461518,0.568419458465659,0.531877616177899,-0.740367454131173,1.48783682305421,1.45315155561949,0.476938630248357,4.42750767011625,OK,方法成功运行
order.Bifidobacteriales.id.432,Weighted mode,9,0.0719157425219975,0.199864374651465,0.728293522401887,-0.319818431794873,0.463649916838868,1.07456480012936,0.726280894621214,1.58986628758734,OK,方法成功运行
order.Burkholderiales.id.2874,Inverse variance weighted,11,0.0593047039529652,0.0970537164780363,0.541166271533429,-0.130920580343986,0.249529988249916,1.0610985123978,0.877287445491526,1.28342205145997,OK,方法成功运行
order.Burkholderiales.id.2874,Weighted median,11,0.00337905379350183,0.13079935188456,0.97938984442604,-0.252987675900236,0.25974578348724,1.00338476923155,0.776477451150343,1.29660042752602,OK,方法成功运行
order.Burkholderiales.id.2874,MR Egger,11,0.0909073443380237,0.333633180338068,0.79140363794011,-0.56301368912459,0.744828377800637,1.09516752708508,0.569490208653764,2.1060799538888,OK,方法成功运行
order.Burkholderiales.id.2874,Weighted mode,11,-0.103026511872467,0.24870928315493,0.687440302437633,-0.590496706856129,0.384443683111195,0.902103056723287,0.554052014941496,1.46879697754628,OK,方法成功运行
order.Clostridiales.id.1863,Inverse variance weighted,13,-0.117509364156266,0.0911333156544787,0.197251180664343,-0.296130662839044,0.0611119345265126,0.889132185734737,0.743690248992171,1.06301789593284,OK,方法成功运行
order.Clostridiales.id.1863,Weighted median,13,0.0299541211241625,0.110372724452185,0.786090622528051,-0.186376418802121,0.246284661050446,1.03040725894237,0.829961123203693,1.27926367825851,OK,方法成功运行
order.Clostridiales.id.1863,MR Egger,13,0.221756078619566,0.201216052694573,0.2939562542196,-0.172627384661797,0.616139541900929,1.24826686175073,0.841451094021402,1.85176556215326,OK,方法成功运行
order.Clostridiales.id.1863,Weighted mode,13,0.0497053978751409,0.118844958846704,0.683160948201817,-0.183230721464398,0.28264151721468,1.05096143529287,0.832576040412112,1.32662950272523,OK,方法成功运行
order.Coriobacteriales.id.810,Inverse variance weighted,13,0.153183044929044,0.0894633899327506,0.0868519336973105,-0.022165199339147,0.328531289197235,1.16553830529438,0.978078643758607,1.38892669804962,OK,方法成功运行
order.Coriobacteriales.id.810,Weighted median,13,0.185360636237332,0.120693717280407,0.124589014605983,-0.0511990496322666,0.42192032210693,1.20365244255243,0.950089536736637,1.5248870200578,OK,方法成功运行
order.Coriobacteriales.id.810,MR Egger,13,0.223336764542373,0.370785245315588,0.559163207237817,-0.50340231627618,0.950075845360926,1.2502415398688,0.604470557124644,2.58590578083557,OK,方法成功运行
order.Coriobacteriales.id.810,Weighted mode,13,0.383425587318112,0.23285009597842,0.125545477623167,-0.0729606007995909,0.839811775435814,1.4673023624823,0.929637456276713,2.31593102064651,OK,方法成功运行
order.Desulfovibrionales.id.3156,Inverse variance weighted,12,-0.11606139674689,0.079568522068588,0.144665714227814,-0.272015700001323,0.0398929065075423,0.890420552693892,0.761842300070825,1.04069931609992,OK,方法成功运行
order.Desulfovibrionales.id.3156,Weighted median,12,-0.0881026401248779,0.109550513197798,0.421270318144278,-0.302821645992561,0.126616365742805,0.915666887736184,0.738730840227384,1.13498151645922,OK,方法成功运行
order.Desulfovibrionales.id.3156,MR Egger,12,-0.150128370761732,0.219625810723651,0.50977825652272,-0.580594959780088,0.280338218256625,0.860597493778018,0.55956534863232,1.32357739468185,OK,方法成功运行
order.Desulfovibrionales.id.3156,Weighted mode,12,-0.0175974563772332,0.168843202001685,0.918867901840904,-0.348530132300536,0.31333521954607,0.982556474604444,0.705724649596304,1.36798002781873,OK,方法成功运行
order.Enterobacteriales.id.3468,Inverse variance weighted,6,-0.00980363483140021,0.1164560336888,0.932910821268751,-0.238057460861447,0.218450191198647,0.990244264140748,0.788157401589345,1.24414704561078,OK,方法成功运行
order.Enterobacteriales.id.3468,Weighted median,6,0.00451089120535697,0.153952521095408,0.976624900360077,-0.297236050141643,0.306257832552357,1.0045210805904,0.74286863741703,1.35833248373364,OK,方法成功运行
order.Enterobacteriales.id.3468,MR Egger,6,1.0174509903327,0.728687413002565,0.23513266371253,-0.410776339152325,2.44567831981773,2.76613486539911,0.66313523240377,11.5383736524463,OK,方法成功运行
order.Enterobacteriales.id.3468,Weighted mode,6,0.0107333099920848,0.247301456981913,0.96706123765552,-0.473977545692465,0.495444165676635,1.01079111860457,0.622521230693913,1.6412270539127,OK,方法成功运行
order.Erysipelotrichales.id.2148,Inverse variance weighted,12,0.162255514445726,0.143118353056373,0.256913849305855,-0.118256457544765,0.442767486436218,1.17616072898665,0.888468169029403,1.55701026624469,OK,方法成功运行
order.Erysipelotrichales.id.2148,Weighted median,12,0.267367740655619,0.13423010348934,0.0463862845157703,0.00427673781651194,0.530458743494726,1.30652081882149,1.00428589611091,1.69971186155686,OK,方法成功运行
order.Erysipelotrichales.id.2148,MR Egger,12,1.32739572541991,0.54019179710087,0.0338343382789217,0.268619803102204,2.38617164773762,3.77120932324827,1.30815768899241,10.8717931174712,OK,方法成功运行
order.Erysipelotrichales.id.2148,Weighted mode,12,0.357346269937725,0.229144114624378,0.147171310979932,-0.0917761947260564,0.806468734601505,1.42953078769818,0.91230930633278,2.23998402602237,OK,方法成功运行
order.Gastranaerophilales.id.1591,Inverse variance weighted,8,0.0776680511950881,0.103324458418067,0.452236987111078,-0.124847887304324,0.2801839896945,1.08076384085344,0.882631151777618,1.3233732769842,OK,方法成功运行
order.Gastranaerophilales.id.1591,Weighted median,8,0.114951447597485,0.093445059456888,0.218640908529932,-0.0682008689380153,0.298103764132986,1.12181896924352,0.93407282851472,1.34730158220716,OK,方法成功运行
order.Gastranaerophilales.id.1591,MR Egger,8,-0.0687743383431924,0.340686299174132,0.846688790484328,-0.736519484724492,0.598970808038107,0.933537319888942,0.47877741102362,1.82024445506355,OK,方法成功运行
order.Gastranaerophilales.id.1591,Weighted mode,8,0.091063933289703,0.127816024032236,0.499231920141273,-0.15945547381348,0.341583340392886,1.09533903164757,0.85260792993097,1.40717386284193,OK,方法成功运行
order.Lactobacillales.id.1800,Inverse variance weighted,15,-0.0215847007970549,0.0739207365939931,0.770288219821229,-0.166469344521281,0.123299942927172,0.978646581813018,0.846648770961001,1.13122367260653,OK,方法成功运行
order.Lactobacillales.id.1800,Weighted median,15,-0.0182528541942596,0.101408001023947,0.857157104717232,-0.217012536201196,0.180506827812677,0.981912720216537,0.804919878604207,1.19782429997251,OK,方法成功运行
order.Lactobacillales.id.1800,MR Egger,15,0.0023202153354171,0.185573604472742,0.99021420017123,-0.361404049431157,0.366044480101991,1.002322909118,0.696697441384334,1.44201938239724,OK,方法成功运行
order.Lactobacillales.id.1800,Weighted mode,15,-0.0227258633314477,0.139555836769584,0.87296826258213,-0.296255303399832,0.250803576736937,0.97753042397932,0.743597560798958,1.28505764432374,OK,方法成功运行
order.Methanobacteriales.id.120,Inverse variance weighted,10,-0.0923043087946192,0.0442411247025466,0.0369431696843185,-0.179016913211611,-0.0055917043776279,0.911827630154404,0.836091758280617,0.994423900102534,OK,方法成功运行
order.Methanobacteriales.id.120,Weighted median,10,-0.11157963028026,0.0578132540207347,0.0536067305512649,-0.2248936081609,0.00173434760038053,0.894420165638982,0.798601178887894,1.00173585245103,OK,方法成功运行
order.Methanobacteriales.id.120,MR Egger,10,-0.264924226914355,0.185217091972007,0.190491724919378,-0.627949727179488,0.0981012733507783,0.767264085740546,0.533684879672762,1.10307449150188,OK,方法成功运行
order.Methanobacteriales.id.120,Weighted mode,10,-0.148006145684269,0.0946243613655366,0.152222210020482,-0.33346989396072,0.0374576025921833,0.862425814728996,0.716433467289397,1.03816798051749,OK,方法成功运行
order.MollicutesRF9.id.11579,Inverse variance weighted,11,0.0229570637448328,0.119259483298673,0.847353108157844,-0.210791523520567,0.256705651010232,1.02322260525717,0.809942903326479,1.29266457624265,OK,方法成功运行
order.MollicutesRF9.id.11579,Weighted median,11,-0.112030937391248,0.111019104498988,0.312919943895919,-0.329628382209265,0.10556650742677,0.894016598531221,0.719190947929207,1.11134001442967,OK,方法成功运行
order.MollicutesRF9.id.11579,MR Egger,11,-0.450547602906196,0.31450613678629,0.185789149886249,-1.06697963100733,0.165884425194932,0.637279080177864,0.344046095855023,1.18043666510165,OK,方法成功运行
order.MollicutesRF9.id.11579,Weighted mode,11,-0.160262165264365,0.143100142286805,0.288920372919697,-0.440738444146503,0.120214113617773,0.851920415746129,0.643561011711095,1.12773828985598,OK,方法成功运行
order.NB1n.id.3953,Inverse variance weighted,12,0.0672946834341578,0.0492186928282049,0.17154424814534,-0.0291739545091239,0.163763321377439,1.06961062827071,0.971247496889136,1.17793548994882,OK,方法成功运行
order.NB1n.id.3953,Weighted median,12,0.0986181271253681,0.0663351955848069,0.137103655300315,-0.0313988562208533,0.22863511047159,1.10364476707832,0.969088968817621,1.25688333176,OK,方法成功运行
order.NB1n.id.3953,MR Egger,12,0.390333518682997,0.206036978549038,0.0874139326749584,-0.0134989592731186,0.794165996639111,1.47747347672673,0.986591743089746,2.21259491549626,OK,方法成功运行
order.NB1n.id.3953,Weighted mode,12,0.111314262492451,0.107466693275365,0.322528846384298,-0.0993204563272654,0.321948981312167,1.11774611734619,0.905452503543302,1.37981437784244,OK,方法成功运行
order.Pasteurellales.id.3688,Inverse variance weighted,14,-0.0436064237038835,0.0585531579181922,0.456433612763299,-0.15837061322354,0.0711577658157733,0.957330665994092,0.853533392581034,1.0737506136477,OK,方法成功运行
order.Pasteurellales.id.3688,Weighted median,14,-0.115509780580316,0.0761567800851979,0.129333183504944,-0.264777069547303,0.0337575083866723,0.890911858559479,0.767377002611308,1.03433375905317,OK,方法成功运行
order.Pasteurellales.id.3688,MR Egger,14,-0.167543789164569,0.129137086413381,0.218877962141236,-0.420652478534795,0.0855649002056581,0.845739582248234,0.656618250700051,1.08933225693747,OK,方法成功运行
order.Pasteurellales.id.3688,Weighted mode,14,-0.163989201624331,0.0988976402806524,0.1212030843567,-0.35782857657441,0.029850173325748,0.848751186964889,0.699192922779846,1.03030015594299,OK,方法成功运行
order.Rhodospirillales.id.2667,Inverse variance weighted,13,-0.065582681166317,0.0611025024082479,0.283126512936406,-0.185343585886483,0.0541782235538489,0.93652161085936,0.830818777200835,1.05567273113592,OK,方法成功运行
order.Rhodospirillales.id.2667,Weighted median,13,-0.044961238758448,0.0841213471539449,0.593008980422198,-0.20983907918018,0.119916601663284,0.956034538200587,0.810714696347391,1.12740282413822,OK,方法成功运行
order.Rhodospirillales.id.2667,MR Egger,13,-0.327210825890088,0.284861396548044,0.275058605795167,-0.885539163124254,0.231117511344078,0.720931735928734,0.412491712992541,1.26000729590079,OK,方法成功运行
order.Rhodospirillales.id.2667,Weighted mode,13,-0.0346502339105756,0.124464884707282,0.785449213363881,-0.278601407936849,0.209300940115698,0.96594321135913,0.75684151412179,1.23281594648446,OK,方法成功运行
order.Selenomonadales.id.2165,Inverse variance weighted,12,-0.0327370916807858,0.0886629001849609,0.711955547964105,-0.206516376043309,0.141042192681738,0.967792966966951,0.813412940862344,1.15147323070337,OK,方法成功运行
order.Selenomonadales.id.2165,Weighted median,12,-0.0590439683350776,0.114557025372692,0.606265741689034,-0.283575738065555,0.1654878013954,0.942665320821207,0.753086082696964,1.17996856866166,OK,方法成功运行
order.Selenomonadales.id.2165,MR Egger,12,0.151158845792028,0.282112121970154,0.60380128346992,-0.401780913269474,0.70409860485353,1.16318140988023,0.66912732655108,2.02202322129746,OK,方法成功运行
order.Selenomonadales.id.2165,Weighted mode,12,-0.0451840154400066,0.166622761293664,0.791277393236544,-0.371764627575588,0.281396596695575,0.955821579720684,0.689516516600236,1.32497898203274,OK,方法成功运行
order.Verrucomicrobiales.id.4030,Inverse variance weighted,10,-0.0393915018061991,0.0831765379672392,0.635792949370936,-0.202417516221988,0.12363451260959,0.961374255702533,0.816753848762917,1.13160220907129,OK,方法成功运行
order.Verrucomicrobiales.id.4030,Weighted median,10,-0.086808687174639,0.117366462155611,0.459519719793636,-0.316846952999636,0.143229578650358,0.916852484494796,0.728442232493468,1.15399470380353,OK,方法成功运行
order.Verrucomicrobiales.id.4030,MR Egger,10,-0.300698522149934,0.285263854311394,0.322626700628811,-0.859815676600267,0.258418632300398,0.740300923438322,0.423240088180332,1.29488078409558,OK,方法成功运行
order.Verrucomicrobiales.id.4030,Weighted mode,10,-0.191224711852421,0.187023164435402,0.333256834148425,-0.557790114145809,0.175340690440968,0.825946967223358,0.572472766483804,1.19165213195301,OK,方法成功运行
order.Victivallales.id.2254,Inverse variance weighted,8,-0.0503853820813058,0.0584753108301809,0.388878919218424,-0.16499699130846,0.0642262271458488,0.950862908354214,0.847896255142368,1.06633360508477,OK,方法成功运行
order.Victivallales.id.2254,Weighted median,8,-0.032482637869937,0.0735479405420711,0.658740627460946,-0.176636601332396,0.111671325592522,0.968039256908887,0.838084287905146,1.11814529450142,OK,方法成功运行
order.Victivallales.id.2254,MR Egger,8,0.145542502426121,0.202108702080323,0.498531468276297,-0.250590553651312,0.541675558503554,1.15666689468671,0.778340995203383,1.71888454226236,OK,方法成功运行
order.Victivallales.id.2254,Weighted mode,8,0.0757989767660502,0.121275327039208,0.551782317221862,-0.161900664230798,0.313498617762898,1.07874569941048,0.850525687967491,1.36820357157876,OK,方法成功运行
phylum.Actinobacteria.id.400,Inverse variance weighted,12,0.03090099424079,0.0757867756300031,0.683467528828768,-0.117641085994016,0.179443074475596,1.03138338593631,0.889015075322398,1.19655078784765,OK,方法成功运行
phylum.Actinobacteria.id.400,Weighted median,12,0.000229081780286171,0.112276730907375,0.998372051917112,-0.219833310798168,0.220291474358741,1.00022910802152,0.802652580330094,1.24643998294017,OK,方法成功运行
phylum.Actinobacteria.id.400,MR Egger,12,-0.318253783875156,0.487156292696501,0.528304054514632,-1.2730801175603,0.636572549809986,0.72741815798848,0.279967958144223,1.88999191221295,OK,方法成功运行
phylum.Actinobacteria.id.400,Weighted mode,12,0.0253431244751658,0.104059794865999,0.81206639064948,-0.178614073462192,0.229300322412523,1.02566699160138,0.836428637124552,1.25771970371211,OK,方法成功运行
phylum.Bacteroidetes.id.905,Inverse variance weighted,9,-0.0867258957094996,0.120909741969925,0.473202590290619,-0.323708989970553,0.150257198551554,0.91692839519764,0.723460746082034,1.16213310324426,OK,方法成功运行
phylum.Bacteroidetes.id.905,Weighted median,9,-0.0350174461018805,0.140695156594547,0.803446813285311,-0.310779953027192,0.240745060823431,0.965588570354046,0.732875125080201,1.27219666119291,OK,方法成功运行
phylum.Bacteroidetes.id.905,MR Egger,9,-0.151011027334433,0.281530588785504,0.60830318240887,-0.702810981354021,0.400788926685154,0.85983821688335,0.495191371837996,1.49300210233673,OK,方法成功运行
phylum.Bacteroidetes.id.905,Weighted mode,9,-0.0309728460845919,0.176568795490364,0.865112028310713,-0.377047685245706,0.315101993076522,0.969501898491145,0.685883366599337,1.37039907504712,OK,方法成功运行
phylum.Cyanobacteria.id.1500,Inverse variance weighted,8,-0.00674834528252313,0.0938525838488582,0.942678568824955,-0.190699409626285,0.177202719061239,0.993274373665674,0.826380952980773,1.19387308942961,OK,方法成功运行
phylum.Cyanobacteria.id.1500,Weighted median,8,0.0301275650465973,0.103448658632153,0.770873851139439,-0.172631805872423,0.232886935965618,1.03058599231873,0.841447373797107,1.26223875745279,OK,方法成功运行
phylum.Cyanobacteria.id.1500,MR Egger,8,-0.119510698619978,0.33886004172692,0.736383736353549,-0.783676380404741,0.544654983164784,0.887354514299532,0.456723830490802,1.72401346608433,OK,方法成功运行
phylum.Cyanobacteria.id.1500,Weighted mode,8,0.0907819387060034,0.151409610879742,0.567679127529378,-0.20598089861829,0.387544776030297,1.09503019552043,0.813848621767628,1.47335892330586,OK,方法成功运行
phylum.Euryarchaeota.id.55,Inverse variance weighted,11,-0.0819444247538305,0.0460511061381372,0.075170341278705,-0.172204592784579,0.00831574327691831,0.921323160034993,0.841806927925571,1.00835041511076,OK,方法成功运行
phylum.Euryarchaeota.id.55,Weighted median,11,-0.0711497580667154,0.0600027875888229,0.235711478804728,-0.188755221740808,0.0464557056073774,0.931322408640057,0.827989155635841,1.04755167737558,OK,方法成功运行
phylum.Euryarchaeota.id.55,MR Egger,11,-0.288075712320949,0.203532758099088,0.190616136766682,-0.686999918195162,0.110848493553263,0.74970482819763,0.50308309777898,1.11722562714633,OK,方法成功运行
phylum.Euryarchaeota.id.55,Weighted mode,11,-0.173014500965482,0.107501802250165,0.138604957783704,-0.383718033375806,0.037689031444841,0.84112541762554,0.681323510587984,1.03840827034601,OK,方法成功运行
phylum.Firmicutes.id.1672,Inverse variance weighted,15,0.0328255147377775,0.0716296126739537,0.646760358528886,-0.107568526103172,0.173219555578727,1.03337021563681,0.898014982874927,1.1891271559263,OK,方法成功运行
phylum.Firmicutes.id.1672,Weighted median,15,0.0374241033201278,0.0985257363209431,0.704063527700498,-0.155686339868921,0.230534546509176,1.03813320322838,0.855827587269319,1.25927297001944,OK,方法成功运行
phylum.Firmicutes.id.1672,MR Egger,15,0.0484607589230137,0.1575562829394,0.763276066819887,-0.26034955563821,0.357271073484237,1.04965418145161,0.770782107475976,1.42942329609434,OK,方法成功运行
phylum.Firmicutes.id.1672,Weighted mode,15,0.0566079222851615,0.12230767235821,0.650596833731803,-0.18311511553693,0.296330960107253,1.05824081640482,0.832672296701243,1.34491519646048,OK,方法成功运行
phylum.Lentisphaerae.id.2238,Inverse variance weighted,8,-0.0511456259154884,0.0582949873224892,0.380291729855739,-0.165403801067567,0.0631125492365905,0.950140295406808,0.8475513928225,1.06514671393479,OK,方法成功运行
phylum.Lentisphaerae.id.2238,Weighted median,8,-0.0375300653332485,0.0748238326690894,0.615963674012456,-0.184184777364664,0.109124646698167,0.963165459394993,0.831782095122653,1.11530136030972,OK,方法成功运行
phylum.Lentisphaerae.id.2238,MR Egger,8,0.141402895954,0.206124602158966,0.518324187996306,-0.262601324277574,0.545407116185573,1.15188864578189,0.769048437143365,1.72531064130346,OK,方法成功运行
phylum.Lentisphaerae.id.2238,Weighted mode,8,0.078743681241409,0.128505674028647,0.559405222936814,-0.17312743985474,0.330614802337558,1.08192696834894,0.841030427219304,1.39182356185491,OK,方法成功运行
phylum.Proteobacteria.id.2375,Inverse variance weighted,10,-0.125197430021016,0.126156376392728,0.321003049328006,-0.372463927750763,0.122069067708731,0.882322688400692,0.689034506134036,1.12983213400228,OK,方法成功运行
phylum.Proteobacteria.id.2375,Weighted median,10,-0.0971953101399962,0.153298984306295,0.526064840580195,-0.397661319380335,0.203270699100343,0.907378768551372,0.671889545099442,1.22540413915199,OK,方法成功运行
phylum.Proteobacteria.id.2375,MR Egger,10,0.191701873112715,0.367597465476268,0.61614430183329,-0.528789159220771,0.9121929054462,1.21130933924633,0.589318108239995,2.48977639551482,OK,方法成功运行
phylum.Proteobacteria.id.2375,Weighted mode,10,-0.450186208839421,0.301233084120685,0.169260100221358,-1.04060305371596,0.140230636037122,0.637509430677465,0.353241594057584,1.1505391240434,OK,方法成功运行
phylum.Tenericutes.id.3919,Inverse variance weighted,11,-0.0285208282805757,0.0739857057742804,0.699873627390812,-0.173532811598165,0.116491155037014,0.971882051303275,0.8406895663411,1.12354757268656,OK,方法成功运行
phylum.Tenericutes.id.3919,Weighted median,11,0.0148362984299908,0.101703336669945,0.88401755111239,-0.1845022414431,0.214174838303082,1.01494690261417,0.831518076096861,1.23883923240906,OK,方法成功运行
phylum.Tenericutes.id.3919,MR Egger,11,-0.306739921810375,0.226682692632713,0.209010182250706,-0.751037999370493,0.137558155749743,0.735841952465839,0.471876490942548,1.14746843591889,OK,方法成功运行
phylum.Tenericutes.id.3919,Weighted mode,11,0.0666766842292089,0.169493378587719,0.702289428595107,-0.26553033780272,0.398883706261138,1.06894981396523,0.766799179530518,1.49016031221616,OK,方法成功运行
phylum.Verrucomicrobia.id.3982,Inverse variance weighted,11,-0.00393681075623695,0.0958825017103854,0.967249100415734,-0.191866514108592,0.183992892596118,0.996070928324132,0.825417042667893,1.20200727991473,OK,方法成功运行
phylum.Verrucomicrobia.id.3982,Weighted median,11,-0.0836712514728137,0.109128351334955,0.443246037487761,-0.297562820089325,0.130220317143698,0.9197335674559,0.742625929928162,1.13907931438239,OK,方法成功运行
phylum.Verrucomicrobia.id.3982,MR Egger,11,0.012087127753599,0.300799444522661,0.968824240944391,-0.577479783510817,0.601654039018015,1.01216047229264,0.561311211250517,1.82513514987399,OK,方法成功运行
phylum.Verrucomicrobia.id.3982,Weighted mode,11,-0.160782028783194,0.179296833296128,0.390936485005734,-0.512203822043604,0.190639764477216,0.851477648500278,0.599173650600891,1.21002348011878,OK,方法成功运行
