"gene_symbol","logFC","logCPM","F","PValue","BH_FDR_full_transcriptome_within_cell_type_supplementary","predicted_for_any_chemical_form","predicted_for_all_chemical_forms","predicted_for_any_sulfate_or_glucuronide","predicted_for_all_sulfate_and_glucuronide_forms","cell_type","minimum_nuclei","n_donors","n_et_donors","n_control_donors","nominal_p_lt_0_05","BH_FDR_all_target_gene_cell_type_tests_within_threshold_supplementary"
"NR4A1",-2.72868263273194,3.07153705749325,43.9243823070175,5.26258672836575e-10,6.36720368264972e-06,TRUE,FALSE,TRUE,FALSE,"Astrocytes",10,108,16,92,TRUE,6.13617612527446e-07
"TLR4",1.04195992299004,3.92336336868961,30.1659980343848,2.54666553425451e-07,0.000170406040418467,TRUE,FALSE,TRUE,FALSE,"Bergmann",10,108,16,92,TRUE,7.54812582941193e-05
"PPARA",0.774070075969459,4.80353668311907,30.0231552725619,2.68612365828644e-07,0.000172542120065546,TRUE,FALSE,TRUE,TRUE,"Bergmann",10,108,16,92,TRUE,7.54812582941193e-05
"EGFR",1.26749259332879,3.91656919168988,29.214555874288,3.39880146623115e-07,0.000101903620849757,TRUE,FALSE,FALSE,FALSE,"Oligodendrocytes",10,108,16,92,TRUE,7.54812582941193e-05
"NR4A1",-2.50811865870551,3.32510663209671,28.6598203442925,3.48267595026166e-07,0.000226777193982301,TRUE,FALSE,TRUE,FALSE,"OPC",10,108,16,92,TRUE,7.54812582941193e-05
"MAOA",1.13054084883886,2.82587904637451,28.9063127087716,3.88411277671283e-07,0.000196085689507637,TRUE,FALSE,TRUE,FALSE,"Bergmann",10,108,16,92,TRUE,7.54812582941193e-05
"TLR4",1.47250879610229,2.26167224079557,26.0277207426256,9.73530012608099e-07,0.000221560945136673,TRUE,FALSE,TRUE,FALSE,"Oligodendrocytes",10,108,16,92,TRUE,0.000162162284957292
"TLR4",1.13019732684452,0.896642164294777,26.0045371721863,1.28154923214406e-06,0.000796313819150739,TRUE,FALSE,TRUE,FALSE,"Granule",10,109,16,93,TRUE,0.000171286614053362
"EGFR",1.17367113285423,2.95647160652638,26.1582107379888,1.32210937090931e-06,0.000796313819150739,TRUE,FALSE,FALSE,FALSE,"Granule",10,109,16,93,TRUE,0.000171286614053362
"NR4A1",-3.07370542290374,3.36106251399607,23.0306040265873,3.87855634809051e-06,0.012514162057114,TRUE,FALSE,TRUE,FALSE,"MLI_1",10,108,16,92,TRUE,0.000452239670187354
"EGFR",1.34031353275539,4.3454635218609,22.9189783498367,4.55714202858157e-06,0.00117962961745725,TRUE,FALSE,FALSE,FALSE,"Golgi",10,106,16,90,TRUE,0.000483057055029647
"CBS",1.65738598559166,0.977636124804095,21.5647753531914,7.16403065612211e-06,0.00109022160638918,TRUE,FALSE,FALSE,FALSE,"Bergmann",10,108,16,92,TRUE,0.000696104978753199
"PRKCA",0.830034593552038,6.61512767986516,22.1863255632695,7.80150901252878e-06,0.00176054053382733,TRUE,FALSE,TRUE,TRUE,"Golgi",10,106,16,90,TRUE,0.000699735346816043
"ERBB2",0.986065506178964,2.61257919412471,20.0370182953909,1.74515752403048e-05,0.00167505033384098,TRUE,FALSE,FALSE,FALSE,"Bergmann",10,108,16,92,TRUE,0.00145346690929967
"NR4A1",-2.35220835566816,3.57245099608482,19.2924523354373,2.18587539861631e-05,0.00232219140772687,TRUE,FALSE,TRUE,FALSE,"Oligodendrocytes",10,108,16,92,TRUE,0.00169915380985775
"NR4A1",-2.39681577411881,3.41386334733682,17.9586428777636,4.59964896100688e-05,0.0029890559259835,TRUE,FALSE,TRUE,FALSE,"Bergmann",10,108,16,92,TRUE,0.00329126497789857
"EGFR",0.991303056856305,3.93241375289403,17.6601671848811,4.79858530225349e-05,0.0111397158381272,TRUE,FALSE,FALSE,FALSE,"Microglia",10,108,16,92,TRUE,0.00329126497789857
"EGFR",0.723503264371282,5.54476394023133,17.6173051815616,5.54400765985236e-05,0.00797563520554574,TRUE,FALSE,FALSE,FALSE,"OPC",10,108,16,92,TRUE,0.00342917823177235
"TLR4",0.93140334076688,3.40757051597002,17.2787569345324,5.58785475160161e-05,0.0102435537332769,TRUE,FALSE,TRUE,FALSE,"Astrocytes",10,108,16,92,TRUE,0.00342917823177235
"PRKCA",0.661159941563766,6.36070120491688,17.146777636529,6.57269827837306e-05,0.0266908704000019,TRUE,FALSE,TRUE,TRUE,"MLI_2",10,106,16,90,TRUE,0.00366244442301913
"KAT2B",0.398410760309868,7.2643289795075,17.1997168723421,6.59616920097786e-05,0.00367208739418437,TRUE,FALSE,FALSE,FALSE,"Bergmann",10,108,16,92,TRUE,0.00366244442301913
"EGFR",0.986218345705345,5.50821556534025,17.0570664409136,7.31053545352149e-05,0.0116381800594943,TRUE,FALSE,FALSE,FALSE,"Astrocytes",10,108,16,92,TRUE,0.00387458379036639
"PRKCA",0.878432599542919,7.03917381167184,16.8608894677081,8.04388010730629e-05,0.0111728328910759,TRUE,FALSE,TRUE,TRUE,"Endocytes",10,107,16,91,TRUE,0.00407789748048658
"NR4A1",-2.34029395269452,3.67331297568146,15.1305735237867,0.000175735097173577,0.0154545190602241,TRUE,FALSE,TRUE,FALSE,"Granule",10,109,16,93,TRUE,0.00827995072230892
"MME",-1.45270011378353,3.45246765339747,14.9827692821423,0.00017752896059839,0.020373833113628,TRUE,FALSE,TRUE,FALSE,"Astrocytes",10,108,16,92,TRUE,0.00827995072230892
"HDAC1",0.643858628437229,2.56110359423089,14.8827702174225,0.000185693681551739,0.00691549116154956,TRUE,FALSE,TRUE,FALSE,"Bergmann",10,108,16,92,TRUE,0.00832764741112798
"EGFR",1.16306723593361,3.9773405561089,14.2217731698163,0.000233395940452851,0.0593075232736174,TRUE,FALSE,FALSE,FALSE,"MLI_2",10,106,16,90,TRUE,0.0100792469099268
"AR",0.803112601460068,1.68581890499723,13.8072568795706,0.000298177153405131,0.00920491060816838,TRUE,FALSE,TRUE,FALSE,"Bergmann",10,108,16,92,TRUE,0.0123668446174454
"NR4A1",-1.94706407527715,3.40890208848105,13.6080368714527,0.000307580183452759,0.0405359077146206,TRUE,FALSE,TRUE,FALSE,"Microglia",10,108,16,92,TRUE,0.0123668446174454
"PDE4B",-0.586168919333751,8.16123932779452,13.8558087068644,0.000324035869831211,0.0854936238962666,TRUE,FALSE,TRUE,FALSE,"PLI",10,107,16,91,TRUE,0.0125941941407731
"CA12",0.856901079323845,0.704429296720319,13.4821649100555,0.000359294915081606,0.0228369999405773,TRUE,TRUE,TRUE,TRUE,"Granule",10,109,16,93,TRUE,0.0135141248704888
"HSD11B1",0.68722932188702,2.74043712103238,13.153428831504,0.000395921421566862,0.0206811243828304,TRUE,FALSE,TRUE,FALSE,"Oligodendrocytes",10,108,16,92,TRUE,0.0144263867983425
"EGFR",0.712343523217787,6.31957364765156,12.6547179647477,0.0005655193844929,0.0130994996399666,TRUE,FALSE,FALSE,FALSE,"Bergmann",10,108,16,92,TRUE,0.0199816849187491
"PPARA",0.537027906173087,4.69956377581662,12.2510425269596,0.000657031048684169,0.0368028641575452,TRUE,FALSE,TRUE,TRUE,"Astrocytes",10,108,16,92,TRUE,0.0221876418866263
"PRKCA",0.556414130646477,5.96911960889778,12.1470939177989,0.000666009833646586,0.115605285861392,TRUE,FALSE,TRUE,TRUE,"PLI",10,107,16,91,TRUE,0.0221876418866263
"PPARA",0.495286712552027,4.40968572197824,12.0787203764943,0.000701157186875245,0.0419068440387466,TRUE,FALSE,TRUE,TRUE,"OPC",10,108,16,92,TRUE,0.0227097022193482
"MME",-1.38771651609209,3.15403933168726,11.9746542314886,0.000776599620564092,0.0161117891466347,TRUE,FALSE,TRUE,FALSE,"Bergmann",10,108,16,92,TRUE,0.024473382637236
"PDE4B",-0.627492273227732,8.55386608893603,11.9860164430746,0.000801816837953709,0.0785308844231133,TRUE,FALSE,TRUE,FALSE,"Pericytes",10,102,16,86,TRUE,0.0246031166593165
"APEX1",-0.56321271497614,3.34627161794938,11.5425722483379,0.000897533890504598,0.0439646256729358,TRUE,FALSE,FALSE,FALSE,"Astrocytes",10,108,16,92,TRUE,0.0268339619571375
"NR4A1",-1.46405911460469,4.94648528228889,11.518905085356,0.000941783504347648,0.0708787503187762,TRUE,FALSE,TRUE,FALSE,"Endocytes",10,107,16,91,TRUE,0.0274529891517339
"ALK",0.574436625514865,4.81082905447827,11.4937728747587,0.000975641833543156,0.0183080834404542,TRUE,FALSE,FALSE,FALSE,"Bergmann",10,108,16,92,TRUE,0.0277463019002761
"PRKCG",-0.589520631758132,5.09944953653964,10.8357307345863,0.00121453250907958,0.151152008111112,TRUE,FALSE,TRUE,TRUE,"PLI",10,107,16,91,TRUE,0.0337177358473047
"PRKCA",0.504455673049443,5.71756672169904,10.9270154354648,0.00128773662232987,0.0491584387006663,TRUE,FALSE,TRUE,TRUE,"Granule",10,109,16,93,TRUE,0.0349186256194564
"MAOA",0.840241501812256,2.66603273117103,10.622804661857,0.00137349115923421,0.0643667902350213,TRUE,FALSE,TRUE,FALSE,"OPC",10,108,16,92,TRUE,0.0363975157197065
"TRPV3",0.691348229949554,2.0924371926522,10.623275290063,0.00144198339054364,0.0231515435032274,TRUE,FALSE,TRUE,FALSE,"Bergmann",10,108,16,92,TRUE,0.0373633918527531
"PDE4B",-0.639749354694688,8.02027871402585,10.451992837812,0.00164061186297869,0.0568842187419223,TRUE,FALSE,TRUE,FALSE,"Granule",10,109,16,93,TRUE,0.0415859441789817
"MME",-1.33901015027645,3.34361550121794,10.1548397105582,0.00178107336477342,0.109046706064122,TRUE,FALSE,TRUE,FALSE,"Microglia",10,108,16,92,TRUE,0.0429496133348757
"EGFR",0.888935405385059,4.15279131845212,10.1723507237639,0.00178226315389902,0.277961428340595,TRUE,FALSE,FALSE,FALSE,"Purkinje",10,108,16,92,TRUE,0.0429496133348757
"PRKCA",0.459065389967188,6.49091443967122,10.1397210687252,0.00184721595026171,0.277961428340595,TRUE,FALSE,TRUE,TRUE,"Purkinje",10,108,16,92,TRUE,0.0429496133348757
"PPARA",0.389744591254751,3.73428507244483,10.1429203444661,0.00186962848327996,0.061986474622262,TRUE,FALSE,TRUE,TRUE,"Granule",10,109,16,93,TRUE,0.0429496133348757
"PPARA",0.623319719408425,4.43412416162138,10.0535355342903,0.00187858514586506,0.0978309341346651,TRUE,FALSE,TRUE,TRUE,"Golgi",10,106,16,90,TRUE,0.0429496133348757
"PRKCA",0.673363601248664,7.75103234911594,10.1389368129078,0.00192142349469753,0.066644936229058,TRUE,FALSE,TRUE,TRUE,"Astrocytes",10,108,16,92,TRUE,0.04308422682341
"MAOA",0.870128641117915,3.496756316859,9.57697556246705,0.00241221128218389,0.0744736956056033,TRUE,FALSE,TRUE,FALSE,"Astrocytes",10,108,16,92,TRUE,0.0530686482080457
"PRKCA",0.412336637550383,7.69125140108143,9.59948220390136,0.00249472032779916,0.090124562192768,TRUE,FALSE,TRUE,TRUE,"OPC",10,108,16,92,TRUE,0.0538674796706263
"F3",0.778530068772031,-0.0382325264139029,9.39008089674045,0.00264523875959827,0.0731590714596548,TRUE,FALSE,TRUE,FALSE,"Granule",10,109,16,93,TRUE,0.0560790617034834
"KAT2B",0.27274879179995,7.06731131261569,9.13676127553554,0.00308897084471937,0.0853275302517343,TRUE,FALSE,FALSE,FALSE,"Astrocytes",10,108,16,92,TRUE,0.0643167858025497
"FYN",0.223352118916963,8.40197968936542,8.90417628857752,0.00349723200284357,0.0418090706367147,TRUE,FALSE,TRUE,FALSE,"Bergmann",10,108,16,92,TRUE,0.0715398686897474
"PTPN1",-0.236531687871722,5.88123208312969,8.78748994419305,0.00368294110486298,0.317051182676051,TRUE,TRUE,TRUE,TRUE,"MLI_1",10,108,16,92,TRUE,0.0740398160046591
"POLA1",-0.222637579602029,6.83757570211105,8.74359290570564,0.00379413654037543,0.0445297781874983,TRUE,FALSE,TRUE,FALSE,"Bergmann",10,108,16,92,TRUE,0.0748915241957496
"EGFR",0.682456300558142,3.45302704809744,8.67664704292826,0.00385376625364063,0.320881982383781,TRUE,FALSE,FALSE,FALSE,"MLI_1",10,108,16,92,TRUE,0.0748915241957496
"PDE4D",0.415560305477585,8.94183146352144,8.65433911840028,0.00400367869084881,0.0462416582405713,TRUE,FALSE,TRUE,FALSE,"Bergmann",10,108,16,92,TRUE,0.0765293336644216
"PRKCA",0.606716764157063,8.35687397053892,8.62582685388506,0.00408411362570512,0.0469312916171684,TRUE,FALSE,TRUE,TRUE,"Bergmann",10,108,16,92,TRUE,0.0768076852834221
"HSD11B1",0.558244155448495,1.05287763347799,8.07446438459982,0.0052798792259217,0.106452069652881,TRUE,FALSE,TRUE,FALSE,"Granule",10,109,16,93,TRUE,0.0977196694829317
"APEX1",-0.497854804720148,3.38173051432087,7.95029333043646,0.00558675269014261,0.357717426612718,TRUE,FALSE,FALSE,FALSE,"MLI_1",10,108,16,92,TRUE,0.100705640857226
"KDR",0.463127955609736,-0.447812658868036,7.8873239670167,0.00566586954067843,0.110186122237409,TRUE,FALSE,TRUE,FALSE,"Granule",10,109,16,93,TRUE,0.100705640857226
"STS",0.56020719200221,5.82972113958345,7.95556923004379,0.00570031929380525,0.359104490265801,TRUE,FALSE,TRUE,FALSE,"Purkinje",10,108,16,92,TRUE,0.100705640857226
"PPARA",0.400417083395813,4.25136394090649,7.84198014131685,0.00591759748846603,0.123975505146559,TRUE,FALSE,TRUE,TRUE,"Oligodendrocytes",10,108,16,92,TRUE,0.102983860769424
"MAOA",0.48088452301173,0.647627453220543,7.80989336078015,0.00602560310489092,0.113731039816819,TRUE,FALSE,TRUE,FALSE,"Granule",10,109,16,93,TRUE,0.103321370886806
"PRKCA",0.488329172626351,6.80002916624524,7.74543056920218,0.00635017264931933,0.329422155034783,TRUE,FALSE,TRUE,TRUE,"UBC",10,107,16,91,TRUE,0.105941622360113
"PDE4B",-0.424421241062268,8.21575027862601,7.75767786585488,0.0063601317025797,0.358444802417002,TRUE,FALSE,TRUE,FALSE,"MLI_1",10,108,16,92,TRUE,0.105941622360113
"YWHAG",0.375234763587248,6.78826242363361,7.68156492499097,0.00654555189178869,0.193313430200108,TRUE,FALSE,TRUE,FALSE,"Golgi",10,106,16,90,TRUE,0.107494556420079
"MME",-1.09460115168362,3.37155479033131,7.55489415792648,0.00692180804743486,0.154678097982584,TRUE,FALSE,TRUE,FALSE,"OPC",10,108,16,92,TRUE,0.112094835879292
"TOP2B",-0.258247848513572,7.2633351381193,7.52340695909707,0.00709907583966441,0.0661616437490152,TRUE,FALSE,TRUE,FALSE,"Bergmann",10,108,16,92,TRUE,0.113390718206147
"TRPV3",0.370789606106212,0.774894081553966,7.39052386182179,0.00751157896219322,0.128643776563319,TRUE,FALSE,TRUE,FALSE,"Granule",10,109,16,93,TRUE,0.118234965429904
"PDE4B",-0.476520343764879,8.17700227269028,7.41417981807262,0.00760516501478799,0.234685985993084,TRUE,FALSE,TRUE,FALSE,"Microglia",10,108,16,92,TRUE,0.118234965429904
"SGMS2",-0.318701014292652,3.74804775346113,7.33783532011447,0.00781089406028557,0.0702097641016304,TRUE,FALSE,FALSE,FALSE,"Bergmann",10,108,16,92,TRUE,0.119835558872276
"CA12",0.854322897017232,3.91902978926818,7.17938350042331,0.00829364639178547,0.381767899279384,TRUE,TRUE,TRUE,TRUE,"Purkinje",10,108,16,92,TRUE,0.12558950250418
"PRKCE",-0.177674443149226,9.10487511246893,7.16321714301238,0.00856505570500177,0.0739250621856509,TRUE,FALSE,TRUE,TRUE,"Bergmann",10,108,16,92,TRUE,0.127188777610212
"AKR1C3",0.627254879288026,1.23552507275779,7.09620514806396,0.00861742146758724,0.0740707956408515,TRUE,TRUE,TRUE,TRUE,"Bergmann",10,108,16,92,TRUE,0.127188777610212
"PTPN1",-0.176648453685318,5.78888235994293,6.83976570001694,0.0101513500112184,0.0819814780161306,TRUE,TRUE,TRUE,TRUE,"Bergmann",10,108,16,92,TRUE,0.146897973100813
"CA12",0.682711455516241,3.6289896267991,6.83359443689437,0.0102310695925461,0.0823862551905077,TRUE,TRUE,TRUE,TRUE,"Bergmann",10,108,16,92,TRUE,0.146897973100813
"HDAC6",0.194574495747586,5.59472458862073,6.8054710812133,0.0103307322420812,0.150031219206674,TRUE,FALSE,FALSE,FALSE,"Granule",10,109,16,93,TRUE,0.146897973100813
"MME",-1.07183479277016,3.29660694579932,6.76681150875863,0.0104577817028649,0.17090616281133,TRUE,FALSE,TRUE,FALSE,"Oligodendrocytes",10,108,16,92,TRUE,0.146912933319765
"YWHAG",0.374716285139419,6.7054963157581,6.70266605751172,0.0107008181317035,0.378886184261191,TRUE,FALSE,TRUE,FALSE,"UBC",10,107,16,91,TRUE,0.148537546923408
"GSK3B",-0.139940413179075,8.05252565712091,6.70887918655091,0.0108756018941331,0.0851539743243866,TRUE,FALSE,TRUE,FALSE,"Bergmann",10,108,16,92,TRUE,0.14918766833599
"NR1H3",0.435743086265815,3.45481249607349,6.45695095728249,0.0122060058864733,0.180980962279951,TRUE,FALSE,TRUE,FALSE,"Astrocytes",10,108,16,92,TRUE,0.165490730972417
"PRKCA",0.407955614635714,6.63806412754484,6.46564302099576,0.0124595965329236,0.186783196024673,TRUE,FALSE,TRUE,TRUE,"Oligodendrocytes",10,108,16,92,TRUE,0.166529029983167
"PDE4D",0.340235470472503,8.53423558113811,6.42621701303164,0.0125682286779749,0.288635872397629,TRUE,FALSE,TRUE,FALSE,"Pericytes",10,102,16,86,TRUE,0.166529029983167
"HSD11B1",0.640464903796543,3.94596623058208,6.33015370076469,0.0133597292915408,0.0966309393235266,TRUE,FALSE,TRUE,FALSE,"Bergmann",10,108,16,92,TRUE,0.174395463096653
"TRPV1",0.268535843409735,5.17387051848717,6.27595913016508,0.0135875795797651,0.194817878523051,TRUE,FALSE,TRUE,FALSE,"Oligodendrocytes",10,108,16,92,TRUE,0.174395463096653
"PPARA",0.587252360936913,4.76416344667206,6.26162303262139,0.0136106236207508,0.328237227961868,TRUE,FALSE,TRUE,TRUE,"Endocytes",10,107,16,91,TRUE,0.174395463096653
"ADRA2A",-0.584518661959426,0.446658507223261,6.21422080500947,0.0139504414876344,0.177301625062066,TRUE,FALSE,TRUE,FALSE,"Granule",10,109,16,93,TRUE,0.17680668233241
"PRKCE",-0.177686500104313,9.20362038368206,6.18280258382916,0.0141440629700369,0.422815598528035,TRUE,FALSE,TRUE,TRUE,"UBC",10,107,16,91,TRUE,0.17733309057057
"NR3C1",-0.18291820413133,8.16951029927828,6.1863777366786,0.0143561067538988,0.101207825621302,TRUE,FALSE,FALSE,FALSE,"Bergmann",10,108,16,92,TRUE,0.178076813564319
"PTPN11",-0.192412252438299,6.19258634926079,6.09536327554041,0.0150247992467017,0.201535527811357,TRUE,FALSE,TRUE,TRUE,"Astrocytes",10,108,16,92,TRUE,0.18440964128057
"KAT2B",0.274619222133212,6.90320945540916,6.01148885723142,0.0157191679554154,0.346701112697519,TRUE,FALSE,FALSE,FALSE,"Endocytes",10,107,16,91,TRUE,0.190922394125149
"ERCC5",0.22272630324831,6.09149573440251,5.93541982994079,0.016322183031184,0.226462050093455,TRUE,FALSE,FALSE,FALSE,"OPC",10,108,16,92,TRUE,0.196202736230521
"MME",-0.998785669776881,3.11916499365134,5.79402416012137,0.0178000446163351,0.198130578755644,TRUE,FALSE,TRUE,FALSE,"Granule",10,109,16,93,TRUE,0.210970740557803
"SGMS2",-0.19291714021942,3.89333022752575,5.77087123287963,0.0179126100473607,0.198264921980638,TRUE,FALSE,FALSE,FALSE,"Granule",10,109,16,93,TRUE,0.210970740557803
"PPARD",-0.476043178899912,6.37243988039461,5.71581565521634,0.0185427433295902,0.370818747820189,TRUE,FALSE,TRUE,FALSE,"Endocytes",10,107,16,91,TRUE,0.214649637739095
"HDAC6",0.324098108820379,5.76797366511839,5.68701596539654,0.0185931504388067,0.335366082223987,TRUE,FALSE,FALSE,FALSE,"Golgi",10,106,16,90,TRUE,0.214649637739095
"APP",-0.222910136781575,8.34311586314989,5.66894887720216,0.0189652288141129,0.12041164724743,TRUE,TRUE,TRUE,TRUE,"Bergmann",10,108,16,92,TRUE,0.216798596051526
"YWHAG",0.262631834035507,6.46639680132254,5.58225429501512,0.0197508820635332,0.352940371524241,TRUE,FALSE,TRUE,FALSE,"Microglia",10,108,16,92,TRUE,0.223587655204657
"PPARD",0.337400938874878,5.66391035469789,5.50718384280346,0.0205528805732458,0.519431595736808,TRUE,FALSE,TRUE,FALSE,"Purkinje",10,108,16,92,TRUE,0.228889292852886
"TET2",0.269172096724463,5.83633639262404,5.50729922274336,0.0207067627411561,0.127846079312402,TRUE,FALSE,TRUE,TRUE,"Bergmann",10,108,16,92,TRUE,0.228889292852886
"PTPN1",-0.283848306702491,5.9817175623681,5.48158337609156,0.0208081175320805,0.465704049146608,TRUE,TRUE,TRUE,TRUE,"MLI_2",10,106,16,90,TRUE,0.228889292852886
"MAPK10",0.16855976667017,9.00097783004119,5.44963355168586,0.0212208228047161,0.522179765432627,TRUE,FALSE,TRUE,FALSE,"Purkinje",10,108,16,92,TRUE,0.229571676046145
"PRKCA",0.355852897466372,6.8128280939241,5.44961017258654,0.0214481821887102,0.364881059738622,TRUE,FALSE,TRUE,TRUE,"Microglia",10,108,16,92,TRUE,0.229571676046145
"MAPK10",0.245862696213812,9.20822195335371,5.43877778679899,0.021460817057487,0.236179647163882,TRUE,FALSE,TRUE,FALSE,"Astrocytes",10,108,16,92,TRUE,0.229571676046145
"MME",-0.9418597159911,3.16433646799724,5.3942432829954,0.0219634974136282,0.502034461451786,TRUE,FALSE,TRUE,FALSE,"MLI_1",10,108,16,92,TRUE,0.232813072584459
"KDM1A",-0.179932102228519,6.05408435152687,5.0936098673617,0.0259665655745232,0.147856168215956,TRUE,FALSE,TRUE,FALSE,"Bergmann",10,108,16,92,TRUE,0.272765905044091
"CNR1",-0.319349437524006,5.41052394435985,5.05968041306649,0.0264851450704945,0.149334371310712,TRUE,TRUE,TRUE,TRUE,"Bergmann",10,108,16,92,TRUE,0.275729278144613
"ALK",0.698845759001146,4.20372679933931,4.98549293433822,0.027144319076399,0.443187655925396,TRUE,FALSE,FALSE,FALSE,"Endocytes",10,107,16,91,TRUE,0.280090938434347
"DYRK1A",-0.218270829880449,8.55150399968055,4.9508383469763,0.0275460285805635,0.346144434616137,TRUE,FALSE,TRUE,TRUE,"Pericytes",10,102,16,86,TRUE,0.281742713376641
"HDAC6",0.23689283392721,5.67934572738669,4.90863208751945,0.0286895190506426,0.270338388624396,TRUE,FALSE,FALSE,FALSE,"Astrocytes",10,108,16,92,TRUE,0.290886775765646
"TET3",-0.168709280115114,6.73752146163923,4.87586980607541,0.029202892039081,0.546604588619419,TRUE,FALSE,TRUE,FALSE,"MLI_1",10,108,16,92,TRUE,0.293539414806625
"ACLY",0.461364763316917,4.96503804889008,4.85065889068335,0.0294975248524893,0.456711273321902,TRUE,FALSE,FALSE,FALSE,"Endocytes",10,107,16,91,TRUE,0.293966786136774
"CTNNB1",0.18909095270506,7.66547515427633,4.76781120217554,0.0309474272235901,0.421166469469216,TRUE,FALSE,TRUE,FALSE,"Microglia",10,108,16,92,TRUE,0.305802543582255
"PDE4D",0.27537894853811,8.29362494818634,4.75687619495593,0.0313439956589419,0.282275067952058,TRUE,FALSE,TRUE,FALSE,"Astrocytes",10,108,16,92,TRUE,0.306168354779169
"NR1H3",0.263601914396608,3.35711595131229,4.74121005216707,0.0315096076959694,0.165467851527889,TRUE,FALSE,TRUE,FALSE,"Bergmann",10,108,16,92,TRUE,0.306168354779169
"MCL1",-0.380920493935283,4.62453621259372,4.63936105658206,0.0330548714294692,0.436155807272501,TRUE,TRUE,TRUE,TRUE,"Golgi",10,106,16,90,TRUE,0.318528761047612
"F2",0.270757852706946,0.928603270048044,4.60910968903214,0.0337998288914183,0.2699380073122,TRUE,FALSE,TRUE,FALSE,"Granule",10,109,16,93,TRUE,0.323037708913063
"TDP1",-0.225603713234418,5.02660321295695,4.51732841166157,0.0357675778811607,0.178527889477963,TRUE,FALSE,TRUE,FALSE,"Bergmann",10,108,16,92,TRUE,0.336828467554653
"DAB2IP",-0.223750069881298,8.28945896283403,4.50623546843097,0.0358205231361724,0.590610681423858,TRUE,FALSE,FALSE,FALSE,"Purkinje",10,108,16,92,TRUE,0.336828467554653
"HTR2C",0.342839273711253,0.472693280685813,4.46110591332435,0.0366597861808379,0.280210701317471,TRUE,FALSE,FALSE,FALSE,"Granule",10,109,16,93,TRUE,0.341962485494856
"AR",0.435473082243725,2.98592810741822,4.42097288125368,0.0370798703748229,0.303299497439483,TRUE,FALSE,TRUE,FALSE,"Astrocytes",10,108,16,92,TRUE,0.343135943309869
"HSD17B3",0.427832087700013,2.24815903497094,4.40010433944772,0.0379716156595711,0.18510331381509,TRUE,FALSE,TRUE,FALSE,"Bergmann",10,108,16,92,TRUE,0.347766801555961
"PTPN1",-0.141211348528266,5.82715251111525,4.40087669231028,0.0381768015430214,0.286024274915955,TRUE,TRUE,TRUE,TRUE,"Granule",10,109,16,93,TRUE,0.347766801555961
"ALK",0.244897716016139,3.0038959297647,4.34663830760659,0.0393201003390153,0.28915350337677,TRUE,FALSE,FALSE,FALSE,"Granule",10,109,16,93,TRUE,0.352074700911742
"SGMS1",-0.146027242431713,7.56377303458574,4.33842225680763,0.0394500776701251,0.318169742022251,TRUE,FALSE,FALSE,FALSE,"Oligodendrocytes",10,108,16,92,TRUE,0.352074700911742
"CA12",0.578580872530525,3.80292220654802,4.31794948461258,0.0398568081270999,0.314122957427828,TRUE,TRUE,TRUE,TRUE,"Astrocytes",10,108,16,92,TRUE,0.352074700911742
"GSK3B",-0.126758412759912,8.12093363554043,4.32138384442355,0.0398575133107632,0.314122957427828,TRUE,FALSE,TRUE,FALSE,"Astrocytes",10,108,16,92,TRUE,0.352074700911742
"PDE4D",0.197882477053765,8.45403786276881,4.25541627979045,0.0413585501817681,0.472109727820676,TRUE,FALSE,TRUE,FALSE,"Golgi",10,106,16,90,TRUE,0.360344659554815
"ALK",0.299317910722979,6.39875881677099,4.26054092280711,0.0414118219385465,0.337871326119511,TRUE,FALSE,FALSE,FALSE,"OPC",10,108,16,92,TRUE,0.360344659554815
"FDFT1",-0.351441519719216,5.25125449089316,4.17447182417016,0.0432231962401151,0.532604792847886,TRUE,FALSE,TRUE,FALSE,"Endocytes",10,107,16,91,TRUE,0.373100637338783
"PRKCE",-0.122053774439143,9.1864526098754,4.14970365546349,0.0438670811394315,0.347009928297344,TRUE,FALSE,TRUE,TRUE,"OPC",10,108,16,92,TRUE,0.373100637338783
"PRKCA",0.418485168029421,7.75074481494439,4.15993878414559,0.0441172400908303,0.422156349145014,TRUE,FALSE,TRUE,TRUE,"Pericytes",10,102,16,86,TRUE,0.373100637338783
"KAT2B",0.182122567569329,6.91927524278981,4.13980478124524,0.0441577083642814,0.331574652721908,TRUE,FALSE,FALSE,FALSE,"Oligodendrocytes",10,108,16,92,TRUE,0.373100637338783
"BACE1",0.228471620603182,5.56378062495003,4.09414661671555,0.0452109906359641,0.483016364963133,TRUE,FALSE,TRUE,FALSE,"Microglia",10,108,16,92,TRUE,0.379251907061396
"DYRK1A",-0.170141795248242,8.24580007403252,4.07344437363494,0.0455842630242284,0.559814567025878,TRUE,FALSE,TRUE,TRUE,"UBC",10,107,16,91,TRUE,0.379651790616074
"PRKCE",-0.161222542219234,9.09744914704353,4.06215593829105,0.0460702642023675,0.628125394747241,TRUE,FALSE,TRUE,TRUE,"Purkinje",10,108,16,92,TRUE,0.380978213191209
"DOT1L",0.296692987015944,5.55360544661415,4.03463043920133,0.0469718597567265,0.340539673206746,TRUE,FALSE,TRUE,FALSE,"Oligodendrocytes",10,108,16,92,TRUE,0.385523474815835
"PPARA",0.32480579415781,3.92896506408305,4.00732276884286,0.0475375312729642,0.611492361423173,TRUE,FALSE,TRUE,TRUE,"MLI_1",10,108,16,92,TRUE,0.385523474815835
"AR",0.430834480198391,-0.12179661507231,3.99674747666824,0.0476118185021271,0.313654389260293,TRUE,FALSE,TRUE,FALSE,"Granule",10,109,16,93,TRUE,0.385523474815835
"ERCC5",0.240214567673724,6.3033537460089,3.98785906269975,0.0480721701860672,0.637686905102684,TRUE,FALSE,FALSE,FALSE,"Purkinje",10,108,16,92,TRUE,0.386566554737616
"BACE1",0.314814957774671,5.94626716749608,3.94803178362916,0.0489501559457792,0.577729589676215,TRUE,FALSE,TRUE,FALSE,"UBC",10,107,16,91,TRUE,0.390930697484785
"PRKCB",-0.265475825568831,7.69943261401934,3.93841449366234,0.0497061589388434,0.568218066482862,TRUE,FALSE,TRUE,TRUE,"PLI",10,107,16,91,TRUE,0.394267900154364
"CA2",0.485574689165422,1.66440071913375,3.87565158258577,0.0511284329712631,0.218655307157854,TRUE,TRUE,TRUE,TRUE,"Bergmann",10,108,16,92,FALSE,0.402809140841168
"TET2",0.30045747275253,5.80714934975516,3.85078525056721,0.0521094199670654,0.567150450871457,TRUE,FALSE,TRUE,TRUE,"Endocytes",10,107,16,91,FALSE,0.406020984611787
"SIRT1",-0.190513344496366,5.43131904474699,3.8474317055972,0.0522325451901956,0.350311288390342,TRUE,FALSE,FALSE,FALSE,"Astrocytes",10,108,16,92,FALSE,0.406020984611787
"PRKCB",-0.300201505922663,7.33406561613542,3.83593443267055,0.05279689965214,0.222056369665553,TRUE,FALSE,TRUE,TRUE,"Bergmann",10,108,16,92,FALSE,0.4076899668503
"GSK3B",-0.132862542854964,8.22320238113449,3.80547672798132,0.0533376362991072,0.596442241255036,TRUE,FALSE,TRUE,FALSE,"MLI_2",10,106,16,90,FALSE,0.40807623204927
"TOP2B",-0.175377720680901,7.3717342583295,3.80024691683548,0.0536496412320551,0.361739609946471,TRUE,FALSE,TRUE,FALSE,"Oligodendrocytes",10,108,16,92,FALSE,0.40807623204927
"MET",0.450605582206405,-0.572083184271335,3.77815294454569,0.053896860836696,0.333612798607502,TRUE,FALSE,TRUE,TRUE,"Granule",10,109,16,93,FALSE,0.40807623204927
"TRPV1",0.223104749684035,5.12659425837411,3.75529638468659,0.0551762846923734,0.227848514103853,TRUE,FALSE,TRUE,FALSE,"Bergmann",10,108,16,92,FALSE,0.415068051298757
"TRPV1",0.253893206882392,5.21563036345112,3.72748007445609,0.0559711110595005,0.363075207026875,TRUE,FALSE,TRUE,FALSE,"Astrocytes",10,108,16,92,FALSE,0.416900179601483
"HIF1A",0.154511618294286,6.64327725675904,3.72221929143591,0.0562381030812834,0.229753561536329,TRUE,FALSE,TRUE,FALSE,"Bergmann",10,108,16,92,FALSE,0.416900179601483
"HDAC6",0.20765506054403,5.62282255149946,3.71449279959,0.0564924771672678,0.230229590329561,TRUE,FALSE,FALSE,FALSE,"Bergmann",10,108,16,92,FALSE,0.416900179601483
"TRPV1",0.273776078669427,5.26785679187909,3.68770529826972,0.0571180231093807,0.523997657490419,TRUE,FALSE,TRUE,FALSE,"Microglia",10,108,16,92,FALSE,0.417325166312889
"TOP2B",-0.170590700509775,7.35322032835684,3.67718624113696,0.057567689490702,0.39113531143094,TRUE,FALSE,TRUE,FALSE,"OPC",10,108,16,92,FALSE,0.417325166312889
"PPARA",0.474106234123239,4.29118739885428,3.66381184428843,0.0576238008373715,0.602958425122436,TRUE,FALSE,TRUE,TRUE,"MLI_2",10,106,16,90,FALSE,0.417325166312889
"MAPK10",0.132078956895901,9.03460316345654,3.65783555464826,0.0581121594309066,0.541211762064983,TRUE,FALSE,TRUE,FALSE,"Golgi",10,106,16,90,FALSE,0.418264061089118
"DOT1L",0.32613441041414,5.48032679959777,3.59557527564038,0.0605648410337069,0.373252451879177,TRUE,FALSE,TRUE,FALSE,"Astrocytes",10,108,16,92,FALSE,0.433242973284062
"SGMS1",-0.2114383112401,7.73387498605331,3.54215006483452,0.0623563769655049,0.605440875762347,TRUE,FALSE,FALSE,FALSE,"Endocytes",10,107,16,91,FALSE,0.439094648008793
"KDM6B",0.340066348703034,5.54946037389092,3.54092540262712,0.0624242122078837,0.535610744845035,TRUE,FALSE,TRUE,FALSE,"Microglia",10,108,16,92,FALSE,0.439094648008793
"LYPLA1",-0.154840464229746,5.00918840971079,3.52653878758002,0.0630140300848161,0.244402535171044,TRUE,FALSE,FALSE,FALSE,"Bergmann",10,108,16,92,FALSE,0.439094648008793
"TOP2B",-0.170696573599569,7.3204460369548,3.51905079580971,0.0632010519376097,0.380811517626066,TRUE,FALSE,TRUE,FALSE,"Astrocytes",10,108,16,92,FALSE,0.439094648008793
"YWHAG",0.204137920811331,6.415779736842,3.50129313162372,0.063829121877298,0.391064213511796,TRUE,FALSE,TRUE,FALSE,"Oligodendrocytes",10,108,16,92,FALSE,0.439094648008793
"GSK3B",-0.10764785445231,8.13456744387577,3.49711300760189,0.0639856058181804,0.391464327692891,TRUE,FALSE,TRUE,FALSE,"Oligodendrocytes",10,108,16,92,FALSE,0.439094648008793
"CNR1",-0.244423789080752,5.55322666781133,3.49160222699049,0.0641981308544055,0.392089258261896,TRUE,TRUE,TRUE,TRUE,"Oligodendrocytes",10,108,16,92,FALSE,0.439094648008793
"SGMS2",-0.459959909864579,4.14691130115485,3.47533191925383,0.0643955272808779,0.611080056982786,TRUE,FALSE,FALSE,FALSE,"Endocytes",10,107,16,91,FALSE,0.439094648008793
"KAT2B",0.177490254659751,6.85994081444625,3.44893016667973,0.0657476130378967,0.547380099373808,TRUE,FALSE,FALSE,FALSE,"Microglia",10,108,16,92,FALSE,0.444422519652125
"FYN",0.154270512926418,8.33461553386703,3.44657300264102,0.0659391903085915,0.387468802109591,TRUE,FALSE,TRUE,FALSE,"Astrocytes",10,108,16,92,FALSE,0.444422519652125
"ESRRB",0.502499239669733,1.44744138308733,3.42331938020459,0.0664967400049819,0.251942389932668,TRUE,FALSE,FALSE,FALSE,"Bergmann",10,108,16,92,FALSE,0.445590568896632
"APP",-0.145786394563767,8.43567474906136,3.42251090297408,0.0668768006491514,0.390512746647724,TRUE,TRUE,TRUE,TRUE,"Astrocytes",10,108,16,92,FALSE,0.445590568896632
"DYRK1A",-0.149599984980523,8.11412800362511,3.38324560933519,0.0683148398974494,0.683997016843164,TRUE,FALSE,TRUE,TRUE,"Purkinje",10,108,16,92,FALSE,0.452585814320602
"JUN",0.535811873180579,4.59763460008825,3.3658240697925,0.0688456463068401,0.634914912474203,TRUE,FALSE,TRUE,TRUE,"MLI_2",10,106,16,90,FALSE,0.452857278989407
"F3",0.617976684274619,2.61440562606559,3.35713065246569,0.0695019860042829,0.258346910362236,TRUE,FALSE,TRUE,FALSE,"Bergmann",10,108,16,92,FALSE,0.452857278989407
"TET2",0.256222978244735,5.61925971774093,3.34189459465346,0.0695209716458867,0.636006004127973,TRUE,FALSE,TRUE,TRUE,"PLI",10,107,16,91,FALSE,0.452857278989407
"APP",-0.210454684061912,8.7735673772615,3.339297833151,0.0702338841905263,0.63026361992697,TRUE,TRUE,TRUE,TRUE,"Endocytes",10,107,16,91,FALSE,0.454959494256409
"CA4",0.384955319290438,6.1904491874912,3.33550169717251,0.0706801680706645,0.425485870557099,TRUE,FALSE,TRUE,FALSE,"OPC",10,108,16,92,FALSE,0.455320861714888
"ERCC5",0.168801631019488,6.07877407998405,3.27316945030005,0.0730145401340493,0.690003002657458,TRUE,FALSE,FALSE,FALSE,"MLI_1",10,108,16,92,FALSE,0.46777447140825
"PDE4D",0.247417032959999,8.38176402997114,3.23951399392144,0.0745427324661632,0.640677076674462,TRUE,FALSE,TRUE,FALSE,"Endocytes",10,107,16,91,FALSE,0.474955333636865
"CA4",0.355124051634331,6.1976164856054,3.20573428855453,0.0762910444394906,0.420446968250662,TRUE,FALSE,TRUE,FALSE,"Oligodendrocytes",10,108,16,92,FALSE,0.48345303161112
"SOAT1",-0.243143545843735,3.77263056043513,3.14744054778901,0.0784668124325937,0.421751079146957,TRUE,FALSE,TRUE,FALSE,"Astrocytes",10,108,16,92,FALSE,0.494552990791374
"PTPN1",-0.160157191746305,5.96035008287292,3.06716944961687,0.0824261000123839,0.584784554929301,TRUE,TRUE,TRUE,TRUE,"Microglia",10,108,16,92,FALSE,0.516714153841073
"SYNJ2",-0.363673436414196,3.31462736677984,3.0099545316405,0.0851620764931381,0.705838500139555,TRUE,FALSE,TRUE,FALSE,"MLI_1",10,108,16,92,FALSE,0.531010594604273
"CA4",0.376206353781923,6.17930027546024,3.00135508150279,0.086168759042501,0.43457933124436,TRUE,FALSE,TRUE,FALSE,"Astrocytes",10,108,16,92,FALSE,0.534429643848703
"GSK3B",-0.116856457824834,8.31598431069142,2.89924601955745,0.0909694377222051,0.649944959456957,TRUE,FALSE,TRUE,FALSE,"UBC",10,107,16,91,FALSE,0.559054261286946
"HIF1A",0.211640638794809,6.63303783458588,2.90338457286344,0.0910980357157116,0.677300329156634,TRUE,FALSE,TRUE,FALSE,"Endocytes",10,107,16,91,FALSE,0.559054261286946
"CNR1",-0.265167785530994,5.50811508415388,2.8718114508946,0.092944804807711,0.446777589737185,TRUE,TRUE,TRUE,TRUE,"Astrocytes",10,108,16,92,FALSE,0.56457762171299
"TET2",0.318468309469237,5.64673569491182,2.86223078716615,0.0929664694415901,0.652194886609396,TRUE,FALSE,TRUE,TRUE,"UBC",10,107,16,91,FALSE,0.56457762171299
"LYPLA1",-0.143608997693772,5.11995151811916,2.85518770577264,0.0936598967265438,0.474405904667796,TRUE,FALSE,FALSE,FALSE,"OPC",10,108,16,92,FALSE,0.565841655871244
"EPHX2",-0.187107226572599,4.69950303397073,2.83814478082237,0.0947094108634903,0.724990367989583,TRUE,FALSE,TRUE,FALSE,"MLI_1",10,108,16,92,FALSE,0.567144827207314
"DOT1L",0.323480926703969,5.29985001001789,2.83412898691451,0.094848405922321,0.7206557246476,TRUE,FALSE,TRUE,FALSE,"Purkinje",10,108,16,92,FALSE,0.567144827207314
"ERCC5",0.167153494636893,6.08851682584702,2.82064131328511,0.0957319884522124,0.4651119871074,TRUE,FALSE,FALSE,FALSE,"Oligodendrocytes",10,108,16,92,FALSE,0.569507645588162
"ALOX5",0.296084214853846,6.06175831852723,2.77480937496679,0.0980904421621402,0.659106190792331,TRUE,TRUE,TRUE,TRUE,"UBC",10,107,16,91,FALSE,0.576520540152306
"ERCC5",0.204751602615495,6.23878911491836,2.76870233811192,0.0983743531924787,0.679829297472363,TRUE,FALSE,FALSE,FALSE,"PLI",10,107,16,91,FALSE,0.576520540152306
"ALK",0.317989677354258,3.68120762362642,2.77161782866589,0.0983941573673319,0.472096006827895,TRUE,FALSE,FALSE,FALSE,"Oligodendrocytes",10,108,16,92,FALSE,0.576520540152306
"APEX1",-0.258052667516665,3.39234568789824,2.72817857159436,0.100976454406226,0.477523421958919,TRUE,FALSE,FALSE,FALSE,"Oligodendrocytes",10,108,16,92,FALSE,0.583396838788905
"YWHAG",0.170341698566355,6.40858074627529,2.73113018006555,0.10123401409892,0.435873138940999,TRUE,FALSE,TRUE,FALSE,"Granule",10,109,16,93,FALSE,0.583396838788905
"PGR",-0.476763719129599,4.07138938343703,2.71548446289823,0.101494861080933,0.694270450738885,TRUE,FALSE,TRUE,FALSE,"Endocytes",10,107,16,91,FALSE,0.583396838788905
"NR1H3",0.169004981649954,3.14300475383445,2.72454606609056,0.101569089428943,0.436027117013664,TRUE,FALSE,TRUE,FALSE,"Granule",10,109,16,93,FALSE,0.583396838788905
"TET1",0.175527243509108,5.85318450631175,2.70840950082239,0.102411252407162,0.613418442341058,TRUE,FALSE,TRUE,TRUE,"Microglia",10,108,16,92,FALSE,0.585350589738973
"KDM1A",-0.154270309056559,6.16599583277567,2.65518907149093,0.105949543000695,0.464494819686771,TRUE,FALSE,TRUE,FALSE,"Astrocytes",10,108,16,92,FALSE,0.594437142995995
"FABP7",-0.304219127151742,3.49318092088333,2.63093838936649,0.107179281263099,0.500763620765509,TRUE,FALSE,TRUE,TRUE,"OPC",10,108,16,92,FALSE,0.594437142995995
"APEX1",-0.219886410833508,3.15084484999171,2.63655911568001,0.107199925642565,0.447605620586892,TRUE,FALSE,FALSE,FALSE,"Granule",10,109,16,93,FALSE,0.594437142995995
"CA4",0.488774992260547,6.22580245663111,2.63948555307555,0.107341757000625,0.709534331483252,TRUE,FALSE,TRUE,FALSE,"MLI_2",10,106,16,90,FALSE,0.594437142995995
"PRKCE",-0.113146962944847,9.17664943914943,2.62368674763822,0.108014720819027,0.467407048351003,TRUE,FALSE,TRUE,TRUE,"Astrocytes",10,108,16,92,FALSE,0.594437142995995
"POLA1",-0.171309203895341,6.97990436220458,2.61811399675608,0.108394086934439,0.707181027351708,TRUE,FALSE,TRUE,FALSE,"Endocytes",10,107,16,91,FALSE,0.594437142995995
"DAB2IP",-0.179310754762118,8.74491674793313,2.60066330686846,0.109557381922625,0.709458073207055,TRUE,FALSE,FALSE,FALSE,"Endocytes",10,107,16,91,FALSE,0.594437142995995
"CA4",0.3738004976324,6.68102012382013,2.58145988683815,0.110174073692836,0.567047396286158,TRUE,FALSE,TRUE,FALSE,"Pericytes",10,102,16,86,FALSE,0.594437142995995
"DAB2IP",-0.14634714539585,8.38505875879432,2.56609933126059,0.111732361165597,0.642296871729861,TRUE,FALSE,FALSE,FALSE,"Golgi",10,106,16,90,FALSE,0.594437142995995
"FABP3",-0.334014529250507,2.19041510135768,2.56621514544609,0.111784761966591,0.337964755540195,TRUE,FALSE,TRUE,TRUE,"Bergmann",10,108,16,92,FALSE,0.594437142995995
"PTK2",-0.126022040711651,8.90385472165127,2.54999163838373,0.112660592186351,0.709571608414392,TRUE,FALSE,FALSE,FALSE,"PLI",10,107,16,91,FALSE,0.594437142995995
"HSP90AB1",0.311091616092481,7.95180219932726,2.55207545140472,0.113230924367974,0.730924539597644,TRUE,FALSE,TRUE,FALSE,"Purkinje",10,108,16,92,FALSE,0.594437142995995
"ALOX5",0.235263081043199,6.0125853614979,2.54243001148855,0.113760717502237,0.457910017831971,TRUE,TRUE,TRUE,TRUE,"Granule",10,109,16,93,FALSE,0.594437142995995
"LTB4R",-0.193415193379113,1.57703690484018,2.53780543991342,0.113884642131969,0.458051980706502,TRUE,FALSE,FALSE,FALSE,"Granule",10,109,16,93,FALSE,0.594437142995995
"POLA1",-0.16003339116505,6.92950286276172,2.53371751586765,0.113987815792358,0.644734425956646,TRUE,FALSE,TRUE,FALSE,"Golgi",10,106,16,90,FALSE,0.594437142995995
"PTPN1",-0.142384132124275,5.89764385939933,2.53028434207198,0.114331868818912,0.511948563527897,TRUE,TRUE,TRUE,TRUE,"OPC",10,108,16,92,FALSE,0.594437142995995
"BRAF",-0.0918861549831245,8.46438639549623,2.52050388365083,0.115036942072801,0.512806933612068,TRUE,FALSE,TRUE,FALSE,"OPC",10,108,16,92,FALSE,0.594437142995995
"CA9",0.33459444179266,2.97868647626118,2.51637420413948,0.115101067459983,0.74170443929704,TRUE,TRUE,TRUE,TRUE,"MLI_1",10,108,16,92,FALSE,0.594437142995995
"PRKCE",-0.100354954278889,9.19516373037741,2.52012629277591,0.115110613491909,0.500265579825561,TRUE,FALSE,TRUE,TRUE,"Oligodendrocytes",10,108,16,92,FALSE,0.594437142995995
"CA3",-0.222979577219717,4.60896591471318,2.49491748322826,0.116688725895389,0.642187685232059,TRUE,FALSE,TRUE,FALSE,"Microglia",10,108,16,92,FALSE,0.594437142995995
"SLC16A1",-0.212282609132802,3.61636308676083,2.49767170406577,0.116820547145634,0.345802899305076,TRUE,FALSE,FALSE,FALSE,"Bergmann",10,108,16,92,FALSE,0.594437142995995
"SNCA",0.148616666862901,8.09749301603451,2.48025235449268,0.117672968993137,0.692351390529047,TRUE,TRUE,TRUE,TRUE,"UBC",10,107,16,91,FALSE,0.594437142995995
"FABP7",-0.220172222752569,3.37486241295163,2.48289119288527,0.117879857908079,0.347706023829534,TRUE,FALSE,TRUE,TRUE,"Bergmann",10,108,16,92,FALSE,0.594437142995995
"BRAF",-0.0959066844906932,8.38059415257657,2.48085524176847,0.118076101039203,0.347732139561935,TRUE,FALSE,TRUE,FALSE,"Bergmann",10,108,16,92,FALSE,0.594437142995995
"SYNJ2",0.313523168929193,4.09759199407729,2.47848707292454,0.118339918732584,0.348202075890218,TRUE,FALSE,TRUE,FALSE,"Bergmann",10,108,16,92,FALSE,0.594437142995995
"DAB2IP",-0.163946246508867,8.43525448180827,2.47652759076552,0.118394120974551,0.348238854243745,TRUE,FALSE,FALSE,FALSE,"Bergmann",10,108,16,92,FALSE,0.594437142995995
"CA4",0.335413933501184,6.28374233093961,2.47540702482646,0.118664558564119,0.466909643378478,TRUE,FALSE,TRUE,FALSE,"Granule",10,109,16,93,FALSE,0.594437142995995
"ABHD16A",-0.194728718785577,0.905777364871816,2.46697232629011,0.118873621112888,0.467134356803809,TRUE,FALSE,FALSE,FALSE,"Granule",10,109,16,93,FALSE,0.594437142995995
"MAPK10",0.127715805757552,9.14514312014752,2.46142320957108,0.119060352338824,0.696021753374795,TRUE,FALSE,TRUE,FALSE,"UBC",10,107,16,91,FALSE,0.594437142995995
"ADORA1",-0.230922591508619,5.45769588940331,2.45583433994998,0.119597581940687,0.65000234495965,TRUE,FALSE,TRUE,FALSE,"Golgi",10,106,16,90,FALSE,0.594437142995995
"HIF1A",0.133018592747065,6.64180023721562,2.45597098010246,0.119826670665414,0.482024103248092,TRUE,FALSE,TRUE,FALSE,"Astrocytes",10,108,16,92,FALSE,0.594437142995995
"CA3",-0.267875324971061,4.66445962053065,2.44010188195815,0.120795585066995,0.747684714154476,TRUE,FALSE,TRUE,FALSE,"Purkinje",10,108,16,92,FALSE,0.594437142995995
"HDAC6",0.246834371102575,5.70552272413571,2.43969848953874,0.120824702307076,0.732407273308509,TRUE,FALSE,FALSE,FALSE,"MLI_2",10,106,16,90,FALSE,0.594437142995995
"PTK2",0.111007255872201,8.97326347948786,2.42358495290545,0.121908891363413,0.696470815711957,TRUE,FALSE,FALSE,FALSE,"UBC",10,107,16,91,FALSE,0.595958608284874
"MCL1",-0.4595826005248,5.78185941898751,2.42553240470249,0.12238313330729,0.724919622754679,TRUE,TRUE,TRUE,TRUE,"Endocytes",10,107,16,91,FALSE,0.595958608284874
"HDAC6",0.161887370331303,5.59699431045396,2.41807720240896,0.122667295015755,0.746955715863934,TRUE,FALSE,FALSE,FALSE,"MLI_1",10,108,16,92,FALSE,0.595958608284874
"EPHX2",0.229295272454814,4.66919133926564,2.40308118758041,0.123596277306878,0.650083045830954,TRUE,FALSE,TRUE,FALSE,"Microglia",10,108,16,92,FALSE,0.597980329210868
"HDAC6",0.227409010150235,5.67925774092446,2.39153901244131,0.124587339386444,0.759326028005413,TRUE,FALSE,FALSE,FALSE,"Purkinje",10,108,16,92,FALSE,0.598179056357405
"CNR1",-0.202825349443835,5.58720056034317,2.39430446312698,0.124663388246011,0.475307938691448,TRUE,TRUE,TRUE,TRUE,"Granule",10,109,16,93,FALSE,0.598179056357405
"DAB2IP",-0.165922455563964,8.45018431425222,2.37658314813352,0.125728392242348,0.70248289729696,TRUE,FALSE,FALSE,FALSE,"UBC",10,107,16,91,FALSE,0.598373712303903
"CNR1",-0.195957570226159,6.4297725191964,2.37286537408613,0.125730325484096,0.737630573244406,TRUE,TRUE,TRUE,TRUE,"PLI",10,107,16,91,FALSE,0.598373712303903
"SYNJ2",0.294282659656204,3.65354926804882,2.36317524206048,0.126631478920456,0.531620175501827,TRUE,FALSE,TRUE,FALSE,"OPC",10,108,16,92,FALSE,0.598961336159874
"CYP19A1",0.376078208584898,-1.01750591352055,2.35565418341107,0.126881174984124,0.479882176378993,TRUE,TRUE,TRUE,TRUE,"Granule",10,109,16,93,FALSE,0.598961336159874
"ESRRA",0.219897300747126,3.07582050959599,2.35141647164419,0.127908499503605,0.363872533405376,TRUE,FALSE,TRUE,FALSE,"Bergmann",10,108,16,92,FALSE,0.600669439894119
"CTNNB1",0.148284265502356,7.66921251031813,2.33991813809884,0.128469122304125,0.739079815248371,TRUE,FALSE,TRUE,FALSE,"PLI",10,107,16,91,FALSE,0.600669439894119
"JUN",0.337138913629148,4.67970012001294,2.33040240912951,0.128788473390677,0.739079815248371,TRUE,FALSE,TRUE,TRUE,"PLI",10,107,16,91,FALSE,0.600669439894119
"YWHAG",0.288480239866595,6.96741620145373,2.32830617349472,0.1300930032624,0.765992264250715,TRUE,FALSE,TRUE,FALSE,"Purkinje",10,108,16,92,FALSE,0.601998646711552
"ALOX5",-0.267319159183981,5.91280949548787,2.32435247100113,0.13010605400627,0.670597479553622,TRUE,TRUE,TRUE,TRUE,"Golgi",10,106,16,90,FALSE,0.601998646711552
"EIF4A1",0.349491272251654,4.79844076884293,2.29888158993415,0.131963823849754,0.734150584825509,TRUE,FALSE,TRUE,FALSE,"Endocytes",10,107,16,91,FALSE,0.604870976035674
"KDM6B",0.243826788655421,5.30864419771255,2.29458902757387,0.132741440924298,0.371235305275296,TRUE,FALSE,TRUE,FALSE,"Bergmann",10,108,16,92,FALSE,0.604870976035674
"PLK1",-0.162471029937355,1.73181927474247,2.28505651425671,0.133380063612397,0.489933918229308,TRUE,FALSE,TRUE,FALSE,"Granule",10,109,16,93,FALSE,0.604870976035674
"PPARD",-0.267321335414544,5.63808677415627,2.27818919215749,0.133516622715372,0.704029977547341,TRUE,FALSE,TRUE,FALSE,"UBC",10,107,16,91,FALSE,0.604870976035674
"TET3",-0.160983023066409,6.85152232977266,2.27139341660989,0.134329133802335,0.677108079378206,TRUE,FALSE,TRUE,FALSE,"Golgi",10,106,16,90,FALSE,0.604870976035674
"NR1H2",0.205045040115864,4.3161579304075,2.27458894555183,0.134335655902279,0.373827142598777,TRUE,FALSE,TRUE,FALSE,"Bergmann",10,108,16,92,FALSE,0.604870976035674
"PKM",0.318871360457136,6.65655095116959,2.26427334980659,0.134375419334492,0.599823150827921,TRUE,FALSE,TRUE,FALSE,"Pericytes",10,102,16,86,FALSE,0.604870976035674
"ACHE",-0.306185782100888,3.72324325266764,2.26571209698993,0.134876890025107,0.757506352062813,TRUE,TRUE,TRUE,TRUE,"MLI_1",10,108,16,92,FALSE,0.604870976035674
"ADCY10",0.321230141622777,3.95857126228609,2.25026541046358,0.136199941896058,0.531234415313742,TRUE,FALSE,FALSE,FALSE,"Oligodendrocytes",10,108,16,92,FALSE,0.605055492728177
"DOT1L",0.259179811383269,5.46639071985332,2.25352383038362,0.136266058733849,0.376971914347195,TRUE,FALSE,TRUE,FALSE,"Bergmann",10,108,16,92,FALSE,0.605055492728177
"PRKCE",-0.0869548490414635,9.23806174034453,2.24960726682925,0.136474780949837,0.49426802661355,TRUE,FALSE,TRUE,TRUE,"Granule",10,109,16,93,FALSE,0.605055492728177
"ACLY",0.20296249332706,4.55252171378707,2.24257992731862,0.137086154598897,0.378050836848773,TRUE,FALSE,FALSE,FALSE,"Bergmann",10,108,16,92,FALSE,0.60546384947846
"BRAF",-0.121454596753285,8.48909747723038,2.22097977311152,0.138882195461034,0.735851023478651,TRUE,FALSE,TRUE,FALSE,"Endocytes",10,107,16,91,FALSE,0.61108166002855
"BACE1",0.128785111001107,5.73321450303289,2.20401126345903,0.140333412037855,0.537346743580517,TRUE,FALSE,TRUE,FALSE,"Oligodendrocytes",10,108,16,92,FALSE,0.613198479410997
"HDAC6",0.130942694537212,5.71446630235036,2.20305609010722,0.140415089196172,0.537346743580517,TRUE,FALSE,FALSE,FALSE,"Oligodendrocytes",10,108,16,92,FALSE,0.613198479410997
"KAT2B",0.149034817253495,7.01686736429253,2.17776323271313,0.142618166325751,0.780101920579834,TRUE,FALSE,FALSE,FALSE,"Purkinje",10,108,16,92,FALSE,0.616076593639681
"ACLY",0.18973922895552,4.61749429237571,2.17092042250643,0.143217625192352,0.540327809090512,TRUE,FALSE,FALSE,FALSE,"Oligodendrocytes",10,108,16,92,FALSE,0.616076593639681
"PTPN11",0.191609806764095,6.50801392657703,2.16747564769802,0.14332121577009,0.710644335308042,TRUE,FALSE,TRUE,TRUE,"UBC",10,107,16,91,FALSE,0.616076593639681
"KDM1A",-0.181055248022059,6.29489386718889,2.16350527200283,0.144051151278058,0.73638444022566,TRUE,FALSE,TRUE,FALSE,"Endocytes",10,107,16,91,FALSE,0.616076593639681
"YWHAG",0.20151048832817,6.51808959419728,2.16121480360658,0.144067046792144,0.744598937342526,TRUE,FALSE,TRUE,FALSE,"MLI_2",10,106,16,90,FALSE,0.616076593639681
"ERCC5",-0.199818749544154,6.20417314335867,2.15922986833567,0.144244348253544,0.744598937342526,TRUE,FALSE,FALSE,FALSE,"MLI_2",10,106,16,90,FALSE,0.616076593639681
"MGLL",0.111037469517903,7.60589507809803,2.14683499788854,0.145511208351791,0.557073732646129,TRUE,FALSE,TRUE,FALSE,"OPC",10,108,16,92,FALSE,0.619219229701417
"CA1",0.214016902002317,0.599031632841073,2.13889505037077,0.146115784841986,0.506430396855624,TRUE,TRUE,TRUE,TRUE,"Granule",10,109,16,93,FALSE,0.619319882416199
"HDAC6",0.234254596395664,5.8789857303152,2.13173857257096,0.146597159131107,0.711762348447301,TRUE,FALSE,FALSE,FALSE,"UBC",10,107,16,91,FALSE,0.619319882416199
"TET2",0.18428089233529,5.63951129405646,2.12693051212687,0.147231137500213,0.688079409205075,TRUE,FALSE,TRUE,TRUE,"Golgi",10,106,16,90,FALSE,0.619752730416057
"KDM6B",0.211607168369611,5.37405085393757,2.11327467815692,0.148683741010673,0.561169995053094,TRUE,FALSE,TRUE,FALSE,"OPC",10,108,16,92,FALSE,0.621358975836654
"APP",0.148639849817885,8.71370570779192,2.0848585133283,0.151318150382839,0.711762348447301,TRUE,TRUE,TRUE,TRUE,"UBC",10,107,16,91,FALSE,0.621358975836654
"CNR1",-0.286303759901497,5.66970619407603,2.08443007870365,0.151496590452095,0.74496835448583,TRUE,TRUE,TRUE,TRUE,"Endocytes",10,107,16,91,FALSE,0.621358975836654
"PPARD",-0.215406115141701,5.59650144099659,2.07751486333113,0.151970544910338,0.755002600777957,TRUE,FALSE,TRUE,FALSE,"MLI_2",10,106,16,90,FALSE,0.621358975836654
"PPARA",0.231563707291675,4.25302755707096,2.07622836498833,0.152014315265641,0.684075210945274,TRUE,FALSE,TRUE,TRUE,"Microglia",10,108,16,92,FALSE,0.621358975836654
"DYRK1A",-0.0899996341281279,8.08271905174806,2.07656631452329,0.152211593433856,0.566309010015208,TRUE,FALSE,TRUE,TRUE,"OPC",10,108,16,92,FALSE,0.621358975836654
"TET3",-0.134817517610578,6.77757848924099,2.07383874153155,0.152429268018197,0.782955416972377,TRUE,FALSE,TRUE,FALSE,"Purkinje",10,108,16,92,FALSE,0.621358975836654
"PRKCH",-0.249222280966092,4.31612072055862,2.0695551769964,0.152573417574147,0.684854971056228,TRUE,FALSE,TRUE,TRUE,"Microglia",10,108,16,92,FALSE,0.621358975836654
"ALOX5",0.218208503017046,5.885217940186,2.05599743441675,0.153818109335912,0.754911447313508,TRUE,TRUE,TRUE,TRUE,"PLI",10,107,16,91,FALSE,0.621358975836654
"SIRT1",0.238874224439386,5.6921882868852,2.0533702071809,0.154165899152234,0.712097488184997,TRUE,FALSE,FALSE,FALSE,"UBC",10,107,16,91,FALSE,0.621358975836654
"DYRK1A",-0.0980721405335788,8.13591351006013,2.05071817127099,0.154739463104927,0.685952423108937,TRUE,FALSE,TRUE,TRUE,"Microglia",10,108,16,92,FALSE,0.621358975836654
"MCL1",-0.218415723674823,4.73776506470522,2.04824178158692,0.15484901180067,0.685952423108937,TRUE,TRUE,TRUE,TRUE,"Microglia",10,108,16,92,FALSE,0.621358975836654
"TOP2B",-0.107871737269985,7.37779430328652,2.04383637050401,0.155620860434615,0.519196291561418,TRUE,FALSE,TRUE,FALSE,"Granule",10,109,16,93,FALSE,0.621358975836654
"PRKCH",-0.389412601485115,6.99747384222424,2.04377743069833,0.155896610423177,0.747884077234967,TRUE,FALSE,TRUE,TRUE,"Endocytes",10,107,16,91,FALSE,0.621358975836654
"DYRK1A",-0.0907187843030766,8.05366997788094,2.04102320273553,0.155905325362613,0.407120532620098,TRUE,FALSE,TRUE,TRUE,"Bergmann",10,108,16,92,FALSE,0.621358975836654
"CA4",0.330980134428527,6.33462770048728,2.04068916639729,0.1561390908406,0.687685581219444,TRUE,FALSE,TRUE,FALSE,"Microglia",10,108,16,92,FALSE,0.621358975836654
"PRKCD",-0.504290522410648,3.42874650835828,2.02157552322597,0.156945651126521,0.762221918665185,TRUE,FALSE,TRUE,TRUE,"MLI_2",10,106,16,90,FALSE,0.6224443170528
"STS",-0.11164517641843,4.53234538884048,2.02284565459812,0.157694239558544,0.522015377286247,TRUE,FALSE,TRUE,FALSE,"Granule",10,109,16,93,FALSE,0.623293163814448
"DYRK1A",-0.103188413444289,8.07051994444496,2.0012233554884,0.159839199508578,0.564394263221601,TRUE,FALSE,TRUE,TRUE,"Oligodendrocytes",10,108,16,92,FALSE,0.629636846712846
"ESR2",-0.143680979106952,4.71149291547721,1.98435468840184,0.161721239064196,0.415268513777851,TRUE,TRUE,TRUE,TRUE,"Bergmann",10,108,16,92,FALSE,0.634905605214993
"MAPK10",0.120186171798304,9.13760122426673,1.97893141826637,0.162287392659031,0.416082552164335,TRUE,FALSE,TRUE,FALSE,"Bergmann",10,108,16,92,FALSE,0.634990267920908
"KDR",-0.426462847666091,3.81450661944039,1.95135065371221,0.164358065452776,0.751833643663089,TRUE,FALSE,TRUE,FALSE,"Endocytes",10,107,16,91,FALSE,0.639542784537531
"YWHAG",0.183413174103153,6.78082639789719,1.9543141037615,0.164547886244648,0.761514964655119,TRUE,FALSE,TRUE,FALSE,"PLI",10,107,16,91,FALSE,0.639542784537531
"GSK3B",-0.0827913310237246,8.15337240631406,1.9354983750703,0.166762640668367,0.586006142604294,TRUE,FALSE,TRUE,FALSE,"OPC",10,108,16,92,FALSE,0.645997471824968
"PDE4D",0.13497620299681,8.29676795871167,1.91560841202586,0.168890176905043,0.792055028226733,TRUE,FALSE,TRUE,FALSE,"Purkinje",10,108,16,92,FALSE,0.651280110059294
"PTPN11",-0.124114674384579,6.23832166673085,1.91284459225927,0.169243459132046,0.59015785692832,TRUE,FALSE,TRUE,TRUE,"OPC",10,108,16,92,FALSE,0.651280110059294
"OPRK1",-0.438671628202787,1.64766631705153,1.89690984031563,0.171239898732486,0.538252170057631,TRUE,FALSE,TRUE,TRUE,"Granule",10,109,16,93,FALSE,0.652879781254471
"ALK",0.304735585512257,3.67519329082762,1.88705047843706,0.171743481629312,0.704554868083348,TRUE,FALSE,FALSE,FALSE,"Microglia",10,108,16,92,FALSE,0.652879781254471
"APEX1",-0.26861584086805,3.42614778727213,1.8870288161342,0.171854333379713,0.593652044726602,TRUE,FALSE,FALSE,FALSE,"OPC",10,108,16,92,FALSE,0.652879781254471
"TDP1",-0.166912556078097,5.16141135989901,1.88962933445344,0.171898878940929,0.556713744335144,TRUE,FALSE,TRUE,FALSE,"Astrocytes",10,108,16,92,FALSE,0.652879781254471
"TET2",0.172831182798571,5.65117457124764,1.8701113286053,0.17412332202566,0.558959425096436,TRUE,FALSE,TRUE,TRUE,"Astrocytes",10,108,16,92,FALSE,0.659181147668572
"DUSP3",0.260830870364673,4.18852926464082,1.85166237671489,0.175938983075582,0.708337879352506,TRUE,FALSE,FALSE,FALSE,"Microglia",10,108,16,92,FALSE,0.663791821543812
"JUN",-0.378194756379048,5.41449066617416,1.85029599319085,0.176566522940141,0.767873347948641,TRUE,FALSE,TRUE,TRUE,"Endocytes",10,107,16,91,FALSE,0.663791821543812
"SGMS1",-0.137337652235359,7.45817613813218,1.83878596726436,0.17740459750846,0.735607134254993,TRUE,FALSE,FALSE,FALSE,"UBC",10,107,16,91,FALSE,0.663791821543812
"TET3",-0.107355322250617,6.92175929787951,1.83752003898064,0.177865610565273,0.582058575930716,TRUE,FALSE,TRUE,FALSE,"Oligodendrocytes",10,108,16,92,FALSE,0.663791821543812
"TET3",-0.0940349230428573,6.80187686634484,1.82754077217003,0.17915804532901,0.439500369424177,TRUE,FALSE,TRUE,FALSE,"Bergmann",10,108,16,92,FALSE,0.663791821543812
"KDM1A",-0.123929911726227,6.12292254900407,1.82583689604628,0.179232712078079,0.582766430592646,TRUE,FALSE,TRUE,FALSE,"Oligodendrocytes",10,108,16,92,FALSE,0.663791821543812
"PRKCB",-0.198842466912537,7.4185548224691,1.81986628657114,0.18015800659159,0.797756923822374,TRUE,FALSE,TRUE,TRUE,"Purkinje",10,108,16,92,FALSE,0.663791821543812
"TET2",0.153517979929293,5.56043181519316,1.81600090764653,0.180376046984332,0.583481804511988,TRUE,FALSE,TRUE,TRUE,"Oligodendrocytes",10,108,16,92,FALSE,0.663791821543812
"MAOB",0.328586816996137,4.35182683238865,1.81191697009782,0.180464843421431,0.786283893486371,TRUE,TRUE,TRUE,TRUE,"MLI_2",10,106,16,90,FALSE,0.663791821543812
"SRD5A1",-0.122731562978353,5.03705885436462,1.80162453210805,0.182250497309532,0.443245311717854,TRUE,FALSE,TRUE,FALSE,"Bergmann",10,108,16,92,FALSE,0.667338191167931
"PRKCH",0.309486292181109,2.95222814823231,1.77149250441044,0.185325578592869,0.612315799925177,TRUE,FALSE,TRUE,TRUE,"OPC",10,108,16,92,FALSE,0.667338191167931
"BACE1",0.0882596023201757,5.41389638365442,1.77529591735806,0.185436542353904,0.556283971757014,TRUE,FALSE,TRUE,FALSE,"Granule",10,109,16,93,FALSE,0.667338191167931
"MAOB",0.238738528100615,4.80015942125681,1.77217212096,0.18553628085618,0.801909523453637,TRUE,TRUE,TRUE,TRUE,"Purkinje",10,108,16,92,FALSE,0.667338191167931
"AKR1B1",0.213537630947198,3.51354652632724,1.76405685944467,0.186454908524033,0.57404063997731,TRUE,FALSE,TRUE,TRUE,"Astrocytes",10,108,16,92,FALSE,0.667338191167931
"KDM1A",-0.111794181653554,6.19981972111393,1.76437830048951,0.186625163176771,0.612961626012713,TRUE,FALSE,TRUE,FALSE,"OPC",10,108,16,92,FALSE,0.667338191167931
"APEX1",-0.210860186259613,3.12764153431642,1.7646548105708,0.186691444045261,0.449658754975468,TRUE,FALSE,FALSE,FALSE,"Bergmann",10,108,16,92,FALSE,0.667338191167931
"HSD17B1",0.184516164532531,-0.0374769492289079,1.76084061782336,0.186787756263609,0.557753594003477,TRUE,FALSE,TRUE,FALSE,"Granule",10,109,16,93,FALSE,0.667338191167931
"STS",-0.240450655367257,5.250622025878,1.75980103097379,0.187028726273564,0.788491455161012,TRUE,FALSE,TRUE,FALSE,"MLI_2",10,106,16,90,FALSE,0.667338191167931
"EIF4A1",-0.157887041790401,3.85176224487536,1.75962122934868,0.187332169031317,0.558493526894823,TRUE,FALSE,TRUE,FALSE,"Granule",10,109,16,93,FALSE,0.667338191167931
"GSK3B",-0.060112731209973,8.14821129959523,1.7510694623413,0.188449884215052,0.559594472669814,TRUE,FALSE,TRUE,FALSE,"Granule",10,109,16,93,FALSE,0.667338191167931
"ALOX5",0.209750481745096,5.91069758383686,1.74921409985233,0.188730482883481,0.616576058683502,TRUE,TRUE,TRUE,TRUE,"OPC",10,108,16,92,FALSE,0.667338191167931
"DOT1L",0.198943772071114,5.48820116251488,1.74337625479745,0.189340281695118,0.617915580356635,TRUE,FALSE,TRUE,FALSE,"OPC",10,108,16,92,FALSE,0.667338191167931
"YWHAG",0.154837892323858,6.31551762117959,1.74119478488996,0.189609464260857,0.578201381558049,TRUE,FALSE,TRUE,FALSE,"Astrocytes",10,108,16,92,FALSE,0.667338191167931
"CA13",0.17356056394825,4.02724215607526,1.73320787729425,0.19038938088855,0.595202833450443,TRUE,FALSE,TRUE,FALSE,"Oligodendrocytes",10,108,16,92,FALSE,0.667338191167931
"TET1",0.0951724843748556,5.81694047060329,1.73010629923956,0.19109184522918,0.562955106448009,TRUE,FALSE,TRUE,TRUE,"Granule",10,109,16,93,FALSE,0.667338191167931
"PRKCB",-0.180487789349129,7.5359382702261,1.72967711640492,0.191158624228207,0.791418587930183,TRUE,FALSE,TRUE,TRUE,"MLI_2",10,106,16,90,FALSE,0.667338191167931
"CA4",0.289179374710135,6.06891626210117,1.71960989440917,0.192658778917836,0.800536185386298,TRUE,FALSE,TRUE,FALSE,"MLI_1",10,108,16,92,FALSE,0.668652987798017
"APP",-0.104560872998486,8.49188703121217,1.71625792003241,0.192682164579875,0.724853645444595,TRUE,TRUE,TRUE,TRUE,"Microglia",10,108,16,92,FALSE,0.668652987798017
"APP",-0.139761425904705,8.77324474177818,1.68572407657723,0.196643180874983,0.785898896621935,TRUE,TRUE,TRUE,TRUE,"PLI",10,107,16,91,FALSE,0.677837570215086
"PRKCB",-0.222367124035953,7.53794622786454,1.68695954436502,0.196796077543736,0.788235184851256,TRUE,FALSE,TRUE,TRUE,"Endocytes",10,107,16,91,FALSE,0.677837570215086
"TET2",0.150647676165248,5.63859411088266,1.677027916546,0.197813576383052,0.625600605064193,TRUE,FALSE,TRUE,TRUE,"OPC",10,108,16,92,FALSE,0.677837570215086
"EDNRA",-0.420059634784953,3.90231414250902,1.67113595992005,0.198043069085446,0.788235184851256,TRUE,FALSE,TRUE,FALSE,"Endocytes",10,107,16,91,FALSE,0.677837570215086
"HDAC6",0.14428951725143,5.68047200229945,1.67387298431832,0.198235515817619,0.626189611596623,TRUE,FALSE,FALSE,FALSE,"OPC",10,108,16,92,FALSE,0.677837570215086
"CNR1",-0.176221469138931,5.5762120637349,1.65866321019346,0.200317699348711,0.627969378460783,TRUE,TRUE,TRUE,TRUE,"OPC",10,108,16,92,FALSE,0.682954495440342
"NR1H3",0.236998127251794,3.38245852931098,1.6482409783317,0.201416458116598,0.628797481659992,TRUE,FALSE,TRUE,FALSE,"OPC",10,108,16,92,FALSE,0.684698513597531
"TYR",0.307219665637899,-0.790630320018215,1.63143897746665,0.203499646104472,0.576359735931719,TRUE,TRUE,TRUE,TRUE,"Granule",10,109,16,93,FALSE,0.687316677000778
"YWHAG",0.233900161037204,6.91522860481466,1.62688088174502,0.204042454188802,0.669904483104567,TRUE,FALSE,TRUE,FALSE,"Pericytes",10,102,16,86,FALSE,0.687316677000778
"DAB2IP",-0.129801188652769,8.64934786811867,1.62903457308175,0.204108311642251,0.788090948655394,TRUE,FALSE,FALSE,FALSE,"PLI",10,107,16,91,FALSE,0.687316677000778
"CTNNB1",0.105293906218874,7.6288696240195,1.62838694477027,0.204578805243695,0.576869531685896,TRUE,FALSE,TRUE,FALSE,"Granule",10,109,16,93,FALSE,0.687316677000778
"PDE4D",0.138799198672565,8.13825721815481,1.62207590294944,0.205479577853662,0.633533484958197,TRUE,FALSE,TRUE,FALSE,"OPC",10,108,16,92,FALSE,0.687316677000778
"HIF1A",0.111719637139626,6.4827266069636,1.61897430697405,0.205723430766099,0.633533484958197,TRUE,FALSE,TRUE,FALSE,"OPC",10,108,16,92,FALSE,0.687316677000778
"EPHX2",-0.143949535526815,4.56813606233736,1.61223379829992,0.206587199144288,0.612840257548198,TRUE,FALSE,TRUE,FALSE,"Oligodendrocytes",10,108,16,92,FALSE,0.688230497720684
"ESR1",0.21099322762079,3.14779550771248,1.59335048032143,0.209135866075206,0.808809800314932,TRUE,TRUE,TRUE,TRUE,"MLI_1",10,108,16,92,FALSE,0.694736238870912
"EIF4A1",-0.18916650386204,4.06827699643982,1.57537993913434,0.211860218917958,0.810575008656516,TRUE,FALSE,TRUE,FALSE,"MLI_1",10,108,16,92,FALSE,0.700588283834813
"BACE1",0.102726890886193,5.44943996451526,1.57434560762944,0.212099197421689,0.811067330940537,TRUE,FALSE,TRUE,FALSE,"MLI_1",10,108,16,92,FALSE,0.700588283834813
"STS",-0.142022977487467,4.68547132081772,1.56572172857687,0.21323274900429,0.619173503234156,TRUE,FALSE,TRUE,FALSE,"Oligodendrocytes",10,108,16,92,FALSE,0.702342896437858
"EIF4A1",-0.195905375912236,4.14048979649128,1.54725881286475,0.215851372659782,0.641025727927707,TRUE,FALSE,TRUE,FALSE,"OPC",10,108,16,92,FALSE,0.708965353581145
"CYP1B1",0.260686524971865,-0.964082129763399,1.53128414902515,0.217746882989465,0.592317252454675,TRUE,FALSE,TRUE,FALSE,"Granule",10,109,16,93,FALSE,0.713033684461105
"SRD5A1",0.170437646349309,5.48211235497883,1.52575485013098,0.219053539440038,0.744119392672714,TRUE,FALSE,TRUE,FALSE,"Golgi",10,106,16,90,FALSE,0.713033684461105
"HSP90AB1",0.219288358712006,7.46000786276004,1.52407052340048,0.219812013176587,0.757891412926994,TRUE,FALSE,TRUE,FALSE,"UBC",10,107,16,91,FALSE,0.713033684461105
"PTPN2",-0.139150673700385,6.72990393123607,1.51883594995291,0.219976414591503,0.757891412926994,TRUE,FALSE,TRUE,FALSE,"UBC",10,107,16,91,FALSE,0.713033684461105
"PKM",0.242810234232255,6.41077059327275,1.52102785657467,0.220147621274441,0.757891412926994,TRUE,FALSE,TRUE,FALSE,"UBC",10,107,16,91,FALSE,0.713033684461105
"LYPLA1",-0.160682950862363,5.33462536739556,1.50854431259011,0.221643961228636,0.746307826094081,TRUE,FALSE,FALSE,FALSE,"Golgi",10,106,16,90,FALSE,0.713512676658075
"TET1",0.146715627789768,5.92477120389824,1.50623970819958,0.222089634918977,0.813702914747085,TRUE,FALSE,TRUE,TRUE,"Purkinje",10,108,16,92,FALSE,0.713512676658075
"NR1H3",0.228947248121073,3.30853904372935,1.50336303269691,0.222426094002353,0.817721539902518,TRUE,FALSE,TRUE,FALSE,"MLI_1",10,108,16,92,FALSE,0.713512676658075
"DYRK1A",-0.0999658382729312,8.18913333471999,1.49882173084087,0.223353769276923,0.805237000132941,TRUE,FALSE,TRUE,TRUE,"Endocytes",10,107,16,91,FALSE,0.713512676658075
"TET1",0.120220697385919,5.83542387588651,1.49870068033002,0.223355168936704,0.818017955794314,TRUE,FALSE,TRUE,TRUE,"MLI_1",10,108,16,92,FALSE,0.713512676658075
"SRC",0.304662183392242,3.91404758801036,1.49147044240096,0.224065091629771,0.813702914747085,TRUE,FALSE,TRUE,FALSE,"Purkinje",10,108,16,92,FALSE,0.713824854754954
"PTPN2",0.0896720206834358,6.71659727508884,1.48312106332439,0.225760316103178,0.821527658457294,TRUE,FALSE,TRUE,FALSE,"MLI_1",10,108,16,92,FALSE,0.713850967046926
"YWHAG",0.151301349099242,6.50106910806009,1.47922556256241,0.226472335881681,0.82217013293236,TRUE,FALSE,TRUE,FALSE,"MLI_1",10,108,16,92,FALSE,0.713850967046926
"MAP2K1",-0.169145512652815,5.66724571682702,1.47014139835507,0.227596427281396,0.816967959572727,TRUE,TRUE,TRUE,TRUE,"MLI_2",10,106,16,90,FALSE,0.713850967046926
"PRKCE",-0.0741024691010186,9.25171396492726,1.46925792196363,0.227847464837332,0.755851235689904,TRUE,FALSE,TRUE,TRUE,"Microglia",10,108,16,92,FALSE,0.713850967046926
"MCL1",-0.130111661301559,4.39859872679493,1.46909319502558,0.228014548639777,0.603741538424262,TRUE,TRUE,TRUE,TRUE,"Granule",10,109,16,93,FALSE,0.713850967046926
"AOX1",-0.211138893617333,-0.0551613686580818,1.4629507183726,0.22857624815762,0.604088842893313,TRUE,FALSE,FALSE,FALSE,"Granule",10,109,16,93,FALSE,0.713850967046926
"ACHE",-0.204034827227965,3.55787195816274,1.46528232551615,0.228643483254797,0.604088842893313,TRUE,TRUE,TRUE,TRUE,"Granule",10,109,16,93,FALSE,0.713850967046926
"TRPV1",0.159234610931139,5.17424135331448,1.46198425245869,0.228971064901844,0.650926014468202,TRUE,FALSE,TRUE,FALSE,"OPC",10,108,16,92,FALSE,0.713850967046926
"SRC",-0.206271234754627,3.40461369401522,1.44627692588494,0.231265661190688,0.625409752960692,TRUE,FALSE,TRUE,FALSE,"Astrocytes",10,108,16,92,FALSE,0.717080255726501
"ESR1",0.144415191820526,3.02843177123094,1.44726204838946,0.23146619607141,0.606269493058375,TRUE,TRUE,TRUE,TRUE,"Granule",10,109,16,93,FALSE,0.717080255726501
"MGLL",-0.11881925664473,7.32401704249163,1.44394215897292,0.231851849407282,0.814382120118539,TRUE,FALSE,TRUE,FALSE,"Purkinje",10,108,16,92,FALSE,0.717080255726501
"SGMS1",-0.108413524577434,7.481993209172,1.43256280954044,0.233473088224203,0.80805047090548,TRUE,FALSE,FALSE,FALSE,"PLI",10,107,16,91,FALSE,0.718866167912136
"MAPK10",0.132729322247336,8.80082139695332,1.43344729518767,0.233662330736449,0.807573204482232,TRUE,FALSE,TRUE,FALSE,"Endocytes",10,107,16,91,FALSE,0.718866167912136
"EPHX2",-0.256181491618344,5.12569086301034,1.41981612298974,0.235407665842114,0.767768060122479,TRUE,FALSE,TRUE,FALSE,"UBC",10,107,16,91,FALSE,0.72018392166673
"TDP1",-0.0997482740772294,5.21422699937261,1.41744772310291,0.236338821373802,0.611082120659212,TRUE,FALSE,TRUE,FALSE,"Granule",10,109,16,93,FALSE,0.72018392166673
"SRD5A1",0.0780199803335833,5.12506965066206,1.41556654285622,0.236647531262173,0.611184760931993,TRUE,FALSE,TRUE,FALSE,"Granule",10,109,16,93,FALSE,0.72018392166673
"TOP2B",-0.113056195430841,7.39512117085486,1.41175706852779,0.237038367303695,0.755719359166516,TRUE,FALSE,TRUE,FALSE,"Golgi",10,106,16,90,FALSE,0.72018392166673
"ACHE",-0.227764708652602,3.71836064047138,1.41020788940659,0.237178924459712,0.660152452961881,TRUE,TRUE,TRUE,TRUE,"OPC",10,108,16,92,FALSE,0.72018392166673
"FYN",0.121709605901795,8.60764094883309,1.40456542348248,0.237804151870306,0.690777391657438,TRUE,FALSE,TRUE,FALSE,"Pericytes",10,102,16,86,FALSE,0.720206859950069
"PPARG",0.279282859792162,5.23006548841753,1.40206224261148,0.238725439564911,0.824291755140084,TRUE,TRUE,TRUE,TRUE,"MLI_2",10,106,16,90,FALSE,0.72112399619867
"ADCY10",0.363933425189023,4.28149060126911,1.39346599848104,0.239847553563779,0.814102989970253,TRUE,FALSE,FALSE,FALSE,"Endocytes",10,107,16,91,FALSE,0.721957465912081
"AKR1B1",-0.163624289735535,3.3625661632181,1.39375007978712,0.240239705637982,0.513337170401733,TRUE,FALSE,TRUE,TRUE,"Bergmann",10,108,16,92,FALSE,0.721957465912081
"PDE4B",-0.192507422797826,9.00589641284104,1.39132921844678,0.240892197166463,0.644097805027729,TRUE,FALSE,TRUE,FALSE,"Oligodendrocytes",10,108,16,92,FALSE,0.722057331352431
"SGMS1",-0.0940783352304384,7.44194288375441,1.37413386082549,0.243352679001676,0.760372014626004,TRUE,FALSE,FALSE,FALSE,"Golgi",10,106,16,90,FALSE,0.725197321498855
"PDE4D",-0.125437564934554,7.712214086841,1.37097193602445,0.24418612204383,0.619091163971912,TRUE,FALSE,TRUE,FALSE,"Granule",10,109,16,93,FALSE,0.725197321498855
"CA4",0.244079401629524,6.22966261512343,1.36218645368497,0.245732378200919,0.822088291290852,TRUE,FALSE,TRUE,FALSE,"PLI",10,107,16,91,FALSE,0.725197321498855
"ADCY10",-0.257001130122086,4.12361589620484,1.36067310355757,0.245770840092922,0.642663644253648,TRUE,FALSE,FALSE,FALSE,"Astrocytes",10,108,16,92,FALSE,0.725197321498855
"CA3",-0.174083595816448,4.94270110909141,1.35728850969039,0.246144477796241,0.762992762758043,TRUE,FALSE,TRUE,FALSE,"Golgi",10,106,16,90,FALSE,0.725197321498855
"PDE4B",-0.182148606454827,8.08493813237999,1.35803739996255,0.246546471331365,0.822984104338973,TRUE,FALSE,TRUE,FALSE,"Purkinje",10,108,16,92,FALSE,0.725197321498855
"ESR2",0.134462951358145,4.87641251932336,1.35079990100269,0.247406889297552,0.671695860081043,TRUE,TRUE,TRUE,TRUE,"OPC",10,108,16,92,FALSE,0.725197321498855
"IGF1R",-0.117277640331855,9.07651147818738,1.35090341369953,0.247524001710877,0.818804413778744,TRUE,FALSE,TRUE,FALSE,"Endocytes",10,107,16,91,FALSE,0.725197321498855
"APP",-0.0925007844992575,8.47057339167607,1.35112967103985,0.247562920388961,0.62171725767823,TRUE,TRUE,TRUE,TRUE,"Granule",10,109,16,93,FALSE,0.725197321498855
"ADCY10",-0.387487902611758,4.44759438740564,1.34287651622921,0.248691122146779,0.831939498872104,TRUE,FALSE,FALSE,FALSE,"MLI_2",10,106,16,90,FALSE,0.725197321498855
"MCL1",-0.270495019290134,4.56118895311943,1.33891138913097,0.249262661132894,0.832114375323363,TRUE,TRUE,TRUE,TRUE,"MLI_2",10,106,16,90,FALSE,0.725197321498855
"DRD4",0.321152422576052,1.13443847869075,1.3373784391542,0.249403195472591,0.522816965932941,TRUE,FALSE,TRUE,FALSE,"Bergmann",10,108,16,92,FALSE,0.725197321498855
"GSK3B",-0.0715616071941385,8.19521028225996,1.32837673500047,0.251389727890568,0.771095380447516,TRUE,FALSE,TRUE,FALSE,"Microglia",10,108,16,92,FALSE,0.725686547803353
"ADORA1",0.143247591772196,5.46747968045354,1.32650123563269,0.251756015277882,0.650338014010825,TRUE,FALSE,TRUE,FALSE,"Oligodendrocytes",10,108,16,92,FALSE,0.725686547803353
"APP",-0.0907929872979267,8.62480500824369,1.32171203045081,0.252638700510558,0.651117735871719,TRUE,TRUE,TRUE,TRUE,"Oligodendrocytes",10,108,16,92,FALSE,0.725686547803353
"PRKCB",-0.169465552291171,7.52789313774956,1.32320919677627,0.252649889523543,0.67584528285087,TRUE,FALSE,TRUE,TRUE,"OPC",10,108,16,92,FALSE,0.725686547803353
"SIGMAR1",-0.185658310880612,2.131070985287,1.30917276200833,0.254943493697689,0.628836278012512,TRUE,FALSE,TRUE,FALSE,"Granule",10,109,16,93,FALSE,0.725686547803353
"STS",-0.205629761454946,5.33881703790985,1.30128394042267,0.255923823395138,0.783568498268562,TRUE,FALSE,TRUE,FALSE,"UBC",10,107,16,91,FALSE,0.725686547803353
"TDP1",0.169265131877527,5.2548249087131,1.29974178663103,0.256483710388864,0.828753928733622,TRUE,FALSE,TRUE,FALSE,"Purkinje",10,108,16,92,FALSE,0.725686547803353
"KAT2B",0.130166160154065,6.94856410313277,1.29852358684307,0.256680706308327,0.833644737262298,TRUE,FALSE,FALSE,FALSE,"MLI_2",10,106,16,90,FALSE,0.725686547803353
"SYNJ2",0.320745798529672,4.87580989800981,1.2995867576733,0.256788238126375,0.828841774128898,TRUE,FALSE,TRUE,FALSE,"Purkinje",10,108,16,92,FALSE,0.725686547803353
"BRAF",-0.0716678099769252,8.46687575366304,1.2970408344584,0.257090064334224,0.655859150034693,TRUE,FALSE,TRUE,FALSE,"Oligodendrocytes",10,108,16,92,FALSE,0.725686547803353
"CTNNB1",0.0879260884566842,7.5703939555721,1.29693323955694,0.257218017383917,0.531723989148261,TRUE,FALSE,TRUE,FALSE,"Bergmann",10,108,16,92,FALSE,0.725686547803353
"PTPN1",-0.136131112835332,6.1389110557845,1.29562582292814,0.257373302046577,0.82436108704304,TRUE,TRUE,TRUE,TRUE,"Endocytes",10,107,16,91,FALSE,0.725686547803353
"NR1H2",0.226245687889189,4.78536317267733,1.29226535125019,0.257759363269485,0.824703154498038,TRUE,FALSE,TRUE,FALSE,"Endocytes",10,107,16,91,FALSE,0.725686547803353
"NR3C1",-0.0853636221064679,8.23332593884087,1.29066359342129,0.258284663240473,0.654996047064867,TRUE,FALSE,FALSE,FALSE,"Astrocytes",10,108,16,92,FALSE,0.725686547803353
"APP",-0.0967991914703798,8.54310674719902,1.27311454120513,0.261460241937322,0.685190873384568,TRUE,TRUE,TRUE,TRUE,"OPC",10,108,16,92,FALSE,0.732842889660858
"KAT2B",0.118867310057121,7.47730287120332,1.26664336911477,0.262771461111405,0.686181436102517,TRUE,FALSE,FALSE,FALSE,"OPC",10,108,16,92,FALSE,0.734751855289923
"DOT1L",0.156933581629223,5.40445321984947,1.26120380727405,0.263886031354208,0.637957500039391,TRUE,FALSE,TRUE,FALSE,"Granule",10,109,16,93,FALSE,0.736103140093317
"OPRK1",-0.400165809578624,1.61041401087124,1.24158315703167,0.26728288726587,0.542920396524847,TRUE,FALSE,TRUE,TRUE,"Bergmann",10,108,16,92,FALSE,0.742612085579967
"SLC6A4",-0.175739896726383,-0.354183143438085,1.23549371245932,0.268197137586519,0.640527483103367,TRUE,FALSE,TRUE,FALSE,"Granule",10,109,16,93,FALSE,0.742612085579967
"FDFT1",0.214876341049606,4.98567487239194,1.22787675272437,0.269853871801323,0.841435484280165,TRUE,FALSE,TRUE,FALSE,"MLI_2",10,106,16,90,FALSE,0.742612085579967
"KYNU",-0.178913023663281,-0.178829328118481,1.22657478152053,0.27003962341547,0.641613831354338,TRUE,FALSE,FALSE,FALSE,"Granule",10,109,16,93,FALSE,0.742612085579967
"ACHE",-0.254930585175222,3.83453145450876,1.22448064418611,0.270472498975094,0.784321080911988,TRUE,TRUE,TRUE,TRUE,"Microglia",10,108,16,92,FALSE,0.742612085579967
"ACLY",0.155032861472794,4.57899830852465,1.22573600955862,0.270493674998755,0.66613127901688,TRUE,FALSE,FALSE,FALSE,"Astrocytes",10,108,16,92,FALSE,0.742612085579967
"SNCA",-0.115595060668702,7.67132910365103,1.2254252476911,0.270683942886633,0.54639768470791,TRUE,TRUE,TRUE,TRUE,"Bergmann",10,108,16,92,FALSE,0.742612085579967
"CA4",0.262913599397797,6.099163846153,1.2231014989372,0.271314535554945,0.546853012105133,TRUE,FALSE,TRUE,FALSE,"Bergmann",10,108,16,92,FALSE,0.742612085579967
"ERCC5",0.157875840094937,6.19053809359989,1.21797363181625,0.272057711800024,0.835723316345448,TRUE,FALSE,FALSE,FALSE,"Endocytes",10,107,16,91,FALSE,0.74290232308859
"POLA1",-0.0922971146742297,6.86330814633101,1.21298226641777,0.27304193038151,0.668596299470935,TRUE,FALSE,TRUE,FALSE,"Astrocytes",10,108,16,92,FALSE,0.743847875758974
"PTPN1",-0.0816814097825071,5.88028130479459,1.20064568447884,0.275441363100457,0.671678233492466,TRUE,TRUE,TRUE,TRUE,"Oligodendrocytes",10,108,16,92,FALSE,0.748635499708933
"PPARG",0.239677337999969,5.16486146009666,1.19027645591925,0.277452607617553,0.838245482896328,TRUE,TRUE,TRUE,TRUE,"Endocytes",10,107,16,91,FALSE,0.750197747880267
"PTPN1",-0.0936836887927445,5.80696005901501,1.18764632529917,0.27808293858659,0.673769591790565,TRUE,TRUE,TRUE,TRUE,"Astrocytes",10,108,16,92,FALSE,0.750197747880267
"MAP2K1",0.0884130303752886,5.58486892850136,1.187849692033,0.278119211075037,0.553817687392894,TRUE,TRUE,TRUE,TRUE,"Bergmann",10,108,16,92,FALSE,0.750197747880267
"LCK",-0.221372460890559,-0.71191970776023,1.18136356465944,0.278799624151818,0.649703612220431,TRUE,FALSE,FALSE,FALSE,"Granule",10,109,16,93,FALSE,0.750197747880267
"SLC5A1",-0.217928606445578,-0.908681100850926,1.17903584711117,0.2792331239966,0.649985591184164,TRUE,FALSE,TRUE,FALSE,"Granule",10,109,16,93,FALSE,0.750197747880267
"TRPV1",0.104955251561028,4.98481931986107,1.16962798280237,0.281797310737552,0.651217107411002,TRUE,FALSE,TRUE,FALSE,"Granule",10,109,16,93,FALSE,0.754398607766423
"PTPN1",-0.120717899635541,6.16246010668424,1.16595105750848,0.282090731549023,0.845759302407888,TRUE,TRUE,TRUE,TRUE,"PLI",10,107,16,91,FALSE,0.754398607766423
"ERCC5",0.213098252433384,6.75514005172607,1.15538596690978,0.284076529342518,0.74007686300851,TRUE,FALSE,FALSE,FALSE,"Pericytes",10,102,16,86,FALSE,0.756135684926229
"MAPK10",0.0957615049353487,9.01174940917765,1.15463632114946,0.28466339628952,0.85147693402355,TRUE,FALSE,TRUE,FALSE,"MLI_2",10,106,16,90,FALSE,0.756135684926229
"ADORA1",0.126301057364113,5.38374405522879,1.15569319828784,0.28468573386159,0.653641375215217,TRUE,FALSE,TRUE,FALSE,"Granule",10,109,16,93,FALSE,0.756135684926229
"DAB2IP",-0.110166421964286,8.50705106038754,1.15015737187009,0.285780100027236,0.680936417339802,TRUE,FALSE,FALSE,FALSE,"Astrocytes",10,108,16,92,FALSE,0.757317265072175
"OPRM1",-0.18097087953555,6.95892411935975,1.14720492354905,0.286587270070423,0.562233524896762,TRUE,FALSE,TRUE,TRUE,"Bergmann",10,108,16,92,FALSE,0.757341772813284
"NR3C1",-0.0895589600804438,8.24173839522211,1.14328560996748,0.287088390723389,0.846519362621114,TRUE,FALSE,FALSE,FALSE,"Purkinje",10,108,16,92,FALSE,0.757341772813284
"KAT2B",0.111688077243376,6.92597309168299,1.13153855084103,0.289355350316403,0.847507944354792,TRUE,FALSE,FALSE,FALSE,"PLI",10,107,16,91,FALSE,0.759553404954604
"MAP2K1",0.166241197196299,5.86302742441122,1.13054479032638,0.289549459748828,0.801981951215604,TRUE,TRUE,TRUE,TRUE,"UBC",10,107,16,91,FALSE,0.759553404954604
"HIF1A",-0.0881339359371567,6.40393091306125,1.12969846322135,0.290049927046305,0.845173349440947,TRUE,FALSE,TRUE,FALSE,"MLI_1",10,108,16,92,FALSE,0.759553404954604
"JUN",-0.236002851840766,4.6832115416727,1.12802166135023,0.290532434485209,0.708559674741097,TRUE,FALSE,TRUE,TRUE,"OPC",10,108,16,92,FALSE,0.759553404954604
"PPARG",-0.209954629937346,5.06882170757568,1.11087217702952,0.293951387579951,0.847184598418202,TRUE,TRUE,TRUE,TRUE,"Purkinje",10,108,16,92,FALSE,0.766772523306986
"PRKCB",-0.167635125786769,7.62037422393505,1.10175831957725,0.296324858610665,0.801443664926854,TRUE,FALSE,TRUE,TRUE,"Microglia",10,108,16,92,FALSE,0.769378893133392
"HSD17B3",0.172721862722945,0.671849445321707,1.09831953775115,0.296649300947647,0.662844887927434,TRUE,FALSE,TRUE,FALSE,"Granule",10,109,16,93,FALSE,0.769378893133392
"TDP1",0.120576577187915,5.08294308997171,1.09775287724991,0.296930104554053,0.848954348554411,TRUE,FALSE,TRUE,FALSE,"MLI_1",10,108,16,92,FALSE,0.769378893133392
"SNCA",0.108677698127456,7.85672665409659,1.08574199515086,0.299304970316795,0.85106183427352,TRUE,TRUE,TRUE,TRUE,"PLI",10,107,16,91,FALSE,0.773812850087324
"PTPN11",-0.0578993669747536,6.17789142425837,1.07709250861029,0.301593837782583,0.667365438843133,TRUE,FALSE,TRUE,TRUE,"Granule",10,109,16,93,FALSE,0.776668986026644
"EPHX2",-0.182089435980245,4.67487561910687,1.07420186494883,0.301984292828339,0.852503511318773,TRUE,FALSE,TRUE,FALSE,"Purkinje",10,108,16,92,FALSE,0.776668986026644
"TDP1",-0.146693129208464,5.29210002806736,1.0722748276363,0.302407992843994,0.794102894640031,TRUE,FALSE,TRUE,FALSE,"Golgi",10,106,16,90,FALSE,0.776668986026644
"DYRK1A",-0.0741035955448954,8.06397740863614,1.06816246444738,0.303526811382153,0.696152485461089,TRUE,FALSE,TRUE,TRUE,"Astrocytes",10,108,16,92,FALSE,0.777829147410088
"CBS",0.262972743946527,-0.683330651650691,1.062360299088,0.304354610769083,0.66980367993923,TRUE,FALSE,FALSE,FALSE,"Granule",10,109,16,93,FALSE,0.77824007929112
"PKM",-0.140979328910117,6.63980654603352,1.05901875355658,0.305471675577755,0.856745652234861,TRUE,FALSE,TRUE,FALSE,"PLI",10,107,16,91,FALSE,0.779226206364273
"SNCA",-0.104619826189145,7.74044539191453,1.05608014159269,0.306265375806497,0.696877499320213,TRUE,TRUE,TRUE,TRUE,"Astrocytes",10,108,16,92,FALSE,0.779226206364273
"FABP7",0.209694271893084,3.48501558508655,1.05220892141896,0.306745136124529,0.807139461717602,TRUE,FALSE,TRUE,TRUE,"Microglia",10,108,16,92,FALSE,0.779226206364273
"ESR2",0.107936952888731,4.9398274343013,1.05005757779566,0.307613695594893,0.85068756626308,TRUE,TRUE,TRUE,TRUE,"MLI_1",10,108,16,92,FALSE,0.779733845790532
"SRC",-0.156134435861371,3.68658319649065,1.04258814231733,0.30921445996868,0.85068756626308,TRUE,FALSE,TRUE,FALSE,"MLI_1",10,108,16,92,FALSE,0.782091237144211
"ERBB2",0.129112305831537,0.983164024446147,1.03649925958349,0.310666086752157,0.674278591294215,TRUE,FALSE,FALSE,FALSE,"Granule",10,109,16,93,FALSE,0.78406202846973
"KAT2B",-0.151554435168993,7.3202528324278,1.02615154678982,0.312668912285584,0.76333392808724,TRUE,FALSE,FALSE,FALSE,"Pericytes",10,102,16,86,FALSE,0.784983452919191
"ACHE",-0.187697581121878,3.61070632758259,1.02671413672467,0.312839580446804,0.702491137890901,TRUE,TRUE,TRUE,TRUE,"Oligodendrocytes",10,108,16,92,FALSE,0.784983452919191
"IGF1R",-0.0788840616696582,8.7212604267535,1.02607719228466,0.313050862442045,0.873279160551058,TRUE,FALSE,TRUE,FALSE,"MLI_2",10,106,16,90,FALSE,0.784983452919191
"PPARG",0.181262467721825,5.09483560749108,1.0218445741821,0.314260735243884,0.729462254491056,TRUE,TRUE,TRUE,TRUE,"OPC",10,108,16,92,FALSE,0.785243248741123
"GSK3B",-0.102135184791266,8.5356419144497,1.01578613514103,0.315117828957972,0.764542025226258,TRUE,FALSE,TRUE,FALSE,"Pericytes",10,102,16,86,FALSE,0.785243248741123
"MCL1",-0.143958950864938,4.51990909913755,1.01353753990983,0.316024797503562,0.730814727983939,TRUE,TRUE,TRUE,TRUE,"OPC",10,108,16,92,FALSE,0.785243248741123
"DYRK1A",-0.0664736389824174,8.07667069143666,1.01365592433378,0.316123873911941,0.85590288161983,TRUE,FALSE,TRUE,TRUE,"MLI_1",10,108,16,92,FALSE,0.785243248741123
"PRKCQ",0.233078280216945,2.11568200857214,1.00597215705624,0.317807915590038,0.591890330968048,TRUE,FALSE,TRUE,FALSE,"Bergmann",10,108,16,92,FALSE,0.785243248741123
"EIF4A1",-0.145616796995207,4.02014831282259,1.00290247460587,0.318524636413551,0.706676049999388,TRUE,FALSE,TRUE,FALSE,"Oligodendrocytes",10,108,16,92,FALSE,0.785243248741123
"BRAF",-0.0907220103325152,8.89925805341072,1.00147291696629,0.318537869967767,0.76873889080228,TRUE,FALSE,TRUE,FALSE,"Pericytes",10,102,16,86,FALSE,0.785243248741123
"CA4",0.22847789964706,6.44794576081112,1.00312757032175,0.318843394526854,0.851893363126481,TRUE,FALSE,TRUE,FALSE,"Endocytes",10,107,16,91,FALSE,0.785243248741123
"MAP2K1",0.0860930826594006,5.62419380238835,1.00079968820374,0.319215523073149,0.707506652872587,TRUE,TRUE,TRUE,TRUE,"Astrocytes",10,108,16,92,FALSE,0.785243248741123
"F3",0.304078956131409,3.23598766482396,0.985179156127211,0.32268641884813,0.710109672907153,TRUE,FALSE,TRUE,FALSE,"Astrocytes",10,108,16,92,FALSE,0.790658763789242
"MAP2K1",0.141906768760575,5.94935746827248,0.985955704246848,0.322804957379174,0.852181528705416,TRUE,TRUE,TRUE,TRUE,"Endocytes",10,107,16,91,FALSE,0.790658763789242
"ERCC5",0.0802261134712624,6.09297665869303,0.983145783574974,0.323569713315256,0.684610168937413,TRUE,FALSE,FALSE,FALSE,"Granule",10,109,16,93,FALSE,0.790658763789242
"POLA1",-0.0805615807859395,6.89403432200657,0.980347214757747,0.324129407453909,0.735818567013157,TRUE,FALSE,TRUE,FALSE,"OPC",10,108,16,92,FALSE,0.790658763789242
"BCHE",0.186407442090343,3.27096609965343,0.968940493097216,0.326600699931732,0.738912570111262,TRUE,FALSE,FALSE,FALSE,"OPC",10,108,16,92,FALSE,0.793471068182748
"SRD5A1",-0.0905801681927682,5.19578561564038,0.96562001703856,0.327770682624419,0.714423594502206,TRUE,FALSE,TRUE,FALSE,"Oligodendrocytes",10,108,16,92,FALSE,0.793471068182748
"ADORA1",0.137956998801767,5.24499901702281,0.964204380377202,0.328172546864114,0.861482530628636,TRUE,FALSE,TRUE,FALSE,"MLI_1",10,108,16,92,FALSE,0.793471068182748
"PRKCG",-0.223176601426197,5.13635926125087,0.953479770555298,0.331091838968256,0.862447909266807,TRUE,FALSE,TRUE,TRUE,"MLI_1",10,108,16,92,FALSE,0.793471068182748
"DYRK1A",-0.0664708627905892,8.13077978361234,0.950797109776116,0.331415448941545,0.811774169112372,TRUE,FALSE,TRUE,TRUE,"Golgi",10,106,16,90,FALSE,0.793471068182748
"CTNNB1",0.087483016730636,7.55806681947609,0.950179641644026,0.331658346190241,0.743667637332309,TRUE,FALSE,TRUE,FALSE,"OPC",10,108,16,92,FALSE,0.793471068182748
"FABP3",-0.176619650717092,2.70856286767447,0.948758373977187,0.331664581981371,0.717995258421479,TRUE,FALSE,TRUE,TRUE,"Oligodendrocytes",10,108,16,92,FALSE,0.793471068182748
"PTK2",0.0502392767426471,8.83064885577221,0.948144292218193,0.33230227854196,0.604719338231526,TRUE,FALSE,FALSE,FALSE,"Bergmann",10,108,16,92,FALSE,0.793471068182748
"HIF1A",-0.16455460798098,7.08422606534314,0.944588288829221,0.332626780961969,0.775060473891246,TRUE,FALSE,TRUE,FALSE,"Pericytes",10,102,16,86,FALSE,0.793471068182748
"BRAF",-0.0479330060583007,8.47822602580099,0.944352102569808,0.33326475647029,0.692571303173363,TRUE,FALSE,TRUE,FALSE,"Granule",10,109,16,93,FALSE,0.793471068182748
"STS",-0.105678282743373,4.95243044430221,0.941255190334426,0.333880807947078,0.745761573555018,TRUE,FALSE,TRUE,FALSE,"OPC",10,108,16,92,FALSE,0.793471068182748
"ERCC5",0.114509049910479,6.18361892752605,0.940403355181055,0.334059485147949,0.814319951832775,TRUE,FALSE,FALSE,FALSE,"Golgi",10,106,16,90,FALSE,0.793471068182748
"PTPN11",-0.0999615548976487,6.46072613859328,0.935276049587495,0.335203911710041,0.873238427506886,TRUE,FALSE,TRUE,TRUE,"PLI",10,107,16,91,FALSE,0.793471068182748
"STS",0.138970459762922,4.6828194509575,0.933934378598939,0.335677220617257,0.817763723073481,TRUE,FALSE,TRUE,FALSE,"Microglia",10,108,16,92,FALSE,0.793471068182748
"MCL1",-0.117223196003637,4.44105196340562,0.930231244050378,0.33669116469015,0.722544487672896,TRUE,TRUE,TRUE,TRUE,"Oligodendrocytes",10,108,16,92,FALSE,0.793471068182748
"ALK",-0.234452917536266,4.02935244235973,0.929101189075315,0.336702815809793,0.877946482318108,TRUE,FALSE,FALSE,FALSE,"MLI_2",10,106,16,90,FALSE,0.793471068182748
"HSP90AB1",-0.162089371169074,7.43217964045699,0.930734274146586,0.336951063768657,0.873238427506886,TRUE,FALSE,TRUE,FALSE,"PLI",10,107,16,91,FALSE,0.793471068182748
"CA3",-0.1222803722038,4.70462610352165,0.923055562139158,0.338649855206257,0.724367387455907,TRUE,FALSE,TRUE,FALSE,"Astrocytes",10,108,16,92,FALSE,0.793471068182748
"APP",0.106940861965142,8.96310411904979,0.923812607394566,0.33869546084532,0.815511725908246,TRUE,TRUE,TRUE,TRUE,"Golgi",10,106,16,90,FALSE,0.793471068182748
"TET1",0.121140570323162,5.9219042988066,0.918279161669674,0.339552297790152,0.873238427506886,TRUE,FALSE,TRUE,TRUE,"PLI",10,107,16,91,FALSE,0.793471068182748
"JUN",-0.237287805833725,4.53933209885064,0.916006533705835,0.340379480832325,0.864398586087953,TRUE,FALSE,TRUE,TRUE,"Purkinje",10,108,16,92,FALSE,0.793471068182748
"DOT1L",-0.149989991767448,5.45405143777018,0.913331783909986,0.341056636096649,0.816994952173817,TRUE,FALSE,TRUE,FALSE,"Golgi",10,106,16,90,FALSE,0.793471068182748
"CA4",0.256658344204814,6.09114846935756,0.909243279896246,0.342540887350959,0.864619798763268,TRUE,FALSE,TRUE,FALSE,"Purkinje",10,108,16,92,FALSE,0.793471068182748
"CTNNB1",0.0924230626429066,7.58057854858769,0.905828957220331,0.343122567458467,0.865142215596982,TRUE,FALSE,TRUE,FALSE,"Purkinje",10,108,16,92,FALSE,0.793471068182748
"APEX1",-0.2021304436682,3.52062344243552,0.903086839319586,0.343566517751428,0.822679295781063,TRUE,FALSE,FALSE,FALSE,"Microglia",10,108,16,92,FALSE,0.793471068182748
"SGMS2",0.157211054818497,4.02966949699814,0.902410010688582,0.343851544079405,0.822822808652896,TRUE,FALSE,FALSE,FALSE,"Microglia",10,108,16,92,FALSE,0.793471068182748
"SGMS2",-0.119539193201101,3.97964663088456,0.902649022172532,0.343885754672883,0.727996846983678,TRUE,FALSE,FALSE,FALSE,"Oligodendrocytes",10,108,16,92,FALSE,0.793471068182748
"MGLL",0.122798176965562,7.87186526059185,0.899591506878973,0.344394422610619,0.781221680717549,TRUE,FALSE,TRUE,FALSE,"Pericytes",10,102,16,86,FALSE,0.793471068182748
"FDPS",0.112493039906679,4.21420286188255,0.899303029846927,0.345017008206392,0.616534245030489,TRUE,FALSE,TRUE,FALSE,"Bergmann",10,108,16,92,FALSE,0.793471068182748
"PRKCB",-0.151301900607136,7.52518204802154,0.893421898227748,0.346747835970357,0.728879940653956,TRUE,FALSE,TRUE,TRUE,"Oligodendrocytes",10,108,16,92,FALSE,0.79578060827198
"SIRT1",-0.1302815670959,5.59952331667239,0.89012290035711,0.347386217504663,0.866861283444712,TRUE,FALSE,FALSE,FALSE,"Endocytes",10,107,16,91,FALSE,0.79578060827198
"BACE1",0.0770498452942904,5.35510609222475,0.886659039438208,0.348425075306334,0.619442961751234,TRUE,FALSE,TRUE,FALSE,"Bergmann",10,108,16,92,FALSE,0.796595368249384
"NR3C1",-0.0767997311102029,8.25536344420315,0.881489854018031,0.349702145680497,0.755054806603032,TRUE,FALSE,FALSE,FALSE,"OPC",10,108,16,92,FALSE,0.797950492883482
"GSK3B",-0.0458139874062773,8.20326068975273,0.874584494844174,0.351631715782498,0.86933403666749,TRUE,FALSE,TRUE,FALSE,"MLI_1",10,108,16,92,FALSE,0.800786290239048
"KDM6B",0.211861194094534,5.43670741332402,0.868023948164343,0.353421550276325,0.889297063415965,TRUE,FALSE,TRUE,FALSE,"MLI_2",10,106,16,90,FALSE,0.801458426382068
"CA2",0.193377600378668,4.16527916171272,0.866333726849988,0.353818310235323,0.734757063520852,TRUE,TRUE,TRUE,TRUE,"Oligodendrocytes",10,108,16,92,FALSE,0.801458426382068
"PDE4B",-0.162612952334259,8.16818649924703,0.862321509815501,0.355309024178595,0.889378074698048,TRUE,FALSE,TRUE,FALSE,"MLI_2",10,106,16,90,FALSE,0.801458426382068
"POLA1",-0.109553969267252,6.97435812646407,0.846451982997746,0.35939034232654,0.871202517097599,TRUE,FALSE,TRUE,FALSE,"Purkinje",10,108,16,92,FALSE,0.801458426382068
"IGF1R",0.0921656562859375,9.05657146327617,0.843026914079511,0.359980109236173,0.791189297254117,TRUE,FALSE,TRUE,FALSE,"Pericytes",10,102,16,86,FALSE,0.801458426382068
"PRKCB",-0.142903350512983,7.52314716911874,0.844776047558874,0.360126243317686,0.712951146441706,TRUE,FALSE,TRUE,TRUE,"Granule",10,109,16,93,FALSE,0.801458426382068
"TET2",0.124498835675162,5.5278149521251,0.843389862711169,0.360242898278467,0.871202517097599,TRUE,FALSE,TRUE,TRUE,"Purkinje",10,108,16,92,FALSE,0.801458426382068
"DAB2IP",-0.0986257707161603,8.60185557141019,0.84248945781781,0.360659348817905,0.83343954813589,TRUE,FALSE,FALSE,FALSE,"Microglia",10,108,16,92,FALSE,0.801458426382068
"TET1",0.0824829179502665,5.89684828678949,0.841506180585268,0.360852330167303,0.740344974392432,TRUE,FALSE,TRUE,TRUE,"Oligodendrocytes",10,108,16,92,FALSE,0.801458426382068
"POLA1",0.0882365926158056,6.97469378786638,0.840010469116335,0.361039195503024,0.877096200778357,TRUE,FALSE,TRUE,FALSE,"PLI",10,107,16,91,FALSE,0.801458426382068
"FDFT1",-0.148690584402231,5.02194616463017,0.835798651251679,0.362387163161318,0.871365569973127,TRUE,FALSE,TRUE,FALSE,"Purkinje",10,108,16,92,FALSE,0.801458426382068
"LYPLA1",-0.0827811947586677,5.08573366649885,0.835920290086589,0.362408760894221,0.741164356805509,TRUE,FALSE,FALSE,FALSE,"Oligodendrocytes",10,108,16,92,FALSE,0.801458426382068
"DAB2IP",-0.0853101466969281,8.51941118656084,0.835966515511617,0.362446291183095,0.761308505229294,TRUE,FALSE,FALSE,FALSE,"OPC",10,108,16,92,FALSE,0.801458426382068
"PDE4D",-0.0764715001826196,8.24461858255042,0.83526723828379,0.362649346094393,0.869719535241114,TRUE,FALSE,TRUE,FALSE,"MLI_1",10,108,16,92,FALSE,0.801458426382068
"SOAT1",-0.119997138106933,3.78866418579139,0.834600121110575,0.362744301566227,0.869719535241114,TRUE,FALSE,TRUE,FALSE,"MLI_1",10,108,16,92,FALSE,0.801458426382068
"PTPN1",-0.123388959312119,6.08293965008318,0.833422047992995,0.362924570437163,0.837317402266057,TRUE,TRUE,TRUE,TRUE,"UBC",10,107,16,91,FALSE,0.801458426382068
"HIF1A",-0.094089615484411,6.66654406481249,0.831478584082418,0.363675798903214,0.834594525264544,TRUE,FALSE,TRUE,FALSE,"Microglia",10,108,16,92,FALSE,0.801599208924666
"CD22",0.169224625968615,4.80464836932158,0.826075434148732,0.36534567938684,0.743251493710381,TRUE,FALSE,TRUE,FALSE,"Oligodendrocytes",10,108,16,92,FALSE,0.803760494651048
"HTR2B",-0.154078778643552,-0.312991645447164,0.810723969623543,0.369466125098382,0.72153600934538,TRUE,FALSE,TRUE,FALSE,"Granule",10,109,16,93,FALSE,0.809362017303263
"TDP1",-0.105261867823502,5.2645902144618,0.808457600045732,0.370332853736749,0.836461757895516,TRUE,FALSE,TRUE,FALSE,"Microglia",10,108,16,92,FALSE,0.809362017303263
"KDM6B",0.142490264842612,5.36049756486744,0.806000135430449,0.37123319715659,0.748202884179447,TRUE,FALSE,TRUE,FALSE,"Oligodendrocytes",10,108,16,92,FALSE,0.809362017303263
"TRPM8",-0.191429289076022,-0.910875815176273,0.802412331449021,0.371751651967305,0.723714191164417,TRUE,FALSE,TRUE,FALSE,"Granule",10,109,16,93,FALSE,0.809362017303263
"PTPN2",0.146781813535204,7.17782243296796,0.804489594372459,0.371801310941897,0.875683587762814,TRUE,FALSE,TRUE,FALSE,"Purkinje",10,108,16,92,FALSE,0.809362017303263
"BRAF",-0.0571193953706573,8.49544573270054,0.802588038628981,0.372056639171997,0.83602727650472,TRUE,FALSE,TRUE,FALSE,"Golgi",10,106,16,90,FALSE,0.809362017303263
"DOT1L",0.184261956278431,5.55387717241696,0.795962659906107,0.374125362371731,0.896894267894497,TRUE,FALSE,TRUE,FALSE,"MLI_2",10,106,16,90,FALSE,0.810977350445779
"PTPN2",0.0816574627244107,6.68213265619914,0.789225896732479,0.376112019535922,0.837931951662389,TRUE,FALSE,TRUE,FALSE,"Microglia",10,108,16,92,FALSE,0.810977350445779
"DAB2IP",-0.0883770220401952,8.53755576137933,0.789160348165053,0.376220828685819,0.751189615895683,TRUE,FALSE,FALSE,FALSE,"Oligodendrocytes",10,108,16,92,FALSE,0.810977350445779
"FYN",0.0619735495035919,8.14050672737553,0.788428513353523,0.376355819223524,0.837931951662389,TRUE,FALSE,TRUE,FALSE,"Microglia",10,108,16,92,FALSE,0.810977350445779
"MGLL",-0.0905238812487701,7.39079858371929,0.780253764301495,0.378772797492787,0.897148730542034,TRUE,FALSE,TRUE,FALSE,"MLI_2",10,106,16,90,FALSE,0.810977350445779
"PDE4B",-0.122046096232935,8.56588159622385,0.780952492484224,0.378912982480027,0.844286181074259,TRUE,FALSE,TRUE,FALSE,"UBC",10,107,16,91,FALSE,0.810977350445779
"CA4",0.19008721678202,6.07506326870774,0.780336771165525,0.379085020299415,0.837772217112871,TRUE,FALSE,TRUE,FALSE,"Golgi",10,106,16,90,FALSE,0.810977350445779
"SYNJ2",0.23804691466055,4.41362796299695,0.774927727494148,0.380263108520215,0.876333376676557,TRUE,FALSE,TRUE,FALSE,"Endocytes",10,107,16,91,FALSE,0.810977350445779
"SOAT1",-0.117746506466063,3.75286127549434,0.774811235147489,0.380380873493672,0.754165869974522,TRUE,FALSE,TRUE,FALSE,"Oligodendrocytes",10,108,16,92,FALSE,0.810977350445779
"ESRRA",-0.143958741216287,3.41590597341315,0.772929250850251,0.380885372971192,0.757326561639843,TRUE,FALSE,TRUE,FALSE,"Astrocytes",10,108,16,92,FALSE,0.810977350445779
"SIGMAR1",0.204955159081823,2.18593897229655,0.772809376095881,0.381099213190935,0.645786400680727,TRUE,FALSE,TRUE,FALSE,"Bergmann",10,108,16,92,FALSE,0.810977350445779
"PTPN2",-0.0968501202325245,6.59964937139122,0.772097665157368,0.381403687017697,0.876333376676557,TRUE,FALSE,TRUE,FALSE,"Endocytes",10,107,16,91,FALSE,0.810977350445779
"DYRK1A",-0.047345583942716,8.07999104728638,0.770514592430697,0.381945758196448,0.730310529090703,TRUE,FALSE,TRUE,TRUE,"Granule",10,109,16,93,FALSE,0.810977350445779
"ESR2",0.0567720853497689,4.78999670014689,0.768538275875532,0.38253648605933,0.73051433299327,TRUE,TRUE,TRUE,TRUE,"Granule",10,109,16,93,FALSE,0.810977350445779
"DOT1L",0.126955790014991,5.40476542490285,0.761703680095021,0.384654117297626,0.873561989253727,TRUE,FALSE,TRUE,FALSE,"MLI_1",10,108,16,92,FALSE,0.813955483863437
"CA13",-0.212792595862795,4.20785806158617,0.756809999534987,0.385790613266631,0.901220965565404,TRUE,FALSE,TRUE,FALSE,"MLI_2",10,106,16,90,FALSE,0.813955483863437
"ENPP1",0.114003407254807,2.39054470019727,0.753792807906041,0.387114672406446,0.734058998072323,TRUE,FALSE,TRUE,FALSE,"Granule",10,109,16,93,FALSE,0.813955483863437
"SGMS2",-0.164735483125131,4.29295238610457,0.750061611464792,0.388069416318402,0.879603965859714,TRUE,FALSE,FALSE,FALSE,"Purkinje",10,108,16,92,FALSE,0.813955483863437
"BACE1",-0.122773708450774,5.60835390216719,0.749933197526201,0.388267753589472,0.878875330751418,TRUE,FALSE,TRUE,FALSE,"Endocytes",10,107,16,91,FALSE,0.813955483863437
"SYNJ2",-0.145529650463246,6.45939351180657,0.74312703276828,0.390634643840032,0.760872788774757,TRUE,FALSE,TRUE,FALSE,"Oligodendrocytes",10,108,16,92,FALSE,0.813955483863437
"ADCY10",0.174030885711652,4.11668786028062,0.742674592706214,0.390699361932803,0.737296333378479,TRUE,FALSE,FALSE,FALSE,"Granule",10,109,16,93,FALSE,0.813955483863437
"SIRT1",-0.06574033925598,5.35064425876849,0.737393794206766,0.392344508486177,0.655189044718292,TRUE,FALSE,FALSE,FALSE,"Bergmann",10,108,16,92,FALSE,0.813955483863437
"MAPK10",-0.0712385217391707,8.81294225829895,0.736557553061152,0.392479563797325,0.847069807997549,TRUE,FALSE,TRUE,FALSE,"Microglia",10,108,16,92,FALSE,0.813955483863437
"PRKCA",0.103090912738885,6.1845348437919,0.736283956493521,0.392647999403303,0.874946446387363,TRUE,FALSE,TRUE,TRUE,"MLI_1",10,108,16,92,FALSE,0.813955483863437
"CTNNB1",0.0726809401969743,7.57967374365576,0.734881301835109,0.393066241359287,0.76134480823599,TRUE,FALSE,TRUE,FALSE,"Oligodendrocytes",10,108,16,92,FALSE,0.813955483863437
"KDM1A",0.110368345235972,6.39411747419945,0.733692770686585,0.393228082203516,0.849953361075188,TRUE,FALSE,TRUE,FALSE,"UBC",10,107,16,91,FALSE,0.813955483863437
"PRKCD",-0.162994480682001,3.40539697747425,0.732455589856765,0.393404345028987,0.847589068262264,TRUE,FALSE,TRUE,TRUE,"Microglia",10,108,16,92,FALSE,0.813955483863437
"KYNU",0.189563526748824,3.52098836613598,0.728212071003289,0.394796890238883,0.848377643057094,TRUE,FALSE,FALSE,FALSE,"Microglia",10,108,16,92,FALSE,0.813955483863437
"PRKCE",-0.0672838758735605,9.52584814772944,0.728158383852872,0.394815928661584,0.813333047153875,TRUE,FALSE,TRUE,TRUE,"Pericytes",10,102,16,86,FALSE,0.813955483863437
"GSK3B",-0.0697385243701982,8.18740270729736,0.728601814448893,0.395110466437998,0.879327322683309,TRUE,FALSE,TRUE,FALSE,"Endocytes",10,107,16,91,FALSE,0.813955483863437
"SRD5A1",0.155652520689783,5.21158706960198,0.722934801724654,0.396873604732942,0.879469774735603,TRUE,FALSE,TRUE,FALSE,"Endocytes",10,107,16,91,FALSE,0.815787912886585
"POLA1",-0.0461909224510734,6.76746614971837,0.721726947005228,0.397399257735489,0.74289854376006,TRUE,FALSE,TRUE,FALSE,"Granule",10,109,16,93,FALSE,0.815787912886585
"KDM1A",-0.0842609161157021,6.22390713722109,0.717006802666313,0.398808156225367,0.848809635809677,TRUE,FALSE,TRUE,FALSE,"Microglia",10,108,16,92,FALSE,0.81724131838098
"HSP90AB1",-0.169696385676996,7.20018876144752,0.712509664204618,0.400549911503957,0.661745382533148,TRUE,FALSE,TRUE,FALSE,"Bergmann",10,108,16,92,FALSE,0.818696262552715
"MAP2K1",0.0570836160778147,5.61093944612718,0.707067672582515,0.402215045507985,0.745813595560923,TRUE,TRUE,TRUE,TRUE,"Granule",10,109,16,93,FALSE,0.818696262552715
"NR1H2",-0.144837055282631,4.48684933914806,0.706255123919,0.402260034709119,0.850248891458903,TRUE,FALSE,TRUE,FALSE,"Microglia",10,108,16,92,FALSE,0.818696262552715
"PRKCG",-0.141700464738199,1.53053747971509,0.706524973337652,0.402326722506609,0.745866135782386,TRUE,FALSE,TRUE,TRUE,"Granule",10,109,16,93,FALSE,0.818696262552715
"PKM",0.101480783141929,6.28688179128763,0.703463160824433,0.403235499894952,0.850354318094854,TRUE,FALSE,TRUE,FALSE,"Golgi",10,106,16,90,FALSE,0.819116015466053
"APP",-0.0776570254429078,8.67455905721087,0.692019338115608,0.407214258193277,0.877527067662156,TRUE,TRUE,TRUE,TRUE,"MLI_1",10,108,16,92,FALSE,0.825135862054278
"PRKCB",-0.0888457825653671,7.96227244944371,0.690940861003011,0.407614285200055,0.853888660385882,TRUE,FALSE,TRUE,TRUE,"Golgi",10,106,16,90,FALSE,0.825135862054278
"PPARD",-0.117097535901693,5.970400428801,0.679068447838406,0.411590575162761,0.855491534456506,TRUE,FALSE,TRUE,FALSE,"Microglia",10,108,16,92,FALSE,0.830506638870279
"PKM",-0.114916864937101,6.31274104125656,0.676044403008468,0.412768483340532,0.878140475115282,TRUE,FALSE,TRUE,FALSE,"MLI_1",10,108,16,92,FALSE,0.830506638870279
"ACHE",-0.251965871859087,4.00991074931729,0.673815388297774,0.413049400256002,0.911197693133952,TRUE,TRUE,TRUE,TRUE,"MLI_2",10,106,16,90,FALSE,0.830506638870279
"OPRM1",-0.129657098036755,7.14974580430283,0.674095676105505,0.4134498631846,0.889473636098502,TRUE,FALSE,TRUE,TRUE,"Purkinje",10,108,16,92,FALSE,0.830506638870279
"ALK",0.17270858539667,4.32706872191187,0.672614449437648,0.413828779745825,0.778680311997626,TRUE,FALSE,FALSE,FALSE,"Astrocytes",10,108,16,92,FALSE,0.830506638870279
"KDM6B",-0.121028397887688,5.59651569948824,0.6661069480587,0.415727495745857,0.904996225062599,TRUE,FALSE,TRUE,FALSE,"PLI",10,107,16,91,FALSE,0.831073915098582
"IGF1R",0.0536447651247284,8.7697621600681,0.665506617976538,0.416363932599476,0.674468412848013,TRUE,FALSE,TRUE,FALSE,"Bergmann",10,108,16,92,FALSE,0.831073915098582
"CD22",-0.158062888610055,0.65070235514401,0.664763092722857,0.416461978851341,0.755471018776344,TRUE,FALSE,TRUE,FALSE,"Granule",10,109,16,93,FALSE,0.831073915098582
"SRD5A1",0.100417673814621,5.2585041606693,0.663314922722674,0.416962470268156,0.858420307690469,TRUE,FALSE,TRUE,FALSE,"Microglia",10,108,16,92,FALSE,0.831073915098582
"SLCO2B1",-0.139087635350592,5.91819187280509,0.658487415679495,0.418876860650502,0.859085669761382,TRUE,FALSE,TRUE,FALSE,"Microglia",10,108,16,92,FALSE,0.832302258215887
"ESR2",-0.169177366934341,5.23712734681511,0.656333775536157,0.419227774672478,0.855828885548708,TRUE,TRUE,TRUE,TRUE,"UBC",10,107,16,91,FALSE,0.832302258215887
"DUSP3",0.182986554391079,4.3940900216351,0.650895459508007,0.421295403090254,0.889619330878127,TRUE,FALSE,FALSE,FALSE,"Purkinje",10,108,16,92,FALSE,0.832302258215887
"TRPV1",0.126917046122934,5.19023841037809,0.649982447419103,0.421604089060058,0.857027793153248,TRUE,FALSE,TRUE,FALSE,"Golgi",10,106,16,90,FALSE,0.832302258215887
"KDM6B",0.177699179702868,5.50728235449412,0.649904886581474,0.421616064565743,0.85634590962722,TRUE,FALSE,TRUE,FALSE,"UBC",10,107,16,91,FALSE,0.832302258215887
"DOT1L",0.144309701203103,5.58100202791065,0.647450043366044,0.422723049196338,0.861133992174551,TRUE,FALSE,TRUE,FALSE,"Microglia",10,108,16,92,FALSE,0.832302258215887
"HTR2C",0.148119688372696,3.35787800667414,0.645406451421393,0.423115721737033,0.796565964350724,TRUE,FALSE,FALSE,FALSE,"OPC",10,108,16,92,FALSE,0.832302258215887
"MMP2",0.199714002990038,-0.86111194479058,0.644663164905836,0.423289227377377,0.760916955498562,TRUE,FALSE,TRUE,FALSE,"Granule",10,109,16,93,FALSE,0.832302258215887
"PRKCB",-0.102550161521239,7.58267525072838,0.640167803564354,0.42543017961332,0.881571923863415,TRUE,FALSE,TRUE,TRUE,"MLI_1",10,108,16,92,FALSE,0.832314835125421
"ESR2",-0.109020729946914,5.2486025145608,0.638506338486798,0.425458668220637,0.906752778414863,TRUE,TRUE,TRUE,TRUE,"PLI",10,107,16,91,FALSE,0.832314835125421
"NR3C1",0.0556531064127912,8.33125716036211,0.638752656149901,0.425745014884955,0.861840693857818,TRUE,FALSE,FALSE,FALSE,"Microglia",10,108,16,92,FALSE,0.832314835125421
"EIF4A1",0.125749364756021,4.34244687173074,0.636281025189583,0.426517697433686,0.862095737768832,TRUE,FALSE,TRUE,FALSE,"Microglia",10,108,16,92,FALSE,0.832314835125421
"ERCC5",0.086719330894667,6.14745252995884,0.63562548385648,0.426864726762437,0.862408687170494,TRUE,FALSE,FALSE,FALSE,"Microglia",10,108,16,92,FALSE,0.832314835125421
"PKM",-0.0940699002928892,6.15827302541822,0.630570684105384,0.428862467123329,0.764475765384053,TRUE,FALSE,TRUE,FALSE,"Granule",10,109,16,93,FALSE,0.834027039492834
"SGMS2",-0.115111772741729,3.89607890394131,0.628512755633772,0.429414917862031,0.788749216822941,TRUE,FALSE,FALSE,FALSE,"Astrocytes",10,108,16,92,FALSE,0.834027039492834
"BACE1",0.106370486385558,5.54414763637004,0.627291788248218,0.429888722757456,0.891848511496319,TRUE,FALSE,TRUE,FALSE,"Purkinje",10,108,16,92,FALSE,0.834027039492834
"TDP1",-0.087763641942306,5.16193453086011,0.624902819882545,0.430780736516513,0.800852027588052,TRUE,FALSE,TRUE,FALSE,"OPC",10,108,16,92,FALSE,0.834369333518694
"JUN",0.221421078415393,4.72750228487792,0.622337478135193,0.431865616982076,0.864591714555804,TRUE,FALSE,TRUE,TRUE,"Microglia",10,108,16,92,FALSE,0.834755088165634
"SIRT1",-0.111409531212772,5.51628061006549,0.62032116898507,0.432411726631255,0.861787954275741,TRUE,FALSE,FALSE,FALSE,"Golgi",10,106,16,90,FALSE,0.834755088165634
"KDM6B",0.133791285943402,5.37721497537702,0.613122730029174,0.435292105138336,0.790780657667978,TRUE,FALSE,TRUE,FALSE,"Astrocytes",10,108,16,92,FALSE,0.837196433388531
"PTK2",-0.06730277414033,9.15497822924021,0.610280857265485,0.435890981454585,0.828093516718016,TRUE,FALSE,FALSE,FALSE,"Pericytes",10,102,16,86,FALSE,0.837196433388531
"TOP2B",-0.0901369022038163,7.4008512670777,0.611196370982828,0.435946087879431,0.89700002137141,TRUE,FALSE,TRUE,FALSE,"Endocytes",10,107,16,91,FALSE,0.837196433388531
"PTPN2",-0.054802732309943,6.44854033156402,0.606192210097761,0.437876892096394,0.692779649005483,TRUE,FALSE,TRUE,FALSE,"Bergmann",10,108,16,92,FALSE,0.837196433388531
"PPARG",0.133293721096094,5.0639970187345,0.604770646159883,0.43839244180555,0.788008369949438,TRUE,TRUE,TRUE,TRUE,"Oligodendrocytes",10,108,16,92,FALSE,0.837196433388531
"SNCA",0.0783579352498891,7.93688573597,0.60446413587269,0.43843507575821,0.866681222134777,TRUE,TRUE,TRUE,TRUE,"Microglia",10,108,16,92,FALSE,0.837196433388531
"ENPP1",0.207974325098122,3.81675760217041,0.602883247474907,0.438702419211314,0.915822026203306,TRUE,FALSE,TRUE,FALSE,"MLI_2",10,106,16,90,FALSE,0.837196433388531
"PTPN11",-0.0665329995440709,6.24572703730648,0.598924348969043,0.440565401773077,0.886919270358887,TRUE,FALSE,TRUE,TRUE,"MLI_1",10,108,16,92,FALSE,0.839377873312758
"ESR2",-0.138293440401719,5.0926264944514,0.591155105726647,0.44347445742365,0.899669034536878,TRUE,TRUE,TRUE,TRUE,"Endocytes",10,107,16,91,FALSE,0.840697660999499
"HSP90AB1",-0.1368052767706,7.36806921703967,0.589517818776683,0.444360207432357,0.887599883567263,TRUE,FALSE,TRUE,FALSE,"MLI_1",10,108,16,92,FALSE,0.840697660999499
"SLC16A1",0.123809927357807,3.85654195327453,0.587286396424946,0.444876117980549,0.80858048063102,TRUE,FALSE,FALSE,FALSE,"OPC",10,108,16,92,FALSE,0.840697660999499
"LYPLA1",-0.0697764787371745,5.17259727205751,0.586919585730943,0.445164810724866,0.887639830894627,TRUE,FALSE,FALSE,FALSE,"MLI_1",10,108,16,92,FALSE,0.840697660999499
"TRPV1",0.149868123037274,5.28037768623358,0.586288460895306,0.445363387662042,0.901216533196605,TRUE,FALSE,TRUE,FALSE,"Endocytes",10,107,16,91,FALSE,0.840697660999499
"CA1",-0.184074440522603,1.01236327846714,0.585053437151895,0.445584180529751,0.697768532492019,TRUE,TRUE,TRUE,TRUE,"Bergmann",10,108,16,92,FALSE,0.840697660999499
"TET3",-0.0890695800184721,6.8501874996739,0.581567824148475,0.447147708335851,0.919122743364699,TRUE,FALSE,TRUE,FALSE,"MLI_2",10,106,16,90,FALSE,0.841284191474395
"FDFT1",0.105140477871902,5.07389893500232,0.581067089956392,0.447338077799421,0.870166019310399,TRUE,FALSE,TRUE,FALSE,"Microglia",10,108,16,92,FALSE,0.841284191474395
"FDPS",0.124542013456996,4.39241985754915,0.5744680808783,0.449876886968099,0.871118615140407,TRUE,FALSE,TRUE,FALSE,"Microglia",10,108,16,92,FALSE,0.844696377141391
"ADORA1",0.115530041382139,5.46880091136691,0.570945175643269,0.451068009960616,0.910486657994846,TRUE,FALSE,TRUE,FALSE,"PLI",10,107,16,91,FALSE,0.845571221244499
"MAOB",0.151045252092883,4.27634724910749,0.566950340624386,0.452841578420259,0.872286471323414,TRUE,TRUE,TRUE,TRUE,"Microglia",10,108,16,92,FALSE,0.847533355438238
"APP",0.0786024324975464,8.84957057399752,0.563576256182041,0.453978449111758,0.833034119007153,TRUE,TRUE,TRUE,TRUE,"Pericytes",10,102,16,86,FALSE,0.848299473821009
"OPRM1",0.11492890645121,7.22761808231224,0.55793808441891,0.456800420857639,0.872351722100458,TRUE,FALSE,TRUE,TRUE,"Golgi",10,106,16,90,FALSE,0.849678102890733
"ENPP1",0.127423978399082,3.57243784026121,0.556263385757008,0.457146308966298,0.894470069348429,TRUE,FALSE,TRUE,FALSE,"MLI_1",10,108,16,92,FALSE,0.849678102890733
"CTNNB1",0.0580568778100816,7.49960227700968,0.555839350858696,0.457449700778344,0.894487148413512,TRUE,FALSE,TRUE,FALSE,"MLI_1",10,108,16,92,FALSE,0.849678102890733
"BRAF",-0.0550094374866104,8.44439316533668,0.554359410614488,0.458058636198759,0.802687322339365,TRUE,FALSE,TRUE,FALSE,"Astrocytes",10,108,16,92,FALSE,0.849678102890733
"PTPN1",-0.0866785577419475,5.85741731242914,0.552973143761398,0.458542746875018,0.899013399976734,TRUE,TRUE,TRUE,TRUE,"Purkinje",10,108,16,92,FALSE,0.849678102890733
"SOAT1",0.152381285425642,4.18762326334881,0.551408655152366,0.459088511853484,0.899313279521193,TRUE,FALSE,TRUE,FALSE,"Purkinje",10,108,16,92,FALSE,0.849678102890733
"MAP2K1",0.072839142652516,5.65014441812247,0.547870530980506,0.460640589799219,0.818676516528298,TRUE,TRUE,TRUE,TRUE,"OPC",10,108,16,92,FALSE,0.851199568472091
"ENPP1",-0.165610957523736,2.76989026401049,0.541374019854012,0.462998069491471,0.804160090526772,TRUE,FALSE,TRUE,FALSE,"Astrocytes",10,108,16,92,FALSE,0.852496782484606
"FDFT1",0.118504565281915,5.13608950946697,0.54086349396612,0.463416492861592,0.875717607105329,TRUE,FALSE,TRUE,FALSE,"Golgi",10,106,16,90,FALSE,0.852496782484606
"MCL1",-0.094064735842153,4.43034332306352,0.540489292853025,0.463687208852524,0.895598885822594,TRUE,TRUE,TRUE,TRUE,"MLI_1",10,108,16,92,FALSE,0.852496782484606
"NR3C1",-0.0564890675739258,8.42557032635339,0.538913177159325,0.464267115675579,0.923982106455234,TRUE,FALSE,FALSE,FALSE,"MLI_2",10,106,16,90,FALSE,0.852496782484606
"SRD5A1",-0.0765896811909491,5.11410154001289,0.532399543149093,0.467073428803179,0.806611677860358,TRUE,FALSE,TRUE,FALSE,"Astrocytes",10,108,16,92,FALSE,0.856301286139162
"PTPN11",-0.0644191316909946,6.25695041386933,0.525466602134086,0.469926336855623,0.882677335743502,TRUE,FALSE,TRUE,TRUE,"Microglia",10,108,16,92,FALSE,0.859047621206069
"PDE4B",-0.0956038797798427,8.40582109248998,0.525795178330803,0.470044924810868,0.876871602020941,TRUE,FALSE,TRUE,FALSE,"Golgi",10,106,16,90,FALSE,0.859047621206069
"PRKCQ",0.129552322824302,0.877911514518906,0.520723736944096,0.47192136067509,0.79083938971466,TRUE,FALSE,TRUE,FALSE,"Granule",10,109,16,93,FALSE,0.859848997249958
"JUN",-0.191701693236237,4.6906022497503,0.520499012595719,0.472191732597894,0.808780550508225,TRUE,FALSE,TRUE,TRUE,"Oligodendrocytes",10,108,16,92,FALSE,0.859848997249958
"FYN",-0.0609238790296898,8.15533550198874,0.518613743534184,0.472695718042215,0.921365530793869,TRUE,FALSE,TRUE,FALSE,"PLI",10,107,16,91,FALSE,0.859848997249958
"APP",-0.0670267679971776,8.65959636165984,0.513401666124372,0.475015018280567,0.924823522100627,TRUE,TRUE,TRUE,TRUE,"MLI_2",10,106,16,90,FALSE,0.862721980241652
"TOP2B",-0.0741365824731431,7.45107212915574,0.506628789275603,0.47793833300706,0.924982151743172,TRUE,FALSE,TRUE,FALSE,"MLI_2",10,106,16,90,FALSE,0.864700615397096
"ESRRA",-0.117290980340357,3.15146848776424,0.505734335841443,0.478229294709726,0.81204133934801,TRUE,FALSE,TRUE,FALSE,"Oligodendrocytes",10,108,16,92,FALSE,0.864700615397096
"EIF4A1",0.109526193033575,4.0505398554504,0.50532692493598,0.478649514718854,0.721668940127715,TRUE,FALSE,TRUE,FALSE,"Bergmann",10,108,16,92,FALSE,0.864700615397096
"ERCC5",0.10107947425537,6.2982823636527,0.503805164848561,0.479070838376093,0.879670368869067,TRUE,FALSE,FALSE,FALSE,"UBC",10,107,16,91,FALSE,0.864700615397096
"GSK3B",-0.0474500280084456,8.21197874392149,0.497537203136309,0.481907528891589,0.88201257342005,TRUE,FALSE,TRUE,FALSE,"Golgi",10,106,16,90,FALSE,0.866789331453195
"FYN",0.0592794195889583,8.14537203830947,0.497336019932613,0.481993782270265,0.927068397723742,TRUE,FALSE,TRUE,FALSE,"MLI_2",10,106,16,90,FALSE,0.866789331453195
"GSK3B",-0.0516281391362078,8.35696812183544,0.496077085648384,0.482458212789986,0.927817695562523,TRUE,FALSE,TRUE,FALSE,"PLI",10,107,16,91,FALSE,0.866789331453195
"KDM6B",0.156255570030831,5.73675578714813,0.492795593555034,0.484126948209461,0.918283076012784,TRUE,FALSE,TRUE,FALSE,"Endocytes",10,107,16,91,FALSE,0.868088637363911
"SOAT1",-0.0985374018945825,3.84973027369826,0.487628751604889,0.486249474647303,0.832309969348265,TRUE,FALSE,TRUE,FALSE,"OPC",10,108,16,92,FALSE,0.868088637363911
"PPARG",0.110921267053277,5.13408532131335,0.485661049001659,0.487315064215874,0.90259589821614,TRUE,TRUE,TRUE,TRUE,"MLI_1",10,108,16,92,FALSE,0.868088637363911
"JUN",-0.179997986265685,4.8338288444516,0.484109455916111,0.488087546709597,0.819941124775787,TRUE,FALSE,TRUE,TRUE,"Astrocytes",10,108,16,92,FALSE,0.868088637363911
"MGLL",0.0559828450350463,7.42015373357733,0.483152997004822,0.48839862831544,0.819941124775787,TRUE,FALSE,TRUE,FALSE,"Astrocytes",10,108,16,92,FALSE,0.868088637363911
"POLA1",-0.0562850869857971,6.94974068354108,0.481660771521947,0.489053669920635,0.818301379687495,TRUE,FALSE,TRUE,FALSE,"Oligodendrocytes",10,108,16,92,FALSE,0.868088637363911
"SGMS1",0.0475556017144031,7.3646795122324,0.480306922148667,0.489679705035653,0.820359284301629,TRUE,FALSE,FALSE,FALSE,"Astrocytes",10,108,16,92,FALSE,0.868088637363911
"MAOB",0.0977204006416642,4.34340877425152,0.479116190097554,0.490262436463171,0.729490421957708,TRUE,TRUE,TRUE,TRUE,"Bergmann",10,108,16,92,FALSE,0.868088637363911
"ACLY",0.124910131204914,4.80393042949231,0.478465751244843,0.490344493965958,0.882980933781571,TRUE,FALSE,FALSE,FALSE,"Golgi",10,106,16,90,FALSE,0.868088637363911
"ALK",-0.109399407111735,3.583690282377,0.475032405169906,0.491965253412743,0.903332242007942,TRUE,FALSE,FALSE,FALSE,"MLI_1",10,108,16,92,FALSE,0.868088637363911
"MGLL",-0.0739778504616588,7.63294587886854,0.474777459635518,0.492005166328141,0.883361378650701,TRUE,FALSE,TRUE,FALSE,"UBC",10,107,16,91,FALSE,0.868088637363911
"ALOX5",0.141477773819991,6.01292324923902,0.474993423753574,0.492115428214018,0.921827265365582,TRUE,TRUE,TRUE,TRUE,"Endocytes",10,107,16,91,FALSE,0.868088637363911
"ESR1",0.126857398660569,3.0927790177453,0.472045543901563,0.493235614413863,0.820458008836375,TRUE,TRUE,TRUE,TRUE,"Oligodendrocytes",10,108,16,92,FALSE,0.868260982476586
"PTPN11",-0.0899457409804357,6.30470236515484,0.470251356418953,0.494151228578686,0.93095177763581,TRUE,FALSE,TRUE,TRUE,"MLI_2",10,106,16,90,FALSE,0.868260982476586
"ACHE",-0.136476135994731,3.64395450637658,0.465306674855932,0.496387357106831,0.8254787574875,TRUE,TRUE,TRUE,TRUE,"Astrocytes",10,108,16,92,FALSE,0.868260982476586
"HSP90AB1",0.122424292301723,7.34742504704439,0.465342127455961,0.496705725110199,0.884317403698636,TRUE,FALSE,TRUE,FALSE,"Golgi",10,106,16,90,FALSE,0.868260982476586
"CDC25A",0.114527167666557,-0.384359587996725,0.461629974719723,0.497958592641128,0.805098936626642,TRUE,FALSE,FALSE,FALSE,"Granule",10,109,16,93,FALSE,0.868260982476586
"CA9",-0.131735628132994,3.28073001965756,0.460433774209571,0.49859395353729,0.826632537137237,TRUE,TRUE,TRUE,TRUE,"Astrocytes",10,108,16,92,FALSE,0.868260982476586
"CA13",-0.135470473891616,4.34108419692828,0.459990053634087,0.498779650107854,0.884630477374103,TRUE,FALSE,TRUE,FALSE,"Golgi",10,106,16,90,FALSE,0.868260982476586
"AKR1B1",-0.113413597143464,3.62295972554755,0.459984023034958,0.498826157805931,0.840686176866227,TRUE,FALSE,TRUE,TRUE,"OPC",10,108,16,92,FALSE,0.868260982476586
"PTK2",-0.0323117140233726,8.71521444361744,0.458856943209109,0.499561909071087,0.80595244601104,TRUE,FALSE,FALSE,FALSE,"Granule",10,109,16,93,FALSE,0.868260982476586
"POLA1",-0.057019960686036,6.91902898111471,0.45754219846986,0.500079062288542,0.887039317268582,TRUE,FALSE,TRUE,FALSE,"Microglia",10,108,16,92,FALSE,0.868260982476586
"HSP90AB1",-0.127719403516121,7.15507900368565,0.457307612676562,0.500404271204344,0.841600075591266,TRUE,FALSE,TRUE,FALSE,"OPC",10,108,16,92,FALSE,0.868260982476586
"FDFT1",0.127418051498262,5.31772913904321,0.451167612139252,0.502881226807035,0.886907481056562,TRUE,FALSE,TRUE,FALSE,"UBC",10,107,16,91,FALSE,0.869603955610933
"FABP7",-0.130255543321067,3.32883856016691,0.450917241657136,0.50306051098329,0.828935046248657,TRUE,FALSE,TRUE,TRUE,"Astrocytes",10,108,16,92,FALSE,0.869603955610933
"FABP7",-0.0709699098395403,3.33742439921161,0.450589383729489,0.503415668985746,0.807722506335499,TRUE,FALSE,TRUE,TRUE,"Granule",10,109,16,93,FALSE,0.869603955610933
"ESR2",0.0765079155441958,4.81556311609016,0.446673087780044,0.505192981902008,0.825342250226442,TRUE,TRUE,TRUE,TRUE,"Oligodendrocytes",10,108,16,92,FALSE,0.871383161091334
"MAOB",0.120695465018763,3.97885478745713,0.444527917677761,0.506218651384252,0.910205085583428,TRUE,TRUE,TRUE,TRUE,"MLI_1",10,108,16,92,FALSE,0.871821223137742
"ALOX5",0.0970979708064164,5.96372882452053,0.442549333018142,0.50728454900777,0.82642993073203,TRUE,TRUE,TRUE,TRUE,"Oligodendrocytes",10,108,16,92,FALSE,0.871821223137742
"LYPLA1",-0.0401815254447124,5.09362401035933,0.441651179979595,0.50769006047215,0.809548726372821,TRUE,FALSE,FALSE,FALSE,"Granule",10,109,16,93,FALSE,0.871821223137742
"TET3",-0.0733704969248061,6.89282025533252,0.439192162630065,0.508841071220439,0.926783129338024,TRUE,FALSE,TRUE,FALSE,"Endocytes",10,107,16,91,FALSE,0.872512778004458
"OPRM1",-0.0904123420857732,7.32081702115645,0.437004133570265,0.509806452292926,0.889984640110468,TRUE,FALSE,TRUE,TRUE,"UBC",10,107,16,91,FALSE,0.872884468977316
"CA9",-0.0970641388325961,3.13911762755997,0.435053876134165,0.510851748077456,0.811605982822647,TRUE,TRUE,TRUE,TRUE,"Granule",10,109,16,93,FALSE,0.873391698325973
"TDP1",-0.0917754175690538,5.39448994032111,0.425084048437984,0.51538216089172,0.939891644480289,TRUE,FALSE,TRUE,FALSE,"PLI",10,107,16,91,FALSE,0.877366419662249
"TACR2",0.0827088951221707,0.278015040890252,0.425170159477849,0.515504029874194,0.81419923166281,TRUE,FALSE,FALSE,FALSE,"Granule",10,109,16,93,FALSE,0.877366419662249
"NR3C1",-0.0694042563159304,8.70464833996159,0.424638368091679,0.515612144159514,0.865337849197513,TRUE,FALSE,FALSE,FALSE,"Pericytes",10,102,16,86,FALSE,0.877366419662249
"SOAT1",-0.0710434488840197,3.69461971935391,0.424183694675965,0.516186418429076,0.747840282437547,TRUE,FALSE,TRUE,FALSE,"Bergmann",10,108,16,92,FALSE,0.877366419662249
"CTNNB1",0.0588566356353311,7.58741063095852,0.421799399458685,0.517334482253275,0.834405074866235,TRUE,FALSE,TRUE,FALSE,"Astrocytes",10,108,16,92,FALSE,0.878037854886927
"SNCA",0.0596799054573434,7.89455584269059,0.416473503939384,0.520032747884065,0.815646618434684,TRUE,TRUE,TRUE,TRUE,"Granule",10,109,16,93,FALSE,0.880474568777131
"PDE4B",-0.115105840089665,8.14256223372386,0.413503571414869,0.521597614681886,0.931846716448329,TRUE,FALSE,TRUE,FALSE,"Endocytes",10,107,16,91,FALSE,0.880474568777131
"TOP2B",-0.0771957213240302,7.53292361727913,0.412621652294407,0.521758559402883,0.892685518959352,TRUE,FALSE,TRUE,FALSE,"UBC",10,107,16,91,FALSE,0.880474568777131
"KIF11",0.137712829071639,2.40945896722817,0.411356816504467,0.522301324914985,0.915775609695818,TRUE,FALSE,TRUE,FALSE,"MLI_1",10,108,16,92,FALSE,0.880474568777131
"DYRK1A",-0.0543261932232844,8.18256991635081,0.41103639341964,0.522545798965502,0.939891644480289,TRUE,FALSE,TRUE,TRUE,"PLI",10,107,16,91,FALSE,0.880474568777131
"ESRRA",-0.11018210122856,3.28511326381182,0.404326304346969,0.525992132983267,0.91665668592256,TRUE,FALSE,TRUE,FALSE,"MLI_1",10,108,16,92,FALSE,0.884294906372804
"TET2",0.0717086086040826,5.71485307118463,0.401746955682807,0.527379844071516,0.89957179289741,TRUE,FALSE,TRUE,TRUE,"Microglia",10,108,16,92,FALSE,0.884294906372804
"SGMS1",-0.0713623445799837,7.90523230344812,0.398643683447114,0.528738107295127,0.869051281980638,TRUE,FALSE,FALSE,FALSE,"Pericytes",10,102,16,86,FALSE,0.884294906372804
"MGLL",-0.07048419660673,7.85193606603193,0.398452684493247,0.529142274857343,0.933950130301667,TRUE,FALSE,TRUE,FALSE,"Endocytes",10,107,16,91,FALSE,0.884294906372804
"CNR1",-0.10273375835705,6.22438364111718,0.3960382420047,0.53037123028071,0.936952390925257,TRUE,TRUE,TRUE,TRUE,"MLI_2",10,106,16,90,FALSE,0.884294906372804
"PTK2",0.0416078991359557,8.80853523470632,0.39460383344077,0.531042534919366,0.937449740243071,TRUE,FALSE,FALSE,FALSE,"MLI_2",10,106,16,90,FALSE,0.884294906372804
"NR3C1",0.0478001424932988,8.42894897619205,0.393267334651354,0.531740025690826,0.898076016951783,TRUE,FALSE,FALSE,FALSE,"Golgi",10,106,16,90,FALSE,0.884294906372804
"PTPN2",0.0395403471469685,6.52316829816897,0.392854056680692,0.532084644212526,0.822046078962336,TRUE,FALSE,TRUE,FALSE,"Granule",10,109,16,93,FALSE,0.884294906372804
"ENPP1",0.125052654231807,2.66984905648047,0.392099700497406,0.532188883510994,0.838740112551139,TRUE,FALSE,TRUE,FALSE,"Oligodendrocytes",10,108,16,92,FALSE,0.884294906372804
"MAP2K1",-0.0665920102667069,5.69893396015711,0.390686467219683,0.533077296216171,0.898948703582779,TRUE,TRUE,TRUE,TRUE,"Golgi",10,106,16,90,FALSE,0.884294906372804
"BCHE",0.133881205745299,1.97330335665589,0.389267996372906,0.533793184155814,0.75981249199576,TRUE,FALSE,FALSE,FALSE,"Bergmann",10,108,16,92,FALSE,0.884294906372804
"FDPS",0.082857439416696,4.23778438866898,0.389200043594794,0.533913905734523,0.919674562419076,TRUE,FALSE,TRUE,FALSE,"MLI_1",10,108,16,92,FALSE,0.884294906372804
"TET1",0.0485073371791241,5.95838335584991,0.384911806669216,0.53625473478963,0.761832373854344,TRUE,FALSE,TRUE,TRUE,"Bergmann",10,108,16,92,FALSE,0.8847503283886
"PTPN11",-0.0674728766591939,6.36493620073362,0.384594731488212,0.536292908786105,0.900809406439137,TRUE,FALSE,TRUE,TRUE,"Golgi",10,106,16,90,FALSE,0.8847503283886
"FABP7",-0.103696640134854,3.30254577324639,0.38414178014118,0.536465250575249,0.840723179628783,TRUE,FALSE,TRUE,TRUE,"Oligodendrocytes",10,108,16,92,FALSE,0.8847503283886
"PRKCB",-0.0925933593355334,7.41544893209832,0.382231120657725,0.537740560704858,0.844402731209355,TRUE,FALSE,TRUE,TRUE,"Astrocytes",10,108,16,92,FALSE,0.885536352580619
"LYPLA2",-0.0843027088877809,1.18740746654311,0.380617162486316,0.538460783859056,0.824537088729937,TRUE,FALSE,FALSE,FALSE,"Granule",10,109,16,93,FALSE,0.885536352580619
"BACE1",-0.0564659567336476,5.46040695514819,0.377619167150313,0.540044313305645,0.860548442370387,TRUE,FALSE,TRUE,FALSE,"OPC",10,108,16,92,FALSE,0.885723514392838
"KIF11",0.0696687482082962,1.8078709041612,0.376589335589296,0.54064953410147,0.826000880451469,TRUE,FALSE,TRUE,FALSE,"Granule",10,109,16,93,FALSE,0.885723514392838
"LYPLA1",0.0944853485622006,5.36453845971155,0.375263266505399,0.541249829840759,0.940189288832492,TRUE,FALSE,FALSE,FALSE,"MLI_2",10,106,16,90,FALSE,0.885723514392838
"ALOX12",0.0973004336708794,0.222036808760546,0.374554296244635,0.54161309242032,0.826620446466517,TRUE,FALSE,TRUE,FALSE,"Granule",10,109,16,93,FALSE,0.885723514392838
"ESR2",0.104919922494613,5.05867829242883,0.371368152685592,0.543326618866113,0.940799150947256,TRUE,TRUE,TRUE,TRUE,"MLI_2",10,106,16,90,FALSE,0.8864183621423
"PRKCE",-0.0507316226815187,9.21249917314941,0.371186817845353,0.543558429615562,0.936626821162259,TRUE,FALSE,TRUE,TRUE,"Endocytes",10,107,16,91,FALSE,0.8864183621423
"PPARG",-0.0937124523745909,4.93319481219046,0.351111439969017,0.554708878729362,0.774533315246139,TRUE,TRUE,TRUE,TRUE,"Bergmann",10,108,16,92,FALSE,0.90333876061234
"ACLY",0.112988246381284,4.77175556443572,0.343402309130316,0.558930334797987,0.929315502726647,TRUE,FALSE,FALSE,FALSE,"Purkinje",10,108,16,92,FALSE,0.905218621281712
"IGF1R",0.0401415616470749,8.73836008097043,0.338057300071988,0.562089057678955,0.855738476218657,TRUE,FALSE,TRUE,FALSE,"Astrocytes",10,108,16,92,FALSE,0.905218621281712
"SNCA",0.0625299888249795,7.72995406388847,0.337898930740532,0.562211987208856,0.926964544672798,TRUE,TRUE,TRUE,TRUE,"MLI_1",10,108,16,92,FALSE,0.905218621281712
"STS",-0.0585109829782588,4.73306598732275,0.33591961224673,0.563366406363097,0.78021244259789,TRUE,FALSE,TRUE,FALSE,"Bergmann",10,108,16,92,FALSE,0.905218621281712
"PDE4D",0.0916744220879764,8.87962873341609,0.335950647158806,0.56346160369406,0.908986961946395,TRUE,FALSE,TRUE,FALSE,"UBC",10,107,16,91,FALSE,0.905218621281712
"MCL1",0.0889429260075656,4.80026713206101,0.335178902876561,0.563740182373924,0.855960643064056,TRUE,TRUE,TRUE,TRUE,"Astrocytes",10,108,16,92,FALSE,0.905218621281712
"NR1H2",0.141779232262219,4.50409354435807,0.334764116555378,0.56381325021477,0.945016742928466,TRUE,FALSE,TRUE,FALSE,"MLI_2",10,106,16,90,FALSE,0.905218621281712
"PRKCG",0.26691965774467,6.68015464124871,0.334829559623262,0.564097584662342,0.930318854878296,TRUE,FALSE,TRUE,TRUE,"Purkinje",10,108,16,92,FALSE,0.905218621281712
"PRKCH",0.123610304401254,2.58685317775628,0.33388735959343,0.564304009115489,0.927285268490089,TRUE,FALSE,TRUE,TRUE,"MLI_1",10,108,16,92,FALSE,0.905218621281712
"CA3",0.0730003982775996,4.52641868879499,0.33301635683655,0.564943207588482,0.851263542191624,TRUE,FALSE,TRUE,FALSE,"Oligodendrocytes",10,108,16,92,FALSE,0.905218621281712
"SNCA",0.0751509314774415,8.27671452072108,0.331259286338754,0.565782347331863,0.882391895030422,TRUE,TRUE,TRUE,TRUE,"Pericytes",10,102,16,86,FALSE,0.905218621281712
"FYN",0.0531874561093034,8.38123815542113,0.328951702053685,0.567396243356656,0.941337843014529,TRUE,FALSE,TRUE,FALSE,"Endocytes",10,107,16,91,FALSE,0.905218621281712
"MAP2K1",0.0537234977743773,5.59543915758798,0.32848100134766,0.567665204650473,0.928752216849329,TRUE,TRUE,TRUE,TRUE,"MLI_1",10,108,16,92,FALSE,0.905218621281712
"SRD5A1",0.0569098595349562,5.31902966690124,0.326054921788033,0.569095184349899,0.928752216849329,TRUE,FALSE,TRUE,FALSE,"MLI_1",10,108,16,92,FALSE,0.905218621281712
"TDP1",0.0959925882395862,5.58195206301233,0.325330681090601,0.5693534679819,0.909509063155272,TRUE,FALSE,TRUE,FALSE,"UBC",10,107,16,91,FALSE,0.905218621281712
"SIGMAR1",0.12632381234049,2.57004100876214,0.320553725259905,0.572175039050058,0.855276320388436,TRUE,FALSE,TRUE,FALSE,"Oligodendrocytes",10,108,16,92,FALSE,0.905218621281712
"PKM",-0.0708086319164789,6.14367821073326,0.32069165258341,0.572310914978876,0.855276320388436,TRUE,FALSE,TRUE,FALSE,"Oligodendrocytes",10,108,16,92,FALSE,0.905218621281712
"IGF1R",0.0442895076793839,8.70942891098867,0.318833910304682,0.573354741703721,0.931846418227284,TRUE,FALSE,TRUE,FALSE,"Purkinje",10,108,16,92,FALSE,0.905218621281712
"DUSP3",-0.0822719928424617,4.09293769294403,0.318713207199898,0.573392779231015,0.85574672028345,TRUE,FALSE,FALSE,FALSE,"Oligodendrocytes",10,108,16,92,FALSE,0.905218621281712
"PPARG",0.0886708531591905,5.03560959848273,0.314586246455851,0.576034747013323,0.843988092361106,TRUE,TRUE,TRUE,TRUE,"Granule",10,109,16,93,FALSE,0.905218621281712
"CA3",-0.0739565196814444,4.53063455802979,0.313899006887345,0.576360284035321,0.929627572255202,TRUE,FALSE,TRUE,FALSE,"MLI_1",10,108,16,92,FALSE,0.905218621281712
"SLCO2B1",-0.149554396789338,1.95749970780031,0.312182966477051,0.577354593343921,0.788808823906808,TRUE,FALSE,TRUE,FALSE,"Bergmann",10,108,16,92,FALSE,0.905218621281712
"CA13",0.120094300996919,4.09223296886486,0.311179382579091,0.577901751317661,0.933191119036841,TRUE,FALSE,TRUE,FALSE,"Purkinje",10,108,16,92,FALSE,0.905218621281712
"ACLY",0.0585625599682767,4.45098038838443,0.31104336655928,0.578143923511129,0.845060188975139,TRUE,FALSE,FALSE,FALSE,"Granule",10,109,16,93,FALSE,0.905218621281712
"PRKCB",-0.0788558456867877,8.01398325241155,0.310433731666526,0.57839159065236,0.885461855766601,TRUE,FALSE,TRUE,TRUE,"Pericytes",10,102,16,86,FALSE,0.905218621281712
"FDFT1",-0.0827097059970735,5.24456018758249,0.310324151199543,0.578551901726114,0.877596458548743,TRUE,FALSE,TRUE,FALSE,"OPC",10,108,16,92,FALSE,0.905218621281712
"TET3",-0.0376274852891369,6.88321493890609,0.310185897967001,0.57868288286696,0.84506876004878,TRUE,FALSE,TRUE,FALSE,"Granule",10,109,16,93,FALSE,0.905218621281712
"HDAC1",0.0834260830733893,0.823174886841871,0.306406633876587,0.580906191623124,0.846730302932878,TRUE,FALSE,TRUE,FALSE,"Granule",10,109,16,93,FALSE,0.905218621281712
"PRKCB",0.0751326708064741,8.00937232835992,0.305994550898045,0.581313349589099,0.913767096786882,TRUE,FALSE,TRUE,TRUE,"UBC",10,107,16,91,FALSE,0.905218621281712
"BRAF",-0.045510782673188,8.60880160797699,0.305374347426178,0.581464876829897,0.913768528699283,TRUE,FALSE,TRUE,FALSE,"UBC",10,107,16,91,FALSE,0.905218621281712
"ALOX5",0.0864176600712326,5.80412230116525,0.305208817166448,0.581767879390317,0.930425521323918,TRUE,TRUE,TRUE,TRUE,"MLI_1",10,108,16,92,FALSE,0.905218621281712
"SRD5A1",0.0707344202041217,5.49950672060159,0.304423094058265,0.581934947973575,0.947295882732897,TRUE,FALSE,TRUE,FALSE,"PLI",10,107,16,91,FALSE,0.905218621281712
"SOAT1",-0.0454758990703108,3.58558219332919,0.304650186180457,0.582063793467661,0.847323450394238,TRUE,FALSE,TRUE,FALSE,"Granule",10,109,16,93,FALSE,0.905218621281712
"FDFT1",0.0763374447839162,5.44619771920215,0.302378365201862,0.583465430939561,0.860905029990874,TRUE,FALSE,TRUE,FALSE,"Oligodendrocytes",10,108,16,92,FALSE,0.905218621281712
"CNR1",0.101838975106991,6.06201694125787,0.300144553753588,0.584762059618767,0.915209220397617,TRUE,TRUE,TRUE,TRUE,"UBC",10,107,16,91,FALSE,0.905218621281712
"MAOB",0.0876183229917983,4.17039404482783,0.297560193255424,0.586386907994929,0.861738846602258,TRUE,TRUE,TRUE,TRUE,"Oligodendrocytes",10,108,16,92,FALSE,0.905218621281712
"PDE4B",-0.0864870321567286,8.66461543646706,0.29784895516641,0.586415725711918,0.878812980867646,TRUE,FALSE,TRUE,FALSE,"OPC",10,108,16,92,FALSE,0.905218621281712
"OPRM1",0.0874134512924574,7.18855977146637,0.295551481440371,0.587829943666811,0.850294640995829,TRUE,FALSE,TRUE,TRUE,"Granule",10,109,16,93,FALSE,0.905218621281712
"LYPLA2",0.129582399996718,1.33645621075169,0.294735060136172,0.58809735570974,0.795868563139808,TRUE,FALSE,FALSE,FALSE,"Bergmann",10,108,16,92,FALSE,0.905218621281712
"SGMS1",-0.0313382952183758,7.30744242880941,0.291224399232933,0.590513496158711,0.851125202801658,TRUE,FALSE,FALSE,FALSE,"Granule",10,109,16,93,FALSE,0.905218621281712
"SRD5A1",-0.0544184845068426,5.16927425447289,0.290592866126998,0.590833759183162,0.880698225134227,TRUE,FALSE,TRUE,FALSE,"OPC",10,108,16,92,FALSE,0.905218621281712
"FABP7",0.0953013471805846,3.40429886986281,0.28812033989734,0.592381307789531,0.931784577890946,TRUE,FALSE,TRUE,TRUE,"MLI_1",10,108,16,92,FALSE,0.905218621281712
"SNCA",-0.0564998301563943,7.76530897488082,0.286934467596081,0.593175746333092,0.936876969970429,TRUE,TRUE,TRUE,TRUE,"Purkinje",10,108,16,92,FALSE,0.905218621281712
"ESRRA",-0.0655042503831576,2.89193397413579,0.286462023576694,0.593541682028122,0.852504179696027,TRUE,FALSE,TRUE,FALSE,"Granule",10,109,16,93,FALSE,0.905218621281712
"TRPV1",-0.0994114731917591,4.95423312338912,0.284814358793987,0.594517551202803,0.93732153003021,TRUE,FALSE,TRUE,FALSE,"Purkinje",10,108,16,92,FALSE,0.905218621281712
"DUSP3",-0.0696868558382641,3.94860627876718,0.284059672476162,0.595092856095845,0.853279637387276,TRUE,FALSE,FALSE,FALSE,"Granule",10,109,16,93,FALSE,0.905218621281712
"PDE4D",-0.0585799654209571,7.96371419618848,0.283022204646855,0.595789467103522,0.866534163412075,TRUE,FALSE,TRUE,FALSE,"Oligodendrocytes",10,108,16,92,FALSE,0.905218621281712
"HDAC6",0.0594383088871043,5.76140644882452,0.279688169631158,0.597870007736544,0.911699168803758,TRUE,FALSE,FALSE,FALSE,"Microglia",10,108,16,92,FALSE,0.905218621281712
"DAB2IP",-0.0570269269444932,8.52464140016011,0.278636289783402,0.598578075033636,0.948886527757202,TRUE,FALSE,FALSE,FALSE,"MLI_2",10,106,16,90,FALSE,0.905218621281712
"CA4",0.141660990405416,6.24879147907323,0.278737704078022,0.598655836492921,0.917615611521812,TRUE,FALSE,TRUE,FALSE,"UBC",10,107,16,91,FALSE,0.905218621281712
"HSP90AB1",-0.100321225005094,7.14272911920783,0.277694517078286,0.599343333964817,0.869791891284673,TRUE,FALSE,TRUE,FALSE,"Astrocytes",10,108,16,92,FALSE,0.905218621281712
"SOAT1",0.135356474437401,4.0899852274253,0.272665640782016,0.602343485921794,0.948886527757202,TRUE,FALSE,TRUE,FALSE,"MLI_2",10,106,16,90,FALSE,0.905218621281712
"SRD5A1",-0.0875646509564589,5.34758108625659,0.271474280905791,0.603255879445044,0.948886527757202,TRUE,FALSE,TRUE,FALSE,"MLI_2",10,106,16,90,FALSE,0.905218621281712
"SYNJ2",0.140478270067957,3.32120385193355,0.270943265920817,0.603483686732331,0.914500728395037,TRUE,FALSE,TRUE,FALSE,"Microglia",10,108,16,92,FALSE,0.905218621281712
"SLCO2B1",-0.161611105748081,6.46546633600815,0.271239196514337,0.603630115334016,0.945147505389653,TRUE,FALSE,TRUE,FALSE,"Endocytes",10,107,16,91,FALSE,0.905218621281712
"TOP2B",-0.0445227671011047,7.32755208197413,0.27075375390406,0.603818485752204,0.93266390844359,TRUE,FALSE,TRUE,FALSE,"MLI_1",10,108,16,92,FALSE,0.905218621281712
"DUSP3",-0.132443586510437,4.2194853150277,0.270436777504641,0.603851940439656,0.949079742113992,TRUE,FALSE,FALSE,FALSE,"MLI_2",10,106,16,90,FALSE,0.905218621281712
"SLC16A1",0.0943033524391288,3.80144948158528,0.269888666191475,0.604325673593952,0.871624005610066,TRUE,FALSE,FALSE,FALSE,"Astrocytes",10,108,16,92,FALSE,0.905218621281712
"EIF4A1",0.120613651480807,4.15497030290832,0.269513619940197,0.604510833431572,0.93898262216976,TRUE,FALSE,TRUE,FALSE,"Purkinje",10,108,16,92,FALSE,0.905218621281712
"FEN1",-0.069749574963246,0.838920691901632,0.266968922781604,0.606305995272311,0.85862610235371,TRUE,FALSE,TRUE,FALSE,"Granule",10,109,16,93,FALSE,0.905218621281712
"FYN",0.0324801537957915,8.29316650967821,0.266777376078977,0.606463546666123,0.88501615939529,TRUE,FALSE,TRUE,FALSE,"OPC",10,108,16,92,FALSE,0.905218621281712
"IGF1R",-0.0393782892253166,8.78225657680584,0.266392391775364,0.606739919214462,0.870869350001238,TRUE,FALSE,TRUE,FALSE,"Oligodendrocytes",10,108,16,92,FALSE,0.905218621281712
"OPRD1",-0.0945090264843764,-0.437772361681421,0.265792536649522,0.606955307194626,0.859047775842107,TRUE,FALSE,TRUE,FALSE,"Granule",10,109,16,93,FALSE,0.905218621281712
"F2",0.138375190414707,1.05275616867583,0.265733408322809,0.606997809692718,0.807372407689871,TRUE,FALSE,TRUE,FALSE,"Bergmann",10,108,16,92,FALSE,0.905218621281712
"ESR2",-0.0692461837858287,5.1619720844131,0.265651239209878,0.607157962946599,0.922104785486284,TRUE,TRUE,TRUE,TRUE,"Golgi",10,106,16,90,FALSE,0.905218621281712
"PRKCE",-0.0396148712866998,9.39014345666347,0.263520039094795,0.608560447510656,0.949877580116358,TRUE,FALSE,TRUE,TRUE,"PLI",10,107,16,91,FALSE,0.905218621281712
"EPHX2",-0.0465546743770359,4.47105165742459,0.263165869336944,0.608955558998725,0.859698196394713,TRUE,FALSE,TRUE,FALSE,"Granule",10,109,16,93,FALSE,0.905218621281712
"FDPS",0.106964270376937,4.89071262999657,0.262735940294181,0.609144232147921,0.945598160232733,TRUE,FALSE,TRUE,FALSE,"Endocytes",10,107,16,91,FALSE,0.905218621281712
"FYN",0.0406333860927031,8.10342062748362,0.262304801473805,0.609452437697031,0.922422947677752,TRUE,FALSE,TRUE,FALSE,"Golgi",10,106,16,90,FALSE,0.905218621281712
"PPARA",0.108709434033606,4.37540236082742,0.259107625812371,0.611608535636222,0.941135130836054,TRUE,FALSE,TRUE,TRUE,"Purkinje",10,108,16,92,FALSE,0.905218621281712
"SGMS1",0.0379632824538667,7.41537498864771,0.259183489483413,0.611618996638327,0.915946391521111,TRUE,FALSE,FALSE,FALSE,"Microglia",10,108,16,92,FALSE,0.905218621281712
"ALOX5",-0.0828784144781912,5.91133072655606,0.258958968665436,0.611760097401363,0.941135130836054,TRUE,TRUE,TRUE,TRUE,"Purkinje",10,108,16,92,FALSE,0.905218621281712
"ALOX5",-0.0941582534086374,6.00268754397216,0.256906053994139,0.613207915173451,0.949870030578262,TRUE,TRUE,TRUE,TRUE,"MLI_2",10,106,16,90,FALSE,0.905513415415599
"ADORA1",0.0647111898213046,5.48181551673021,0.256485577355664,0.613512519878494,0.876162853147743,TRUE,FALSE,TRUE,FALSE,"Astrocytes",10,108,16,92,FALSE,0.905513415415599
"MAPK10",0.0392041884319793,8.93028016847264,0.250981618320378,0.617313069250974,0.887882418528274,TRUE,FALSE,TRUE,FALSE,"OPC",10,108,16,92,FALSE,0.909970971866796
"STS",-0.0667938393701361,5.73798693536595,0.246934750838014,0.619931795509366,0.949877580116358,TRUE,FALSE,TRUE,FALSE,"PLI",10,107,16,91,FALSE,0.911850425814517
"HTR2C",-0.14309565416604,1.08618078995617,0.246733725226199,0.620152133508501,0.814562389439676,TRUE,FALSE,FALSE,FALSE,"Bergmann",10,108,16,92,FALSE,0.911850425814517
"SRC",-0.0591837395849383,3.11045258539257,0.245133942720519,0.621476562901928,0.865622749904062,TRUE,FALSE,TRUE,FALSE,"Granule",10,109,16,93,FALSE,0.912646942498297
"SIRT1",-0.0753645135155507,5.53254418716185,0.243286075712465,0.622703125062105,0.951111559784148,TRUE,FALSE,FALSE,FALSE,"MLI_2",10,106,16,90,FALSE,0.913297916757754
"CA13",-0.0648464335409769,3.96160535122532,0.242173441883007,0.623532906887403,0.938571926322467,TRUE,FALSE,TRUE,FALSE,"MLI_1",10,108,16,92,FALSE,0.913366041998382
"HSP90AB1",-0.101646588489131,7.3370060389069,0.237795358338173,0.626861435664575,0.951221061707662,TRUE,FALSE,TRUE,FALSE,"MLI_2",10,106,16,90,FALSE,0.917089628588324
"HSP90AB1",-0.106207795799203,7.66387631819842,0.234447667472192,0.629333567445638,0.899282919548906,TRUE,FALSE,TRUE,FALSE,"Pericytes",10,102,16,86,FALSE,0.919552555941872
"CA3",0.0616995242535715,4.67407489491158,0.232122752639299,0.630810946485384,0.892644747788765,TRUE,FALSE,TRUE,FALSE,"OPC",10,108,16,92,FALSE,0.920557651566906
"PTK2",0.026335860688473,8.79027326846773,0.228238033323214,0.633738934543731,0.885200573660195,TRUE,FALSE,FALSE,FALSE,"Astrocytes",10,108,16,92,FALSE,0.923674497097489
"PTPN2",0.0470089494454608,6.73477219069466,0.225339633574945,0.635836552844798,0.953575087870296,TRUE,FALSE,TRUE,FALSE,"MLI_2",10,106,16,90,FALSE,0.925574807262215
"MGLL",0.0372530327198832,7.48166557209969,0.220683413259969,0.639374382871453,0.924153511953425,TRUE,FALSE,TRUE,FALSE,"Microglia",10,108,16,92,FALSE,0.927959035416571
"PTPN2",0.0363556594644697,6.48348131907574,0.220645743546887,0.639426189166405,0.886105091121225,TRUE,FALSE,TRUE,FALSE,"Oligodendrocytes",10,108,16,92,FALSE,0.927959035416571
"CA3",-0.044990048515213,4.5250137807863,0.219880986184717,0.640033585613891,0.874360397988029,TRUE,FALSE,TRUE,FALSE,"Granule",10,109,16,93,FALSE,0.927959035416571
"ADCY10",0.123976314643885,4.28716919375472,0.218987777724184,0.640657824622933,0.924153511953425,TRUE,FALSE,FALSE,FALSE,"Microglia",10,108,16,92,FALSE,0.927959035416571
"MGLL",0.0312859489820815,7.42374724427543,0.2173540891848,0.64197325686217,0.875575929585007,TRUE,FALSE,TRUE,FALSE,"Granule",10,109,16,93,FALSE,0.92838385072557
"EPHX2",-0.0566254188749527,4.63258096065739,0.216496581060972,0.642543539910408,0.897859404198477,TRUE,FALSE,TRUE,FALSE,"OPC",10,108,16,92,FALSE,0.92838385072557
"HSD17B3",0.0895446650702028,3.37668176277017,0.210507088285247,0.647095037268186,0.888882737000852,TRUE,FALSE,TRUE,FALSE,"Oligodendrocytes",10,108,16,92,FALSE,0.933245710652236
"SLC16A1",0.0956541410437671,4.4225806598113,0.210043634777577,0.6475092452124,0.946453885926272,TRUE,FALSE,FALSE,FALSE,"Purkinje",10,108,16,92,FALSE,0.933245710652236
"KDM6B",0.0717814335739961,5.35021685488462,0.208607016972781,0.648779947550496,0.87966666311149,TRUE,FALSE,TRUE,FALSE,"Granule",10,109,16,93,FALSE,0.933922739313431
"FABP3",0.0587543747050678,2.17234575257558,0.206942541442424,0.650044305352865,0.879937878147487,TRUE,FALSE,TRUE,TRUE,"Granule",10,109,16,93,FALSE,0.933926406046602
"DRD3",-0.0924527518626946,-0.807712281869361,0.206230636581565,0.650384426852351,0.880039160474238,TRUE,FALSE,TRUE,FALSE,"Granule",10,109,16,93,FALSE,0.933926406046602
"CD22",-0.117178673445463,1.56691796078662,0.202878763637339,0.653165630541833,0.831505388800911,TRUE,FALSE,TRUE,FALSE,"Bergmann",10,108,16,92,FALSE,0.935540594294278
"SIRT1",-0.0669143026852685,5.46238477658914,0.201302174737497,0.654467164569164,0.949220470926852,TRUE,FALSE,FALSE,FALSE,"Purkinje",10,108,16,92,FALSE,0.935540594294278
"FYN",0.0308435939449173,8.12063877950562,0.201151045639965,0.6546263022638,0.892319829005935,TRUE,FALSE,TRUE,FALSE,"Oligodendrocytes",10,108,16,92,FALSE,0.935540594294278
"KAT2B",0.0336845494935009,6.67778103389795,0.201083929553238,0.65471794592121,0.881354587946786,TRUE,FALSE,FALSE,FALSE,"Granule",10,109,16,93,FALSE,0.935540594294278
"SNCA",0.0600286296442629,7.75677200858948,0.198966531805036,0.656395466090719,0.953707663739812,TRUE,TRUE,TRUE,TRUE,"Endocytes",10,107,16,91,FALSE,0.935707161888638
"SGMS2",-0.0646817604897871,3.90080236983622,0.198804673765039,0.656439501222046,0.903947723112446,TRUE,FALSE,FALSE,FALSE,"OPC",10,108,16,92,FALSE,0.935707161888638
"EPHX2",-0.0712411109569855,4.7538228091183,0.197235602943973,0.657693865112565,0.934817387303301,TRUE,FALSE,TRUE,FALSE,"Golgi",10,106,16,90,FALSE,0.93599522222712
"ERCC5",0.0447148487682289,6.09810628953764,0.196680583903402,0.658247068804664,0.895352547600891,TRUE,FALSE,FALSE,FALSE,"Astrocytes",10,108,16,92,FALSE,0.93599522222712
"CPB2",0.0749758920502114,0.38663309147408,0.192853939677826,0.661293647647635,0.884720780468577,TRUE,FALSE,FALSE,FALSE,"Granule",10,109,16,93,FALSE,0.936532276886627
"TET1",0.0702564184729281,5.87407572770784,0.191570264223609,0.662427308210881,0.956336725418921,TRUE,FALSE,TRUE,TRUE,"Endocytes",10,107,16,91,FALSE,0.936532276886627
"ENPP1",0.0935754745486033,3.35632455681972,0.189777369053607,0.663710596594819,0.92636524296079,TRUE,FALSE,TRUE,FALSE,"Microglia",10,108,16,92,FALSE,0.936532276886627
"TRPV1",0.063169852024109,5.39006047734945,0.18927262152724,0.664131339068937,0.959329476595087,TRUE,FALSE,TRUE,FALSE,"PLI",10,107,16,91,FALSE,0.936532276886627
"PRKCD",0.0963637425281958,1.43150939387978,0.188231060187794,0.665093400864077,0.83813359237347,TRUE,FALSE,TRUE,TRUE,"Bergmann",10,108,16,92,FALSE,0.936532276886627
"PTPN11",-0.0471965462020333,6.5053461857664,0.187394071111863,0.665905883067196,0.956465186595719,TRUE,FALSE,TRUE,TRUE,"Endocytes",10,107,16,91,FALSE,0.936532276886627
"ESRRA",0.0787468569695499,3.337500792132,0.1870435766675,0.666076837079661,0.905721532947842,TRUE,FALSE,TRUE,FALSE,"OPC",10,108,16,92,FALSE,0.936532276886627
"EIF4A1",-0.0776236524230137,4.07937586722205,0.187026189612835,0.666167168288148,0.899578657087696,TRUE,FALSE,TRUE,FALSE,"Astrocytes",10,108,16,92,FALSE,0.936532276886627
"EPHX2",0.044333045215473,4.6101549970097,0.186713837033408,0.666502137814683,0.83882834993542,TRUE,FALSE,TRUE,FALSE,"Bergmann",10,108,16,92,FALSE,0.936532276886627
"HSP90AB1",-0.080119269303123,7.19257510179709,0.186522282526301,0.666730078242739,0.898502161704801,TRUE,FALSE,TRUE,FALSE,"Oligodendrocytes",10,108,16,92,FALSE,0.936532276886627
"ESR1",0.0945636528592249,3.34001855867963,0.184906831476637,0.667881962800152,0.899893006115455,TRUE,TRUE,TRUE,TRUE,"Astrocytes",10,108,16,92,FALSE,0.936532276886627
"BACE1",-0.0433712011194597,5.44946592988432,0.184586553425388,0.668263168413099,0.899893006115455,TRUE,FALSE,TRUE,FALSE,"Astrocytes",10,108,16,92,FALSE,0.936532276886627
"ACLY",-0.0548821471982304,4.67043628752219,0.183533552336527,0.66910362477843,0.906382729468046,TRUE,FALSE,FALSE,FALSE,"OPC",10,108,16,92,FALSE,0.936584425560204
"DRD2",0.0724503401861308,0.294035960778074,0.175207959514429,0.676221109608507,0.89082647017507,TRUE,FALSE,TRUE,FALSE,"Granule",10,109,16,93,FALSE,0.945412246766809
"DYRK1A",-0.0325661908549971,8.14585687163765,0.173554590223615,0.677691099342029,0.956571689263193,TRUE,FALSE,TRUE,TRUE,"MLI_2",10,106,16,90,FALSE,0.946332720757851
"CA5A",-0.0930224492966014,-0.412903638593337,0.170216579140144,0.680512495328091,0.892544909036958,TRUE,FALSE,TRUE,FALSE,"Granule",10,109,16,93,FALSE,0.949135848747074
"HIF1A",0.0329393071219336,6.44687158123216,0.162818276258018,0.687314247764442,0.907330327856921,TRUE,FALSE,TRUE,FALSE,"Oligodendrocytes",10,108,16,92,FALSE,0.957477195810442
"MAPK10",-0.0304086626420296,8.77353819267493,0.160767227518443,0.689218523010799,0.895918532208124,TRUE,FALSE,TRUE,FALSE,"Granule",10,109,16,93,FALSE,0.958984245621231
"PTPN2",0.0419024873534032,6.83316545627303,0.159245900453953,0.69048411181307,0.962820036467685,TRUE,FALSE,TRUE,FALSE,"PLI",10,107,16,91,FALSE,0.959600088646054
"ALOX5",0.0888012839814846,6.59638708251368,0.157035236456494,0.692433610105693,0.918646980737832,TRUE,TRUE,TRUE,TRUE,"Pericytes",10,102,16,86,FALSE,0.959879497713273
"LYPLA1",-0.0593352706838935,5.38736461292434,0.155602569830055,0.693947788147846,0.961708267714523,TRUE,FALSE,FALSE,FALSE,"Endocytes",10,107,16,91,FALSE,0.959879497713273
"EPHX2",0.0860663389912372,4.75752090749138,0.154678143117038,0.694769868218215,0.961708267714523,TRUE,FALSE,TRUE,FALSE,"Endocytes",10,107,16,91,FALSE,0.959879497713273
"AKR1B1",0.0626257511851299,3.56130240201339,0.152578963935413,0.696755221982381,0.952928246936793,TRUE,FALSE,TRUE,TRUE,"MLI_1",10,108,16,92,FALSE,0.959879497713273
"LYPLA1",-0.0725265561276036,5.43821175119907,0.152109708155823,0.697129633185294,0.935094568787223,TRUE,FALSE,FALSE,FALSE,"UBC",10,107,16,91,FALSE,0.959879497713273
"IGF1R",-0.0296835978732253,8.75842170239883,0.151663367420625,0.697576768746972,0.93520811750558,TRUE,FALSE,TRUE,FALSE,"UBC",10,107,16,91,FALSE,0.959879497713273
"PPARD",-0.0388832581562224,5.58076479583178,0.150046541535427,0.699178702307793,0.917814823496291,TRUE,FALSE,TRUE,FALSE,"OPC",10,108,16,92,FALSE,0.959879497713273
"FYN",0.0255044272710584,8.06249015255901,0.149126683776648,0.700078619881658,0.954188897263986,TRUE,FALSE,TRUE,FALSE,"MLI_1",10,108,16,92,FALSE,0.959879497713273
"SGMS1",-0.0239801218039434,7.42075619120587,0.148176562427367,0.700989020887505,0.954723966185536,TRUE,FALSE,FALSE,FALSE,"MLI_1",10,108,16,92,FALSE,0.959879497713273
"NR1H2",0.0708389037198363,4.53544845846978,0.146915514985892,0.702113337296468,0.951415248206376,TRUE,FALSE,TRUE,FALSE,"Golgi",10,106,16,90,FALSE,0.959879497713273
"CA9",-0.0807607456559822,3.23334467847504,0.146691161961917,0.702319180677973,0.918955096246386,TRUE,TRUE,TRUE,TRUE,"OPC",10,108,16,92,FALSE,0.959879497713273
"MCL1",-0.0655286077147286,4.61018796446311,0.145954861284884,0.703076831387748,0.95716498844908,TRUE,TRUE,TRUE,TRUE,"Purkinje",10,108,16,92,FALSE,0.959879497713273
"TTR",-0.157848326055846,-0.909782085987518,0.144374284948359,0.704473287977944,0.903041310765163,TRUE,FALSE,TRUE,FALSE,"Granule",10,109,16,93,FALSE,0.959879497713273
"ALOX5",-0.0542772239995715,5.99570019876593,0.143617861007334,0.705428487467749,0.912149115087346,TRUE,TRUE,TRUE,TRUE,"Astrocytes",10,108,16,92,FALSE,0.959879497713273
"ESR1",0.0697288491769812,3.94718622250578,0.143049339954982,0.705857175702925,0.941171175974334,TRUE,TRUE,TRUE,TRUE,"Microglia",10,108,16,92,FALSE,0.959879497713273
"ADCY10",0.0971983919675548,4.42798864500558,0.142998551218456,0.705930117831702,0.952021294366658,TRUE,FALSE,FALSE,FALSE,"Golgi",10,106,16,90,FALSE,0.959879497713273
"MAPK10",0.0342945788190061,9.08357037079704,0.142535674394426,0.706372775253834,0.963385301964784,TRUE,FALSE,TRUE,FALSE,"PLI",10,107,16,91,FALSE,0.959879497713273
"CNR1",0.0480883045805708,5.91099661516271,0.142284550965944,0.706679501257718,0.957675077319213,TRUE,TRUE,TRUE,TRUE,"Purkinje",10,108,16,92,FALSE,0.959879497713273
"PTPN11",-0.0659908882424451,6.769721376914,0.141448094774734,0.707352003010967,0.921189741895393,TRUE,FALSE,TRUE,TRUE,"Pericytes",10,102,16,86,FALSE,0.959879497713273
"EPHX2",-0.07430893573923,4.82063729675983,0.141023677776581,0.707864009177092,0.963287221810501,TRUE,FALSE,TRUE,FALSE,"MLI_2",10,106,16,90,FALSE,0.959879497713273
"FDPS",-0.0475736218131839,4.47478968762266,0.140946099355872,0.707989992204615,0.918379613232482,TRUE,FALSE,TRUE,FALSE,"Oligodendrocytes",10,108,16,92,FALSE,0.959879497713273
"AKR1B1",-0.0687124430846111,3.83206842570818,0.13853481608879,0.710324374378242,0.941830616813035,TRUE,FALSE,TRUE,TRUE,"Microglia",10,108,16,92,FALSE,0.959879497713273
"SYNJ2",0.0608072832898158,2.3382443794742,0.138564543871896,0.710402317559629,0.905111265258725,TRUE,FALSE,TRUE,FALSE,"Granule",10,109,16,93,FALSE,0.959879497713273
"FABP3",0.0753134296423128,2.49681885456235,0.137639403981809,0.711199425980724,0.957500755886156,TRUE,FALSE,TRUE,TRUE,"MLI_1",10,108,16,92,FALSE,0.959879497713273
"OPRM1",-0.0696341739023578,7.16437143402818,0.137782320165746,0.711265768459921,0.964281410668751,TRUE,FALSE,TRUE,TRUE,"MLI_2",10,106,16,90,FALSE,0.959879497713273
"NR3C1",0.0341129490824393,8.3497391110922,0.135891935408525,0.713076974481795,0.966201007251229,TRUE,FALSE,FALSE,FALSE,"Endocytes",10,107,16,91,FALSE,0.961069708199536
"PTK2",-0.0228877858120697,8.77339370551004,0.134851429313486,0.714108313687107,0.921465492569072,TRUE,FALSE,FALSE,FALSE,"OPC",10,108,16,92,FALSE,0.961069708199536
"SIRT1",0.0226509473687797,5.41824678230921,0.134003393952538,0.715008116323679,0.906903830725143,TRUE,FALSE,FALSE,FALSE,"Granule",10,109,16,93,FALSE,0.961069708199536
"TOP2B",-0.0527311266644049,7.88202203975393,0.133023243196803,0.715824367319106,0.925347493467633,TRUE,FALSE,TRUE,FALSE,"Pericytes",10,102,16,86,FALSE,0.961069708199536
"FDFT1",-0.044643961855291,4.89745326958094,0.132330716648885,0.716713873871028,0.906985037877064,TRUE,FALSE,TRUE,FALSE,"Granule",10,109,16,93,FALSE,0.961069708199536
"DUSP3",0.0577863113833938,4.01125135208017,0.131881230995202,0.717093178502226,0.921703804138235,TRUE,FALSE,FALSE,FALSE,"OPC",10,108,16,92,FALSE,0.961069708199536
"PPARD",-0.0475327437229893,5.59071988336513,0.129138092199986,0.719931413095152,0.955959524894686,TRUE,FALSE,TRUE,FALSE,"Golgi",10,106,16,90,FALSE,0.963426263558736
"MGLL",0.0295065959430412,7.37006122379093,0.128632152835118,0.720504032438438,0.923702052989301,TRUE,FALSE,TRUE,FALSE,"Oligodendrocytes",10,108,16,92,FALSE,0.963426263558736
"PDE4D",-0.0412660009902721,7.89101375751505,0.127797752517872,0.721402923820736,0.944099897535076,TRUE,FALSE,TRUE,FALSE,"Microglia",10,108,16,92,FALSE,0.963523263659769
"TRPV1",0.0643996874544782,5.18953369405686,0.126252766584882,0.722932646023188,0.968203126729858,TRUE,FALSE,TRUE,FALSE,"MLI_2",10,106,16,90,FALSE,0.963791612913464
"CA2",0.0760402371352286,0.227959491046255,0.125213625094125,0.724029154837516,0.909838240908737,TRUE,TRUE,TRUE,TRUE,"Granule",10,109,16,93,FALSE,0.963791612913464
"NR1H2",0.0705791910392862,4.39222071378408,0.125163497476481,0.724083578826925,0.96108208359721,TRUE,FALSE,TRUE,FALSE,"Purkinje",10,108,16,92,FALSE,0.963791612913464
"FYN",-0.0244086701930201,8.14200041998584,0.124119758056705,0.725221714794569,0.96108208359721,TRUE,FALSE,TRUE,FALSE,"Purkinje",10,108,16,92,FALSE,0.964205837457773
"HSP90AB1",-0.0681639687959077,7.27536831150225,0.121110592219706,0.728533462666369,0.911949605761164,TRUE,FALSE,TRUE,FALSE,"Granule",10,109,16,93,FALSE,0.965623221059894
"MGLL",0.0320940955785552,7.44743514899795,0.120592245261718,0.728940707533714,0.970288262624336,TRUE,FALSE,TRUE,FALSE,"PLI",10,107,16,91,FALSE,0.965623221059894
"HIF1A",-0.0244681090802061,6.4372008194309,0.120512274113766,0.729134082230028,0.911999011435156,TRUE,FALSE,TRUE,FALSE,"Granule",10,109,16,93,FALSE,0.965623221059894
"BRAF",-0.0189412423650132,8.44134416856222,0.120056890010156,0.729600392584705,0.962461452407805,TRUE,FALSE,TRUE,FALSE,"MLI_1",10,108,16,92,FALSE,0.965623221059894
"NR3C1",-0.0227092010244333,8.35619068031625,0.118284633543358,0.731524966655137,0.962461452407805,TRUE,FALSE,FALSE,FALSE,"MLI_1",10,108,16,92,FALSE,0.966684322929983
"TET2",0.0579025577600545,5.48851754156727,0.117750334010456,0.732060254843203,0.968203126729858,TRUE,FALSE,TRUE,TRUE,"MLI_2",10,106,16,90,FALSE,0.966684322929983
"KDM1A",-0.0196504693624901,6.14699225498494,0.115361716098547,0.734759269009532,0.914589486724126,TRUE,FALSE,TRUE,FALSE,"Granule",10,109,16,93,FALSE,0.96803878544246
"CNR1",-0.0489639182886931,6.25124061239441,0.11498757351633,0.735201364034143,0.962461452407805,TRUE,TRUE,TRUE,TRUE,"MLI_1",10,108,16,92,FALSE,0.96803878544246
"DUSP3",0.0547949323144412,4.0199624157399,0.111707600386425,0.738791861190137,0.962519551654557,TRUE,FALSE,FALSE,FALSE,"MLI_1",10,108,16,92,FALSE,0.96803878544246
"MAOA",0.097437708085194,4.68672699227196,0.110046813654178,0.740652243847186,0.972194634426743,TRUE,FALSE,TRUE,FALSE,"Endocytes",10,107,16,91,FALSE,0.96803878544246
"SLC16A1",-0.0503470639390461,3.81978659593065,0.109911249614517,0.740814859124413,0.96264162020335,TRUE,FALSE,FALSE,FALSE,"MLI_1",10,108,16,92,FALSE,0.96803878544246
"PRKCD",0.053188005131527,0.43033709860139,0.108816132771663,0.742046611333612,0.917058801570061,TRUE,FALSE,TRUE,TRUE,"Granule",10,109,16,93,FALSE,0.96803878544246
"TET1",-0.0332745990651041,5.92572511921607,0.107189162671764,0.743942316254684,0.931981564213221,TRUE,FALSE,TRUE,TRUE,"OPC",10,108,16,92,FALSE,0.96803878544246
"CNR1",-0.0513219241320219,5.6324473426287,0.105855253439887,0.745492673059567,0.94807018077977,TRUE,TRUE,TRUE,TRUE,"Microglia",10,108,16,92,FALSE,0.96803878544246
"NR1H2",0.0467592840539036,4.30140510430518,0.105355142798458,0.746067497247162,0.963578346598552,TRUE,FALSE,TRUE,FALSE,"MLI_1",10,108,16,92,FALSE,0.96803878544246
"CA3",0.06033763530114,4.71550457120844,0.104202079245441,0.74737177954679,0.972269631372539,TRUE,FALSE,TRUE,FALSE,"Endocytes",10,107,16,91,FALSE,0.96803878544246
"AKR1C3",-0.0641771728701997,0.0235539870986138,0.103011720518686,0.748746915152582,0.919736562375401,TRUE,TRUE,TRUE,TRUE,"Granule",10,109,16,93,FALSE,0.96803878544246
"AKR1B1",0.0359338263507458,3.48541041047479,0.102158011245021,0.749841152457618,0.920281693036566,TRUE,FALSE,TRUE,TRUE,"Granule",10,109,16,93,FALSE,0.96803878544246
"SLC16A1",-0.0582432600720172,3.97851314976976,0.101121123019171,0.750986417438841,0.950266048007431,TRUE,FALSE,FALSE,FALSE,"Microglia",10,108,16,92,FALSE,0.96803878544246
"PPARG",-0.0593634530093686,5.24551519984529,0.100937057424716,0.751282631674019,0.950266048007431,TRUE,TRUE,TRUE,TRUE,"Microglia",10,108,16,92,FALSE,0.96803878544246
"FDFT1",-0.0397632807892613,4.95770913160773,0.0993143772200613,0.753244843862625,0.888795059744039,TRUE,FALSE,TRUE,FALSE,"Bergmann",10,108,16,92,FALSE,0.96803878544246
"DAB2IP",-0.0327266910338317,8.59331138183286,0.0980698971876924,0.754754731405709,0.922364026225584,TRUE,FALSE,FALSE,FALSE,"Granule",10,109,16,93,FALSE,0.96803878544246
"CA13",-0.0358719635506934,4.04930086299838,0.0973648061862864,0.755596684582816,0.890355287105732,TRUE,FALSE,TRUE,FALSE,"Bergmann",10,108,16,92,FALSE,0.96803878544246
"TET3",-0.0265869022013627,6.85190796197896,0.0958352913858187,0.757446071991121,0.930607500938381,TRUE,FALSE,TRUE,FALSE,"Astrocytes",10,108,16,92,FALSE,0.96803878544246
"BACE1",0.0380229020269699,5.71865217364789,0.0952623584972592,0.758028261840692,0.976905363899896,TRUE,FALSE,TRUE,FALSE,"PLI",10,107,16,91,FALSE,0.96803878544246
"SIRT1",-0.0294449228565266,5.44302013232925,0.094555182918905,0.759005742834482,0.933748650364402,TRUE,FALSE,FALSE,FALSE,"Oligodendrocytes",10,108,16,92,FALSE,0.96803878544246
"KAT2B",0.0397076667322423,6.93188521926379,0.0938683951034179,0.759796743707865,0.951869881447265,TRUE,FALSE,FALSE,FALSE,"UBC",10,107,16,91,FALSE,0.96803878544246
"APP",0.0289242260779453,8.67538099758529,0.0935123475188662,0.760284117260613,0.966740248292608,TRUE,TRUE,TRUE,TRUE,"Purkinje",10,108,16,92,FALSE,0.96803878544246
"ACLY",0.0366500916689476,4.59330211705473,0.0927189539340636,0.761287289193248,0.966271804489228,TRUE,FALSE,FALSE,FALSE,"MLI_1",10,108,16,92,FALSE,0.96803878544246
"PTPN1",-0.0334151100441709,6.0380243102584,0.0917354229551336,0.762488651770215,0.960793035311875,TRUE,TRUE,TRUE,TRUE,"Golgi",10,106,16,90,FALSE,0.96803878544246
"CA3",-0.0506803080828081,4.77744627267246,0.0904690633325997,0.763942663051972,0.978411381466698,TRUE,FALSE,TRUE,FALSE,"PLI",10,107,16,91,FALSE,0.96803878544246
"ADCY10",0.0650789339211043,4.18364846619839,0.0902600805407799,0.764398044145869,0.96634014574972,TRUE,FALSE,FALSE,FALSE,"MLI_1",10,108,16,92,FALSE,0.96803878544246
"DUSP3",-0.0449258561869053,3.96874065327214,0.0895406219543008,0.765265636882548,0.933503733864925,TRUE,FALSE,FALSE,FALSE,"Astrocytes",10,108,16,92,FALSE,0.96803878544246
"CA13",0.0435467136202596,4.10457296617115,0.0892421533165818,0.765652139834601,0.933503733864925,TRUE,FALSE,TRUE,FALSE,"Astrocytes",10,108,16,92,FALSE,0.96803878544246
"MGLL",-0.025573156055449,7.35013297299951,0.087358149411157,0.768058001064972,0.962033203530668,TRUE,FALSE,TRUE,FALSE,"Golgi",10,106,16,90,FALSE,0.96803878544246
"KDM6B",0.0603649161993777,5.14647606093705,0.0864207896429445,0.769276306770045,0.966740248292608,TRUE,FALSE,TRUE,FALSE,"Purkinje",10,108,16,92,FALSE,0.96803878544246
"CTNNB1",0.0277844787800274,7.66376603108525,0.0861425643399203,0.769599836913192,0.951869881447265,TRUE,FALSE,TRUE,FALSE,"UBC",10,107,16,91,FALSE,0.96803878544246
"MAOB",-0.0558487885086272,4.94595100983895,0.0860152196019098,0.769858249111509,0.934242181527207,TRUE,TRUE,TRUE,TRUE,"Astrocytes",10,108,16,92,FALSE,0.96803878544246
"BRAF",-0.0213789252932518,8.5126445245416,0.0855264399972031,0.770444317359735,0.966740248292608,TRUE,FALSE,TRUE,FALSE,"Purkinje",10,108,16,92,FALSE,0.96803878544246
"ESR2",0.0523144457475758,5.0635916919397,0.0845210159913971,0.77175036541257,0.966740248292608,TRUE,TRUE,TRUE,TRUE,"Purkinje",10,108,16,92,FALSE,0.96803878544246
"ADORA1",0.0563677206266117,5.49344258386841,0.0839927373618207,0.772464983687504,0.975999367622597,TRUE,FALSE,TRUE,FALSE,"Endocytes",10,107,16,91,FALSE,0.96803878544246
"HIF1A",-0.0351205391492528,6.49142854916125,0.0839695355847984,0.77247262312755,0.97456932978632,TRUE,FALSE,TRUE,FALSE,"MLI_2",10,106,16,90,FALSE,0.96803878544246
"LYPLA1",-0.0348364636321562,5.59540972278338,0.0835238448880798,0.772971513432048,0.980099302929155,TRUE,FALSE,FALSE,FALSE,"PLI",10,107,16,91,FALSE,0.96803878544246
"PRKCG",0.0713394017996409,2.36035820953392,0.0833749902723103,0.773273125703956,0.900366406879199,TRUE,FALSE,TRUE,TRUE,"Bergmann",10,108,16,92,FALSE,0.96803878544246
"ESR1",0.0532020253203051,3.43277665808361,0.0829529418073839,0.773781827067196,0.941598186729158,TRUE,TRUE,TRUE,TRUE,"OPC",10,108,16,92,FALSE,0.96803878544246
"MAOB",-0.0414828522550072,4.45875237094764,0.0823641173835106,0.774598527723358,0.941850907616057,TRUE,TRUE,TRUE,TRUE,"OPC",10,108,16,92,FALSE,0.96803878544246
"TET3",0.0456045218509849,7.25415591955757,0.0814562830975164,0.775718477853463,0.944777575145193,TRUE,FALSE,TRUE,FALSE,"Pericytes",10,102,16,86,FALSE,0.96803878544246
"ACLY",0.0616512838780605,4.96554817577437,0.0814196217759984,0.77578842629697,0.951869881447265,TRUE,FALSE,FALSE,FALSE,"UBC",10,107,16,91,FALSE,0.96803878544246
"MET",-0.0788641372270077,2.25583632474514,0.081203994761974,0.776043203102971,0.940368513874515,TRUE,FALSE,TRUE,TRUE,"Oligodendrocytes",10,108,16,92,FALSE,0.96803878544246
"STS",0.0316392195061841,4.73992992005622,0.0811138873375396,0.776293309159559,0.93521584661172,TRUE,FALSE,TRUE,FALSE,"Astrocytes",10,108,16,92,FALSE,0.96803878544246
"DUSP3",0.0601515757301332,4.58359227277871,0.080506144132721,0.77706523636091,0.976067264126207,TRUE,FALSE,FALSE,FALSE,"Endocytes",10,107,16,91,FALSE,0.96803878544246
"PKM",-0.0361498284258196,6.20919350285758,0.0802238490578419,0.777511635200285,0.935630306489467,TRUE,FALSE,TRUE,FALSE,"Astrocytes",10,108,16,92,FALSE,0.96803878544246
"NR1H2",0.0314844344458399,4.24695537962605,0.0801999424778066,0.777543356493651,0.930568533597463,TRUE,FALSE,TRUE,FALSE,"Granule",10,109,16,93,FALSE,0.96803878544246
"POLA1",0.0241665300634213,6.85227162026709,0.0800841935812345,0.777688063299477,0.970143903108618,TRUE,FALSE,TRUE,FALSE,"MLI_1",10,108,16,92,FALSE,0.96803878544246
"STS",-0.0383275684400283,5.32955640969601,0.0799702537497727,0.777796515886092,0.962544514833568,TRUE,FALSE,TRUE,FALSE,"Golgi",10,106,16,90,FALSE,0.96803878544246
"ADCY10",-0.0644167001477858,4.11074230595097,0.0795921534381717,0.778337589617382,0.94259912477939,TRUE,FALSE,FALSE,FALSE,"OPC",10,108,16,92,FALSE,0.96803878544246
"BRAF",-0.0215262390483292,8.57729219869814,0.0795177655139944,0.778389211255038,0.980568227165438,TRUE,FALSE,TRUE,FALSE,"PLI",10,107,16,91,FALSE,0.96803878544246
"TET2",-0.030704100970004,5.18641485330021,0.0781077308303926,0.780392737055487,0.931509934466535,TRUE,FALSE,TRUE,TRUE,"Granule",10,109,16,93,FALSE,0.96803878544246
"SGMS1",-0.026990732081381,7.42193752898331,0.0777063422839773,0.780894286884059,0.976565236142129,TRUE,FALSE,FALSE,FALSE,"MLI_2",10,106,16,90,FALSE,0.96803878544246
"PRKCH",0.0485244897574443,1.91308386467099,0.0768862704841595,0.782058095549828,0.93214557399499,TRUE,FALSE,TRUE,TRUE,"Granule",10,109,16,93,FALSE,0.96803878544246
"DAB2IP",-0.0254721922715277,8.46727967884722,0.0764845514708176,0.782614976676612,0.970691085081049,TRUE,FALSE,FALSE,FALSE,"MLI_1",10,108,16,92,FALSE,0.96803878544246
"PDE4D",-0.0302007856254457,8.26095506006837,0.0760777913813211,0.783144290399936,0.98243053242259,TRUE,FALSE,TRUE,FALSE,"PLI",10,107,16,91,FALSE,0.96803878544246
"SOAT1",0.062387185996615,4.38912816684429,0.0757562502579281,0.783557101892749,0.978840876792139,TRUE,FALSE,TRUE,FALSE,"Endocytes",10,107,16,91,FALSE,0.96803878544246
"PPARD",0.0361681479133741,5.83407360672473,0.0752049365298532,0.784292513309377,0.982665356162356,TRUE,FALSE,TRUE,FALSE,"PLI",10,107,16,91,FALSE,0.96803878544246
"LYPLA1",-0.0258123350759213,5.06390502001932,0.0745975391522204,0.785242859319696,0.938706981020552,TRUE,FALSE,FALSE,FALSE,"Astrocytes",10,108,16,92,FALSE,0.96803878544246
"STS",-0.0349343601546826,5.30852551644449,0.0743560748233658,0.785582248777679,0.970691085081049,TRUE,FALSE,TRUE,FALSE,"MLI_1",10,108,16,92,FALSE,0.96803878544246
"MGLL",0.021028092368608,7.36500141913229,0.0734089523314146,0.786918122657943,0.970691085081049,TRUE,FALSE,TRUE,FALSE,"MLI_1",10,108,16,92,FALSE,0.96803878544246
"OPRM1",0.0436464888619857,7.03388719528099,0.0728879256853267,0.787711316879244,0.970691085081049,TRUE,FALSE,TRUE,TRUE,"MLI_1",10,108,16,92,FALSE,0.96803878544246
"ADORA1",-0.0488464571194293,5.42109024425351,0.0727465859812887,0.787834253407165,0.967269084583294,TRUE,FALSE,TRUE,FALSE,"Purkinje",10,108,16,92,FALSE,0.96803878544246
"PKM",0.0401977530833515,6.43296581911146,0.0722790994370709,0.788528573262987,0.979166375239489,TRUE,FALSE,TRUE,FALSE,"Endocytes",10,107,16,91,FALSE,0.96803878544246
"JUN",-0.0770264173415293,4.69424142685724,0.0720504495221532,0.788897112738702,0.934531036686696,TRUE,FALSE,TRUE,TRUE,"Granule",10,109,16,93,FALSE,0.96803878544246
"IGF1R",-0.0233560590731649,8.79921083494636,0.0710914225419769,0.790165924028868,0.983192185499394,TRUE,FALSE,TRUE,FALSE,"PLI",10,107,16,91,FALSE,0.96803878544246
"NR3C1",-0.0215861673359949,8.52717046608121,0.0709346872246612,0.79039225637051,0.983192185499394,TRUE,FALSE,FALSE,FALSE,"PLI",10,107,16,91,FALSE,0.96803878544246
"KDM1A",-0.0213957368610532,6.15097281110046,0.0705828792678356,0.790962256288481,0.97077004339311,TRUE,FALSE,TRUE,FALSE,"MLI_1",10,108,16,92,FALSE,0.96803878544246
"DOT1L",-0.0508558247003363,5.68607969290391,0.0702482802746388,0.791378159454577,0.95215104370162,TRUE,FALSE,TRUE,FALSE,"UBC",10,107,16,91,FALSE,0.96803878544246
"DRD4",0.0537982302072784,0.612619799181815,0.0698062923383364,0.792043881533536,0.935478958644512,TRUE,FALSE,TRUE,FALSE,"Granule",10,109,16,93,FALSE,0.96803878544246
"KAT2B",-0.022122508163416,6.94887475161947,0.0694319576268546,0.792633406959049,0.971140623028394,TRUE,FALSE,FALSE,FALSE,"MLI_1",10,108,16,92,FALSE,0.96803878544246
"PKM",0.0306286334313135,6.1745687147302,0.0692686643726057,0.792861955486749,0.946020649366579,TRUE,FALSE,TRUE,FALSE,"OPC",10,108,16,92,FALSE,0.96803878544246
"MAP2K1",-0.0237209345031794,5.61295760623475,0.0682326019763012,0.794384386865689,0.946240261543696,TRUE,TRUE,TRUE,TRUE,"Oligodendrocytes",10,108,16,92,FALSE,0.968883049252504
"SIRT1",-0.0281084997366037,5.55065306829769,0.0669366553031729,0.79628599646395,0.961635944358707,TRUE,FALSE,FALSE,FALSE,"Microglia",10,108,16,92,FALSE,0.96936861919282
"MCL1",-0.0334008626031376,4.52930033992235,0.0668580876637224,0.796445229148132,0.913084579727442,TRUE,TRUE,TRUE,TRUE,"Bergmann",10,108,16,92,FALSE,0.96936861919282
"SHBG",0.0411330043884235,-0.328295903848564,0.0652773144800789,0.798714189303528,0.937352228115847,TRUE,FALSE,TRUE,FALSE,"Granule",10,109,16,93,FALSE,0.970273387888192
"TET3",-0.0198650826777803,6.89800069774151,0.0647641234113397,0.799559596517251,0.948341609444102,TRUE,FALSE,TRUE,FALSE,"OPC",10,108,16,92,FALSE,0.970273387888192
"NR1H4",-0.0528869426179853,-0.807536007450699,0.064317529310684,0.800139896788759,0.937671015241192,TRUE,FALSE,FALSE,FALSE,"Granule",10,109,16,93,FALSE,0.970273387888192
"FYN",-0.01404175143071,8.07963755817706,0.0638259167993442,0.801013254956051,0.937860269319529,TRUE,FALSE,TRUE,FALSE,"Granule",10,109,16,93,FALSE,0.970273387888192
"TLR4",-0.085357383066455,4.00881478418755,0.0624686509364581,0.802972685930357,0.981923800538766,TRUE,FALSE,TRUE,FALSE,"Endocytes",10,107,16,91,FALSE,0.970273387888192
"SLC16A1",0.110694410910408,5.99044691392188,0.061939377605443,0.80395603857841,0.982052286699599,TRUE,FALSE,FALSE,FALSE,"Endocytes",10,107,16,91,FALSE,0.970273387888192
"MAP2K1",-0.0288992119718983,5.86627697086799,0.0614083890149122,0.804635352802836,0.984572624570428,TRUE,TRUE,TRUE,TRUE,"PLI",10,107,16,91,FALSE,0.970273387888192
"PPARG",-0.0507896994965112,5.43942117863136,0.0613452274471109,0.804748244185864,0.95655738445248,TRUE,TRUE,TRUE,TRUE,"UBC",10,107,16,91,FALSE,0.970273387888192
"TDP1",0.0274021214043908,5.18813880771318,0.0609363219667497,0.805447920299915,0.950183097700868,TRUE,FALSE,TRUE,FALSE,"Oligodendrocytes",10,108,16,92,FALSE,0.970273387888192
"SGMS1",0.018960995501169,7.61679344768986,0.060081858804689,0.806790326311167,0.950538988393653,TRUE,FALSE,FALSE,FALSE,"OPC",10,108,16,92,FALSE,0.970273387888192
"CA3",0.0501390780281377,4.98344370524556,0.0599750204423308,0.806878293775992,0.956886081711075,TRUE,FALSE,TRUE,FALSE,"UBC",10,107,16,91,FALSE,0.970273387888192
"TOP2B",-0.0231724872482434,7.41475275567914,0.0588184943196408,0.808788357315467,0.9644011413126,TRUE,FALSE,TRUE,FALSE,"Microglia",10,108,16,92,FALSE,0.970273387888192
"FDPS",0.0489590481459318,4.60600301743626,0.0582373183416252,0.809675035369388,0.9692532625525,TRUE,FALSE,TRUE,FALSE,"Golgi",10,106,16,90,FALSE,0.970273387888192
"SNCA",0.0224091055227906,7.83374637096937,0.0573354284651361,0.811178877624181,0.951597586079838,TRUE,TRUE,TRUE,TRUE,"Oligodendrocytes",10,108,16,92,FALSE,0.970273387888192
"PPARG",-0.0401758297308995,5.34100378334249,0.0565024232711413,0.81249756076634,0.969286461949046,TRUE,TRUE,TRUE,TRUE,"Golgi",10,106,16,90,FALSE,0.970273387888192
"JUN",-0.06864753571286,4.83135477152188,0.0564230348523348,0.8127109774565,0.921989016698158,TRUE,FALSE,TRUE,TRUE,"Bergmann",10,108,16,92,FALSE,0.970273387888192
"TRPV1",0.0278608471603108,5.04155257318903,0.0563335053381287,0.812804267721967,0.97387118647415,TRUE,FALSE,TRUE,FALSE,"MLI_1",10,108,16,92,FALSE,0.970273387888192
"BRAF",-0.0166853271258209,8.5042179849125,0.0559994556879126,0.813324332712003,0.982948838213753,TRUE,FALSE,TRUE,FALSE,"MLI_2",10,106,16,90,FALSE,0.970273387888192
"FDPS",0.058193556428829,4.39408609820974,0.0554152140526402,0.814242430156397,0.982948838213753,TRUE,FALSE,TRUE,FALSE,"MLI_2",10,106,16,90,FALSE,0.970273387888192
"SRD5A1",-0.0468217031831404,5.36440587801267,0.0549670130210861,0.814980476212992,0.958217788377098,TRUE,FALSE,TRUE,FALSE,"UBC",10,107,16,91,FALSE,0.970273387888192
"TDP1",0.0410362731180922,5.32374837796362,0.0547984737394127,0.815291776837728,0.983192407445368,TRUE,FALSE,TRUE,FALSE,"MLI_2",10,106,16,90,FALSE,0.970273387888192
"TET3",-0.0253920889185249,6.97733673414291,0.0546658793899845,0.815495643336559,0.958217788377098,TRUE,FALSE,TRUE,FALSE,"UBC",10,107,16,91,FALSE,0.970273387888192
"ADORA1",0.046664294853721,5.43859308192673,0.0538087690974878,0.81693982258789,0.983925891091237,TRUE,FALSE,TRUE,FALSE,"MLI_2",10,106,16,90,FALSE,0.97100084927368
"FDFT1",-0.032693379002027,5.18057245797778,0.0518265153587037,0.820211431879228,0.986764325863569,TRUE,FALSE,TRUE,FALSE,"PLI",10,107,16,91,FALSE,0.973566107102049
"PPARD",-0.0184401700454319,5.47098417285938,0.050886179848089,0.82193993348288,0.944922802838951,TRUE,FALSE,TRUE,FALSE,"Granule",10,109,16,93,FALSE,0.973566107102049
"FDPS",-0.0459473220738408,4.31470514876893,0.0504669004212301,0.822601408081916,0.973935515062121,TRUE,FALSE,TRUE,FALSE,"Purkinje",10,108,16,92,FALSE,0.973566107102049
"TET2",0.0251222839156449,5.38119078204875,0.0503861204390462,0.822787449333155,0.976576758614529,TRUE,FALSE,TRUE,TRUE,"MLI_1",10,108,16,92,FALSE,0.973566107102049
"TET1",0.0354874994231972,6.08548244529465,0.0500754687459725,0.823272883021115,0.960290364566164,TRUE,FALSE,TRUE,TRUE,"UBC",10,107,16,91,FALSE,0.973566107102049
"PTGFR",0.0475427066899623,-0.323191344129383,0.049527073081915,0.824216914928319,0.945531737283252,TRUE,FALSE,FALSE,FALSE,"Granule",10,109,16,93,FALSE,0.973694957250679
"HIF1A",0.0238526445789238,6.56483119681363,0.0483772428795174,0.826273510117183,0.973033224491895,TRUE,FALSE,TRUE,FALSE,"Golgi",10,106,16,90,FALSE,0.974354143122855
"PGR",0.053968854660899,-0.843299293931208,0.0482465268130678,0.826446181430964,0.946211127285411,TRUE,FALSE,TRUE,FALSE,"Granule",10,109,16,93,FALSE,0.974354143122855
"IGF1R",-0.0177463249503581,8.75037433365438,0.0473391547498875,0.828129908154042,0.970162635158214,TRUE,FALSE,TRUE,FALSE,"Microglia",10,108,16,92,FALSE,0.975353002936982
"PDE4D",-0.0245719769033969,8.20677466261767,0.0461408448258998,0.830297798497781,0.985377036834823,TRUE,FALSE,TRUE,FALSE,"MLI_2",10,106,16,90,FALSE,0.975789460437141
"KAT2B",0.0183005433352782,7.03388063060142,0.0456230823633369,0.831213743401049,0.973738851499429,TRUE,FALSE,FALSE,FALSE,"Golgi",10,106,16,90,FALSE,0.975789460437141
"FDFT1",-0.0302639301827286,4.86657483242757,0.0451844617405923,0.832035566630612,0.977804682474474,TRUE,FALSE,TRUE,FALSE,"MLI_1",10,108,16,92,FALSE,0.975789460437141
"CA2",0.0570619391574986,4.23252951944008,0.0451258685863102,0.832069712884596,0.986787455127163,TRUE,TRUE,TRUE,TRUE,"Endocytes",10,107,16,91,FALSE,0.975789460437141
"BACE1",0.0255874667269783,5.71996809439167,0.044817288929544,0.832684831162054,0.973931428741385,TRUE,FALSE,TRUE,FALSE,"Golgi",10,106,16,90,FALSE,0.975789460437141
"PRKCE",-0.0120190612297146,9.30073973730942,0.0431505643661047,0.835806185672116,0.97858037693774,TRUE,FALSE,TRUE,TRUE,"MLI_1",10,108,16,92,FALSE,0.977248963073326
"TOP2B",-0.0211205786261083,7.41321096770953,0.0429200304319606,0.836224539021577,0.977258884149276,TRUE,FALSE,TRUE,FALSE,"Purkinje",10,108,16,92,FALSE,0.977248963073326
"HDAC6",0.0326702843243233,5.83704662168399,0.0428102816422301,0.836444652784888,0.987605888716574,TRUE,FALSE,FALSE,FALSE,"Endocytes",10,107,16,91,FALSE,0.977248963073326
"NR1H2",-0.0271470510887369,4.41060033962673,0.0422755111933661,0.837430837202075,0.961727867619426,TRUE,FALSE,TRUE,FALSE,"OPC",10,108,16,92,FALSE,0.977421777955575
"PTPN2",0.0198372667312814,6.65612813991094,0.040870161885172,0.840120452108492,0.973982171360452,TRUE,FALSE,TRUE,FALSE,"Golgi",10,106,16,90,FALSE,0.978059814123073
"EGFR",0.0503882851691338,6.20311445552302,0.0401821617446549,0.84151555938283,0.989060130841413,TRUE,FALSE,FALSE,FALSE,"Endocytes",10,107,16,91,FALSE,0.978059814123073
"IGF1R",0.0149110687332676,8.66857239820807,0.0401222536329061,0.841592412886773,0.979775781279592,TRUE,FALSE,TRUE,FALSE,"MLI_1",10,108,16,92,FALSE,0.978059814123073
"IGF1R",-0.0144490965753273,8.76923503582224,0.0399587429051544,0.841888701515621,0.974506531527373,TRUE,FALSE,TRUE,FALSE,"Golgi",10,106,16,90,FALSE,0.978059814123073
"JUN",0.053800246220813,4.47654296776288,0.0390098004749221,0.843808548221066,0.980356903806422,TRUE,FALSE,TRUE,TRUE,"MLI_1",10,108,16,92,FALSE,0.978059814123073
"OPRM1",0.0302781427585046,7.16788063054693,0.0388722571814473,0.844081530666198,0.97386384163654,TRUE,FALSE,TRUE,TRUE,"Microglia",10,108,16,92,FALSE,0.978059814123073
"PTK2",-0.0107723551453258,8.73467966816908,0.0387738873215453,0.844241809513913,0.980356903806422,TRUE,FALSE,FALSE,FALSE,"MLI_1",10,108,16,92,FALSE,0.978059814123073
"SRC",-0.0328098639700002,3.52435703508862,0.0385266973684727,0.844688021288109,0.965146746151303,TRUE,FALSE,TRUE,FALSE,"OPC",10,108,16,92,FALSE,0.978059814123073
"KDM1A",-0.0244354337164183,6.25802194773591,0.0356523105098461,0.850543378228358,0.986422484312084,TRUE,FALSE,TRUE,FALSE,"MLI_2",10,106,16,90,FALSE,0.983862677593517
"SIRT1",-0.018259563365107,5.39329265416693,0.0352031857598526,0.851498154233784,0.980838879981982,TRUE,FALSE,FALSE,FALSE,"MLI_1",10,108,16,92,FALSE,0.98399092947135
"DOT1L",-0.0275637838826836,5.5792645972941,0.034644017237776,0.852594269176274,0.992226022270218,TRUE,FALSE,TRUE,FALSE,"PLI",10,107,16,91,FALSE,0.98428209689063
"ACHE",0.0373837685831413,3.50716155774501,0.0338779799599146,0.854296961254372,0.940815694271235,TRUE,TRUE,TRUE,TRUE,"Bergmann",10,108,16,92,FALSE,0.984613296198113
"ADORA1",0.0233961222184801,5.26350428325627,0.0337519128051612,0.854570030662513,0.940815694271235,TRUE,FALSE,TRUE,FALSE,"Bergmann",10,108,16,92,FALSE,0.984613296198113
"POLA1",-0.0203064244439686,7.07700799101908,0.0330424207898323,0.856036925077016,0.970927531594733,TRUE,FALSE,TRUE,FALSE,"UBC",10,107,16,91,FALSE,0.985329767660218
"PTPN11",0.0205084892607062,6.43128191442821,0.0320838530940294,0.858143386788009,0.982144823661498,TRUE,FALSE,TRUE,TRUE,"Purkinje",10,108,16,92,FALSE,0.986297508613985
"CTNNB1",-0.0156714884596395,7.52485432791619,0.0318861708038796,0.858569443604798,0.978836715625828,TRUE,FALSE,TRUE,FALSE,"Golgi",10,106,16,90,FALSE,0.986297508613985
"MAPK10",-0.0164231477313089,9.26676037820537,0.0310298329615354,0.860407113418634,0.965315058042004,TRUE,FALSE,TRUE,FALSE,"Pericytes",10,102,16,86,FALSE,0.987435722683196
"PTK2",0.0127190809044342,8.81839175975219,0.0286073201085954,0.865985745332171,0.990779790357224,TRUE,FALSE,FALSE,FALSE,"Endocytes",10,107,16,91,FALSE,0.991398139881612
"SLC16A1",-0.019057888056571,3.7750854475877,0.0281932820244435,0.866953511287831,0.960579461968035,TRUE,FALSE,FALSE,FALSE,"Granule",10,109,16,93,FALSE,0.991398139881612
"FDFT1",0.0246629282049947,5.19688701144238,0.0273989332934526,0.868820762990752,0.96288929297656,TRUE,FALSE,TRUE,FALSE,"Astrocytes",10,108,16,92,FALSE,0.991398139881612
"SYNJ2",0.0344598573449905,3.49738633200562,0.0270291072675235,0.869662941795165,0.963293228305383,TRUE,FALSE,TRUE,FALSE,"Astrocytes",10,108,16,92,FALSE,0.991398139881612
"CA13",-0.0258001018162461,4.17430166221037,0.026982155246534,0.869778864124626,0.978095255115623,TRUE,FALSE,TRUE,FALSE,"Microglia",10,108,16,92,FALSE,0.991398139881612
"SRD5A1",-0.023379820446773,5.41706425713844,0.0269839306460597,0.869791596669,0.982297740051056,TRUE,FALSE,TRUE,FALSE,"Purkinje",10,108,16,92,FALSE,0.991398139881612
"MAP2K1",-0.0221227482294805,5.68328157920075,0.0266297616436864,0.870642526393014,0.982528898883496,TRUE,TRUE,TRUE,TRUE,"Purkinje",10,108,16,92,FALSE,0.991398139881612
"ESRRA",-0.0346044181168281,3.3435879374273,0.0262709100019082,0.871459923804957,0.978407453759023,TRUE,FALSE,TRUE,FALSE,"Microglia",10,108,16,92,FALSE,0.991398139881612
"GSK3B",-0.0097196424409512,8.18184678963568,0.0262704363391722,0.871512086945671,0.98258042431114,TRUE,FALSE,TRUE,FALSE,"Purkinje",10,108,16,92,FALSE,0.991398139881612
"ESR2",0.0210887065018098,4.87144486475198,0.0239750360772203,0.877197256208545,0.978480109947202,TRUE,TRUE,TRUE,TRUE,"Microglia",10,108,16,92,FALSE,0.992695905071706
"ESR2",0.0179955485866863,4.85717434638366,0.0237219099283478,0.877861419718119,0.965757005269748,TRUE,TRUE,TRUE,TRUE,"Astrocytes",10,108,16,92,FALSE,0.992695905071706
"AKR1B1",0.0229219565756474,3.58309904504113,0.023093376731226,0.879451583285108,0.97048938352192,TRUE,FALSE,TRUE,TRUE,"Oligodendrocytes",10,108,16,92,FALSE,0.992695905071706
"PKM",0.0183852163243234,6.27411749924813,0.0230083039641285,0.879689317029094,0.978480109947202,TRUE,FALSE,TRUE,FALSE,"Microglia",10,108,16,92,FALSE,0.992695905071706
"SRC",0.0274379943123585,3.19611225155068,0.0226202961972073,0.880676448056802,0.97091735881536,TRUE,FALSE,TRUE,FALSE,"Oligodendrocytes",10,108,16,92,FALSE,0.992695905071706
"PTK2",0.0107139945651219,8.94166659421521,0.0225786882957219,0.880808079692399,0.984347300060036,TRUE,FALSE,FALSE,FALSE,"Purkinje",10,108,16,92,FALSE,0.992695905071706
"CA3",-0.0152545796140247,4.69964838181665,0.0221195651301564,0.882038890551896,0.952329702117334,TRUE,FALSE,TRUE,FALSE,"Bergmann",10,108,16,92,FALSE,0.992695905071706
"EDNRA",0.0297684147964276,-0.636704803484878,0.0219807544314808,0.882348526762889,0.964734869400746,TRUE,FALSE,TRUE,FALSE,"Granule",10,109,16,93,FALSE,0.992695905071706
"PPARD",-0.0151961707278391,5.50856948074269,0.0218565127290048,0.882727873959616,0.966877109092649,TRUE,FALSE,TRUE,FALSE,"Astrocytes",10,108,16,92,FALSE,0.992695905071706
"KIF11",-0.0288494089769222,2.29855954851874,0.0217858021469389,0.882904533500058,0.952334277622625,TRUE,FALSE,TRUE,FALSE,"Bergmann",10,108,16,92,FALSE,0.992695905071706
"DUSP3",-0.0316838959575071,4.2422009891653,0.021763099485717,0.882934011569338,0.981887158905837,TRUE,FALSE,FALSE,FALSE,"Golgi",10,106,16,90,FALSE,0.992695905071706
"CA9",0.0278810697395883,3.23933301729816,0.0216077640091739,0.883360294893859,0.971045502816319,TRUE,TRUE,TRUE,TRUE,"Oligodendrocytes",10,108,16,92,FALSE,0.992695905071706
"BCHE",0.0331276036156341,-0.0464700850002845,0.0214337276260571,0.883827165538709,0.965290312701956,TRUE,FALSE,FALSE,FALSE,"Granule",10,109,16,93,FALSE,0.992695905071706
"HDAC6",-0.0185392617826674,5.94004548500383,0.0208159811772888,0.885483863243046,0.993007249272235,TRUE,FALSE,FALSE,FALSE,"PLI",10,107,16,91,FALSE,0.992695905071706
"LYPLA1",0.0170983040770411,5.30286549598262,0.0204797310664534,0.886439046850455,0.979844954617497,TRUE,FALSE,FALSE,FALSE,"Microglia",10,108,16,92,FALSE,0.992695905071706
"CNR1",-0.02279220267119,5.78253012891432,0.0204184026838064,0.886612104670063,0.981887158905837,TRUE,TRUE,TRUE,TRUE,"Golgi",10,106,16,90,FALSE,0.992695905071706
"ALOX5",-0.0227588333186064,5.82205820945484,0.0202435013715098,0.887126186179003,0.953807103947569,TRUE,TRUE,TRUE,TRUE,"Bergmann",10,108,16,92,FALSE,0.992695905071706
"SOAT1",0.0224679410127999,4.29816872682525,0.0195642624368299,0.888974114808415,0.979997635190025,TRUE,FALSE,TRUE,FALSE,"Microglia",10,108,16,92,FALSE,0.993809988366838
"SGMS2",0.0189128899301704,3.90572525913952,0.0190847967841885,0.890353157874926,0.986063411091566,TRUE,FALSE,FALSE,FALSE,"MLI_1",10,108,16,92,FALSE,0.994385390930529
"FDPS",0.0143975305739106,4.17315512034545,0.01865646791542,0.891598351477748,0.968414825959333,TRUE,FALSE,TRUE,FALSE,"Granule",10,109,16,93,FALSE,0.994385390930529
"PRKCG",-0.0413633833793389,4.64210656331123,0.0183726560117538,0.892422368021609,0.990241501849987,TRUE,FALSE,TRUE,TRUE,"MLI_2",10,106,16,90,FALSE,0.994385390930529
"ESR1",0.0213046314559178,3.19651315154371,0.0181886067626977,0.89295593852551,0.956223206547483,TRUE,TRUE,TRUE,TRUE,"Bergmann",10,108,16,92,FALSE,0.994385390930529
"OPRM1",-0.0217804552532774,7.04815395360294,0.0179138234712034,0.893786198851953,0.975899995781163,TRUE,FALSE,TRUE,TRUE,"OPC",10,108,16,92,FALSE,0.994385390930529
"ESRRB",-0.0207526542874821,0.780903114948875,0.016897187919105,0.89678821538223,0.969515423325943,TRUE,FALSE,FALSE,FALSE,"Granule",10,109,16,93,FALSE,0.994385390930529
"MAP2K1",0.0145315754360067,5.8517699220197,0.0167185778811141,0.897334582573671,0.981216919091425,TRUE,TRUE,TRUE,TRUE,"Microglia",10,108,16,92,FALSE,0.994385390930529
"CTNNB1",-0.0155909497359086,7.98994590230253,0.0165467446917339,0.897817061838151,0.980759974374649,TRUE,FALSE,TRUE,FALSE,"Pericytes",10,102,16,86,FALSE,0.994385390930529
"ACLY",0.0285187802272297,4.66934467847499,0.0164191700969162,0.89823256215114,0.991050997458646,TRUE,FALSE,FALSE,FALSE,"MLI_2",10,106,16,90,FALSE,0.994385390930529
"PTPN2",0.0102245724738251,6.48319217913861,0.0161747495710096,0.899013256100324,0.976844542210667,TRUE,FALSE,TRUE,FALSE,"OPC",10,108,16,92,FALSE,0.994385390930529
"NR3C1",-0.0105469995662469,8.36562197831884,0.0161064634624247,0.899203331807998,0.983216835571239,TRUE,FALSE,FALSE,FALSE,"UBC",10,107,16,91,FALSE,0.994385390930529
"TET3",-0.0124707105440649,7.01919176213828,0.0159464537499528,0.899722630730452,0.981289811051556,TRUE,FALSE,TRUE,FALSE,"Microglia",10,108,16,92,FALSE,0.994385390930529
"CTNNB1",-0.0122813249286949,7.85619411246215,0.0152652571749592,0.901885196140332,0.990779790357224,TRUE,FALSE,TRUE,FALSE,"Endocytes",10,107,16,91,FALSE,0.995699100981321
"CDK2",0.0219074624689556,-0.190886728223446,0.0150262297169765,0.902619167870717,0.971772165687227,TRUE,FALSE,TRUE,TRUE,"Granule",10,109,16,93,FALSE,0.995699100981321
"SLC16A1",0.0304916057728314,4.13060119933878,0.013762566636527,0.906774871780867,0.992390994152657,TRUE,FALSE,FALSE,FALSE,"MLI_2",10,106,16,90,FALSE,0.997220843952583
"BACE1",0.0180639062784273,5.55600672399893,0.0135507494237681,0.907515395857218,0.992413056129342,TRUE,FALSE,TRUE,FALSE,"MLI_2",10,106,16,90,FALSE,0.997220843952583
"PKM",0.0219680786551263,6.30481537632417,0.0123100206291392,0.91186709703701,0.98997817509085,TRUE,FALSE,TRUE,FALSE,"Purkinje",10,108,16,92,FALSE,0.997220843952583
"OPRM1",0.0189486028735432,7.04196753659982,0.0122114524977158,0.912220445357215,0.977327120196312,TRUE,FALSE,TRUE,TRUE,"Astrocytes",10,108,16,92,FALSE,0.997220843952583
"BRAF",-0.00717052859142358,8.49627561215643,0.0119708109904356,0.913059432027629,0.984824436267919,TRUE,FALSE,TRUE,FALSE,"Microglia",10,108,16,92,FALSE,0.997220843952583
"NR1H2",-0.0160386658439335,4.40248355070392,0.0119233361126535,0.913232564734607,0.977372914703583,TRUE,FALSE,TRUE,FALSE,"Astrocytes",10,108,16,92,FALSE,0.997220843952583
"YWHAG",-0.0120683355021504,6.36460545866961,0.0118361119882637,0.913549666811628,0.980216314201261,TRUE,FALSE,TRUE,FALSE,"OPC",10,108,16,92,FALSE,0.997220843952583
"SLCO2B1",0.0167233722772705,1.16986226964226,0.0107978707582837,0.917414202111447,0.976980116123103,TRUE,FALSE,TRUE,FALSE,"Granule",10,109,16,93,FALSE,0.997220843952583
"SIRT1",0.0136786491073302,5.6214959094799,0.010618051883872,0.918066773566737,0.993729799071952,TRUE,FALSE,FALSE,FALSE,"PLI",10,107,16,91,FALSE,0.997220843952583
"OPRM1",-0.0185089773597092,7.06838623809492,0.010536749294199,0.918433233645037,0.99309460654839,TRUE,FALSE,TRUE,TRUE,"Endocytes",10,107,16,91,FALSE,0.997220843952583
"SRC",0.0161718600355268,3.27429347130596,0.0102958415729807,0.919356988736681,0.966117670109173,TRUE,FALSE,TRUE,FALSE,"Bergmann",10,108,16,92,FALSE,0.997220843952583
"TOP2B",0.00857210335700248,7.44867658202832,0.0101392987091055,0.919944704620882,0.994583719337705,TRUE,FALSE,TRUE,FALSE,"PLI",10,107,16,91,FALSE,0.997220843952583
"JUN",-0.0262147157084575,4.66375009748001,0.00977737133357863,0.921405048648873,0.986613870700191,TRUE,FALSE,TRUE,TRUE,"Golgi",10,106,16,90,FALSE,0.997220843952583
"PTK2",-0.00584351660766431,8.85537176342513,0.00970511550977349,0.921692948003379,0.98110305755121,TRUE,FALSE,FALSE,FALSE,"Oligodendrocytes",10,108,16,92,FALSE,0.997220843952583
"ADORA1",0.0124818397520442,5.48260801940428,0.00958293361175103,0.922181185201379,0.982057438503183,TRUE,FALSE,TRUE,FALSE,"OPC",10,108,16,92,FALSE,0.997220843952583
"SLC16A1",-0.0140472018458232,3.89293370738904,0.00954597674208446,0.92232076747939,0.981306820821066,TRUE,FALSE,FALSE,FALSE,"Oligodendrocytes",10,108,16,92,FALSE,0.997220843952583
"ACLY",0.0161671609009173,4.68624734785249,0.00947306037047751,0.922618631225961,0.986903151451594,TRUE,FALSE,FALSE,FALSE,"Microglia",10,108,16,92,FALSE,0.997220843952583
"ALK",-0.0184162783087033,4.40087786466637,0.00902399734609688,0.924456073857275,0.987515221024138,TRUE,FALSE,FALSE,FALSE,"Golgi",10,106,16,90,FALSE,0.997220843952583
"TRPV1",0.0206740453000401,5.29062456799497,0.00899711518158485,0.924566946579754,0.989138629440169,TRUE,FALSE,TRUE,FALSE,"UBC",10,107,16,91,FALSE,0.997220843952583
"POLA1",0.00952859540398809,7.02167375594442,0.0088844116533649,0.92505708418032,0.994937029737931,TRUE,FALSE,TRUE,FALSE,"MLI_2",10,106,16,90,FALSE,0.997220843952583
"PPARD",0.0081737734748159,5.60932617784092,0.00883691808822273,0.92526522486252,0.981377812592315,TRUE,FALSE,TRUE,FALSE,"Oligodendrocytes",10,108,16,92,FALSE,0.997220843952583
"KDM6B",0.0188089382341625,5.34376422582042,0.00866823919756756,0.925984801359621,0.987945234915687,TRUE,FALSE,TRUE,FALSE,"Golgi",10,106,16,90,FALSE,0.997220843952583
"ENPP1",0.0164498532781731,2.47971872725914,0.00828540459046686,0.927626123262137,0.96968620000338,TRUE,FALSE,TRUE,FALSE,"Bergmann",10,108,16,92,FALSE,0.997220843952583
"SLC22A2",-0.0186945451575614,-0.869260770715392,0.00823129342681011,0.927829305982091,0.979060439510459,TRUE,FALSE,FALSE,FALSE,"Granule",10,109,16,93,FALSE,0.997220843952583
"HSP90AB1",-0.0286048652680357,7.7177724354102,0.00804959514089329,0.928687263951105,0.99309460654839,TRUE,FALSE,TRUE,FALSE,"Endocytes",10,107,16,91,FALSE,0.997220843952583
"PRKCE",-0.00604849068122914,9.317953855739,0.00786601503000909,0.929470651573994,0.995252156862768,TRUE,FALSE,TRUE,TRUE,"MLI_2",10,106,16,90,FALSE,0.997220843952583
"EPHX2",-0.011159597628088,4.63374802973018,0.00772677300145787,0.930103872664502,0.982309766584449,TRUE,FALSE,TRUE,FALSE,"Astrocytes",10,108,16,92,FALSE,0.997220843952583
"OPRM1",0.0140345835933911,7.70591968411123,0.00747988537265927,0.931206999770805,0.983170358033221,TRUE,FALSE,TRUE,TRUE,"Pericytes",10,102,16,86,FALSE,0.997220843952583
"PKM",0.0157848248988834,6.32950400053172,0.00740811773461363,0.931565564862269,0.995252156862768,TRUE,FALSE,TRUE,FALSE,"MLI_2",10,106,16,90,FALSE,0.997220843952583
"STS",-0.014689171023917,5.00014124905665,0.00719533354554242,0.932537878670542,0.993159576528333,TRUE,FALSE,TRUE,FALSE,"Endocytes",10,107,16,91,FALSE,0.997220843952583
"MAPK10",0.006135187921848,8.93937006429827,0.00707340147629382,0.933119066731211,0.991190267082954,TRUE,FALSE,TRUE,FALSE,"MLI_1",10,108,16,92,FALSE,0.997220843952583
"SIRT1",-0.00815392362801372,5.40195344567803,0.00706936527973297,0.933133213348719,0.983175787366323,TRUE,FALSE,FALSE,FALSE,"OPC",10,108,16,92,FALSE,0.997220843952583
"IGF1R",-0.00624955339023893,8.75892620764837,0.0069934016254109,0.933494311621262,0.983175787366323,TRUE,FALSE,TRUE,FALSE,"OPC",10,108,16,92,FALSE,0.997220843952583
"PPARD",0.00818770736891126,5.5913241561961,0.00678137657175407,0.934511100358367,0.991644350921055,TRUE,FALSE,TRUE,FALSE,"MLI_1",10,108,16,92,FALSE,0.997220843952583
"PTPN2",0.0125513015704216,7.13100025356968,0.00671067250975762,0.934818015801359,0.984436886238118,TRUE,FALSE,TRUE,FALSE,"Pericytes",10,102,16,86,FALSE,0.997220843952583
"PRKCH",0.0169166944200795,2.23313987437846,0.00651705964872496,0.935791225252606,0.973045213330694,TRUE,FALSE,TRUE,TRUE,"Bergmann",10,108,16,92,FALSE,0.997220843952583
"PRKCQ",0.0143443917413276,3.47360652331152,0.00643672531945639,0.936170737502343,0.984635496692273,TRUE,FALSE,TRUE,FALSE,"Oligodendrocytes",10,108,16,92,FALSE,0.997220843952583
"PDE4B",0.012772680262047,8.51447955780654,0.00637805803469628,0.936498133900582,0.973452127607744,TRUE,FALSE,TRUE,FALSE,"Bergmann",10,108,16,92,FALSE,0.997220843952583
"PPARG",-0.012552331674421,5.16462394490457,0.00598884702730862,0.938452027838336,0.984311519035391,TRUE,TRUE,TRUE,TRUE,"Astrocytes",10,108,16,92,FALSE,0.998389657353559
"DAB2IP",-0.0090815000363372,8.76877363975984,0.00560648789243371,0.940432335884905,0.985102132273273,TRUE,FALSE,FALSE,FALSE,"Pericytes",10,102,16,86,FALSE,0.999584415352598
"TET3",-0.00762501683390596,6.88532399884803,0.00511959661217607,0.943065353163356,0.994796642294348,TRUE,FALSE,TRUE,FALSE,"PLI",10,107,16,91,FALSE,0.999948155156426
"HIF1A",-0.00764230441723436,6.53737744947962,0.00501695355307712,0.943649667683933,0.994231654985336,TRUE,FALSE,TRUE,FALSE,"Purkinje",10,108,16,92,FALSE,0.999948155156426
"LYPLA1",-0.0095871987099579,5.19442669668773,0.00443761803051533,0.94699617446476,0.994231654985336,TRUE,FALSE,FALSE,FALSE,"Purkinje",10,108,16,92,FALSE,0.999948155156426
"PDE4B",-0.0101110843918982,8.44451477127862,0.00443290819586959,0.947042627596291,0.987350327915572,TRUE,FALSE,TRUE,FALSE,"Astrocytes",10,108,16,92,FALSE,0.999948155156426
"KDM1A",-0.00747734141238124,6.10802529855378,0.00436161035782236,0.947452889516556,0.994231654985336,TRUE,FALSE,TRUE,FALSE,"Purkinje",10,108,16,92,FALSE,0.999948155156426
"ADCY10",-0.0139550333353933,3.97763851189284,0.0035881789536506,0.9523446559402,0.980950251541474,TRUE,FALSE,FALSE,FALSE,"Bergmann",10,108,16,92,FALSE,0.999948155156426
"CA13",0.00774123617619924,4.18641896518646,0.00347471483350714,0.953088253108688,0.98746616928208,TRUE,FALSE,TRUE,FALSE,"OPC",10,108,16,92,FALSE,0.999948155156426
"NR1H3",-0.0112571391508735,3.56123919538903,0.0031397288300794,0.955394717683872,0.990414302646886,TRUE,FALSE,TRUE,FALSE,"Microglia",10,108,16,92,FALSE,0.999948155156426
"SLC5A2",0.00877098699331823,-0.270182297276644,0.00310696365150304,0.955627594793706,0.987131300934302,TRUE,FALSE,TRUE,FALSE,"Granule",10,109,16,93,FALSE,0.999948155156426
"OPRM1",0.00924919715383848,7.09667827014147,0.00298294934264953,0.956549258171479,0.989186780484576,TRUE,FALSE,TRUE,TRUE,"Oligodendrocytes",10,108,16,92,FALSE,0.999948155156426
"TET1",0.00499249720757852,5.98894449703636,0.0028853450584072,0.957255104998562,0.989815358975952,TRUE,FALSE,TRUE,TRUE,"Astrocytes",10,108,16,92,FALSE,0.999948155156426
"TDP1",0.00928724037320414,5.2963266822483,0.00287522722354683,0.957327118879547,0.997690474342072,TRUE,FALSE,TRUE,FALSE,"Endocytes",10,107,16,91,FALSE,0.999948155156426
"SRC",-0.0108846150446957,3.65943032091115,0.0027799699489725,0.958025757049099,0.990731578256888,TRUE,FALSE,TRUE,FALSE,"Microglia",10,108,16,92,FALSE,0.999948155156426
"TET1",0.00736230815526217,5.93813059201871,0.0026192354966243,0.959265314280384,0.997493269900255,TRUE,FALSE,TRUE,TRUE,"MLI_2",10,106,16,90,FALSE,0.999948155156426
"SNCA",0.00499160994690869,7.82603623021418,0.00243040493686412,0.960766443590565,0.988493914143177,TRUE,TRUE,TRUE,TRUE,"OPC",10,108,16,92,FALSE,0.999948155156426
"TET1",-0.00564113384206979,5.94149838689196,0.0023472514664409,0.961436514791989,0.993767251627555,TRUE,FALSE,TRUE,TRUE,"Golgi",10,106,16,90,FALSE,0.999948155156426
"LTB4R",-0.00901566488845948,1.5562055359164,0.00226569332323375,0.962109366669519,0.985815121861721,TRUE,FALSE,FALSE,FALSE,"Bergmann",10,108,16,92,FALSE,0.999948155156426
"KDM1A",0.00544827164756467,6.42948427595924,0.00224774720546047,0.962255000033826,0.996372134683047,TRUE,FALSE,TRUE,FALSE,"PLI",10,107,16,91,FALSE,0.999948155156426
"CA9",-0.00905876882014246,2.96746340359822,0.00213736314895784,0.963205878733476,0.986333546462295,TRUE,TRUE,TRUE,TRUE,"Bergmann",10,108,16,92,FALSE,0.999948155156426
"CTNNB1",0.00480611259750076,7.59447266485967,0.00209722472159824,0.963546902419664,0.997493269900255,TRUE,FALSE,TRUE,FALSE,"MLI_2",10,106,16,90,FALSE,0.999948155156426
"PTPN2",0.00389473574375103,6.49394609113632,0.00206527591985837,0.96383121083343,0.991739663358453,TRUE,FALSE,TRUE,FALSE,"Astrocytes",10,108,16,92,FALSE,0.999948155156426
"PTK2",-0.00278815112839468,8.84897088592876,0.00206329795952815,0.96384278257705,0.994697505799791,TRUE,FALSE,FALSE,FALSE,"Golgi",10,106,16,90,FALSE,0.999948155156426
"FDPS",-0.00662635177247533,4.37100522020457,0.0020344329242107,0.964099117105924,0.991739663358453,TRUE,FALSE,TRUE,FALSE,"Astrocytes",10,108,16,92,FALSE,0.999948155156426
"DUSP3",-0.00697042136114117,3.85954314316991,0.00202597208111064,0.964178778774793,0.986809032008691,TRUE,FALSE,FALSE,FALSE,"Bergmann",10,108,16,92,FALSE,0.999948155156426
"EIF4A1",0.0112548985675025,4.23921542338209,0.0020105460520651,0.964298190520195,0.997493269900255,TRUE,FALSE,TRUE,FALSE,"MLI_2",10,106,16,90,FALSE,0.999948155156426
"ADORA1",0.00605662737662801,5.44819408837474,0.0018325851934579,0.965923720050206,0.992745081619201,TRUE,FALSE,TRUE,FALSE,"Microglia",10,108,16,92,FALSE,0.999948155156426
"NR1H2",0.00526958759808996,4.4173259952537,0.00180504674889637,0.966180179354007,0.992311369746137,TRUE,FALSE,TRUE,FALSE,"Oligodendrocytes",10,108,16,92,FALSE,0.999948155156426
"NR3C1",-0.00291171375803077,8.29217592138508,0.00177786687676655,0.96644277920801,0.990537118114974,TRUE,FALSE,FALSE,FALSE,"Granule",10,109,16,93,FALSE,0.999948155156426
"KDM1A",0.00648934692085191,6.81807883067964,0.0013732279834449,0.97048622485658,0.99102089198786,TRUE,FALSE,TRUE,FALSE,"Pericytes",10,102,16,86,FALSE,0.999948155156426
"PTPN11",0.00263584422932505,6.14296115056018,0.00125113427305214,0.971846969385185,0.990166925067226,TRUE,FALSE,TRUE,TRUE,"Bergmann",10,108,16,92,FALSE,0.999948155156426
"PTPN11",0.00268447325842475,6.30075086378879,0.0011842144504188,0.972607134880454,0.99350256709912,TRUE,FALSE,TRUE,TRUE,"Oligodendrocytes",10,108,16,92,FALSE,0.999948155156426
"PKM",0.00395934944557753,6.12543693404346,0.00109983557029304,0.973603578007547,0.9907529210132,TRUE,FALSE,TRUE,FALSE,"Bergmann",10,108,16,92,FALSE,0.999948155156426
"MAPK10",-0.00259825410905843,8.78657427247563,0.00109119878203176,0.973704537462912,0.99350256709912,TRUE,FALSE,TRUE,FALSE,"Oligodendrocytes",10,108,16,92,FALSE,0.999948155156426
"MAOB",0.00786309484915934,4.44983224012593,0.00106924251665335,0.973963429798104,0.998863000810568,TRUE,TRUE,TRUE,TRUE,"Endocytes",10,107,16,91,FALSE,0.999948155156426
"DOT1L",-0.00609463307641162,5.71130082087238,0.000845153012084146,0.976858145014371,0.998863000810568,TRUE,FALSE,TRUE,FALSE,"Endocytes",10,107,16,91,FALSE,0.999948155156426
"PRKCE",-0.00184610407999633,9.3159129672588,0.000818593138848405,0.977220774018981,0.995246225099023,TRUE,FALSE,TRUE,TRUE,"Golgi",10,106,16,90,FALSE,0.999948155156426
"PTK2",-0.00164941343440474,8.75724284988708,0.0006702097617984,0.979389417618844,0.99612221313638,TRUE,FALSE,FALSE,FALSE,"Microglia",10,108,16,92,FALSE,0.999948155156426
"MAOB",0.00407397792059316,4.3735114482499,0.000546637681279861,0.98138143141608,0.995979932875106,TRUE,TRUE,TRUE,TRUE,"Golgi",10,106,16,90,FALSE,0.999948155156426
"PLK1",0.00475435363990301,1.89976240791225,0.00054101615827255,0.981480379018833,0.994400862047654,TRUE,FALSE,TRUE,FALSE,"Bergmann",10,108,16,92,FALSE,0.999948155156426
"HSP90AB1",-0.00463445511250088,7.28607129663473,0.000527011075368715,0.98172932001868,0.996212531915868,TRUE,FALSE,TRUE,FALSE,"Microglia",10,108,16,92,FALSE,0.999948155156426
"KDM1A",0.00208456788640207,6.24327378680723,0.000472904724039796,0.982685213304647,0.996295033365232,TRUE,FALSE,TRUE,FALSE,"Golgi",10,106,16,90,FALSE,0.999948155156426
"HIF1A",0.00236305218196989,6.58198194025523,0.000470336229292945,0.982729307350298,0.997550088709544,TRUE,FALSE,TRUE,FALSE,"PLI",10,107,16,91,FALSE,0.999948155156426
"SNCA",-0.0026151683745257,7.75094890496529,0.0004670165416775,0.982797659548049,0.996295033365232,TRUE,TRUE,TRUE,TRUE,"Golgi",10,106,16,90,FALSE,0.999948155156426
"SGMS1",-0.0016607797927148,7.42795022504073,0.000425523411284078,0.983576240793252,0.997497612849127,TRUE,FALSE,FALSE,FALSE,"Purkinje",10,108,16,92,FALSE,0.999948155156426
"MGLL",-0.00136034790060199,7.32497828098171,0.000424384722933121,0.983601128235372,0.99498016006414,TRUE,FALSE,TRUE,FALSE,"Bergmann",10,108,16,92,FALSE,0.999948155156426
"KDM6B",-0.00326203332012678,5.34823231474371,0.000403684216029484,0.984006711087704,0.997812095038268,TRUE,FALSE,TRUE,FALSE,"MLI_1",10,108,16,92,FALSE,0.999948155156426
"YWHAG",0.00230874969374569,6.27936674929629,0.000396554644254537,0.984147884725625,0.995231839104006,TRUE,FALSE,TRUE,FALSE,"Bergmann",10,108,16,92,FALSE,0.999948155156426
"IGF1R",0.00143569004554132,8.71546016818158,0.000358044863839394,0.984937092459656,0.995450311168207,TRUE,FALSE,TRUE,FALSE,"Granule",10,109,16,93,FALSE,0.999948155156426
"PRKCH",0.00688509308261157,4.59135376121374,0.000341055552745975,0.985287289305883,0.998809901424455,TRUE,FALSE,TRUE,TRUE,"UBC",10,107,16,91,FALSE,0.999948155156426
"PRKCD",0.00385861301713893,3.84348528510301,0.000318260810976233,0.985797176207459,0.997812095038268,TRUE,FALSE,TRUE,TRUE,"MLI_1",10,108,16,92,FALSE,0.999948155156426
"PPARG",-0.00259344764426895,5.30015041806471,0.00030664148824964,0.986051249091225,0.998021680945133,TRUE,TRUE,TRUE,TRUE,"PLI",10,107,16,91,FALSE,0.999948155156426
"PPARD",-0.00148542069046098,5.49254513956306,0.00027638885804706,0.986765610607226,0.996317388755898,TRUE,FALSE,TRUE,FALSE,"Bergmann",10,108,16,92,FALSE,0.999948155156426
"CA3",-0.00318596815967235,4.68608605269839,0.000268204108855052,0.986957755410689,0.997493269900255,TRUE,FALSE,TRUE,FALSE,"MLI_2",10,106,16,90,FALSE,0.999948155156426
"FDPS",-0.00218808704335232,4.52216810671697,0.000246938377268801,0.987487587643679,0.99692575614642,TRUE,FALSE,TRUE,FALSE,"OPC",10,108,16,92,FALSE,0.999948155156426
"ADORA1",-0.00240912506862576,5.64618493823982,0.000205939334120448,0.988571100278446,0.998809901424455,TRUE,FALSE,TRUE,FALSE,"UBC",10,107,16,91,FALSE,0.999948155156426
"ERCC5",0.00116642667126574,6.0346443512134,0.000171326864929319,0.989580073537252,0.996583794482458,TRUE,FALSE,FALSE,FALSE,"Bergmann",10,108,16,92,FALSE,0.999948155156426
"POLA1",0.00175507153931613,7.4973916385884,0.000136335318828869,0.990699153154643,0.997590572585993,TRUE,FALSE,TRUE,FALSE,"Pericytes",10,102,16,86,FALSE,0.999948155156426
"HIF1A",-0.00148599415777595,6.65871298630621,9.98863270295941e-05,0.992040835456125,0.998809901424455,TRUE,FALSE,TRUE,FALSE,"UBC",10,107,16,91,FALSE,0.999948155156426
"SGMS1",-0.000564163226955484,7.40757565673265,7.88477021463432e-05,0.992931066892527,0.99776814679902,TRUE,FALSE,FALSE,FALSE,"Bergmann",10,108,16,92,FALSE,0.999948155156426
"ADCY10",-0.00332949369989363,4.55002886340093,7.10889489594006e-05,0.993285994876911,0.997956949167686,TRUE,FALSE,FALSE,FALSE,"Purkinje",10,108,16,92,FALSE,0.999948155156426
"OPRM1",-0.00141709228375528,7.24791602118353,6.6369367336129e-05,0.993515738639773,0.999114005402083,TRUE,FALSE,TRUE,TRUE,"PLI",10,107,16,91,FALSE,0.999948155156426
"MAOB",-0.000828402909288269,4.13988535519833,3.96463905818591e-05,0.994987186114914,0.99843195803798,TRUE,TRUE,TRUE,TRUE,"Granule",10,109,16,93,FALSE,0.999948155156426
"FYN",0.000497974766680691,8.16798016500935,2.96595846544401e-05,0.995662898499983,0.999077821703618,TRUE,FALSE,TRUE,FALSE,"UBC",10,107,16,91,FALSE,0.999948155156426
"ALOX5",0.000848670022904073,6.39038955312773,2.94186496911829e-05,0.995682184242221,0.998937765287218,TRUE,TRUE,TRUE,TRUE,"Microglia",10,108,16,92,FALSE,0.999948155156426
"NR3C1",-5.16257700681374e-05,8.2622481658649,4.98303564851424e-07,0.999437975426671,0.999726620515597,TRUE,FALSE,FALSE,FALSE,"Oligodendrocytes",10,108,16,92,FALSE,0.999948155156426
"YWHAG",-9.27208350825208e-05,6.6533413866468,4.02117241470262e-07,0.999495147210573,0.999936142513174,TRUE,FALSE,TRUE,FALSE,"Endocytes",10,107,16,91,FALSE,0.999948155156426
"SNCA",5.56839528844713e-05,7.82202794070845,2.02589373813913e-07,0.999641629102109,0.999877375485627,TRUE,TRUE,TRUE,TRUE,"MLI_2",10,106,16,90,FALSE,0.999948155156426
"CA13",2.11599556357868e-05,3.9209618584747,9.55420821021167e-08,0.999753916525835,0.999892258857458,TRUE,FALSE,TRUE,FALSE,"Granule",10,109,16,93,FALSE,0.999948155156426
"NR1H3",-0.000244283607319631,3.24235552711613,4.23806916896595e-09,0.999948155156426,0.999970030761395,TRUE,FALSE,TRUE,FALSE,"Oligodendrocytes",10,108,16,92,FALSE,0.999948155156426
"NR4A1",-2.72868263273194,3.07153705749325,43.9243823070175,5.26258672836575e-10,6.36720368264972e-06,TRUE,FALSE,TRUE,FALSE,"Astrocytes",20,108,16,92,TRUE,6.14670129873119e-07
"TLR4",1.04195992299004,3.92336336868961,30.1659980343848,2.54666553425451e-07,0.000170406040418467,TRUE,FALSE,TRUE,FALSE,"Bergmann",20,108,16,92,TRUE,7.56107287200097e-05
"PPARA",0.774070075969459,4.80353668311907,30.0231552725619,2.68612365828644e-07,0.000172542120065546,TRUE,FALSE,TRUE,TRUE,"Bergmann",20,108,16,92,TRUE,7.56107287200097e-05
"EGFR",1.26632747922132,3.90838690442952,29.1544040402673,3.57617792634927e-07,0.000100356493058176,TRUE,FALSE,FALSE,FALSE,"Oligodendrocytes",20,107,16,91,TRUE,7.56107287200097e-05
"NR4A1",-2.49754821581383,3.31602014209369,28.42753820961,3.85440262137449e-07,0.000251165046606514,TRUE,FALSE,TRUE,FALSE,"OPC",20,107,16,91,TRUE,7.56107287200097e-05
"MAOA",1.13054084883886,2.82587904637451,28.9063127087716,3.88411277671283e-07,0.000196085689507637,TRUE,FALSE,TRUE,FALSE,"Bergmann",20,108,16,92,TRUE,7.56107287200097e-05
"TLR4",1.46944537857272,2.25082635511684,26.0314156814805,9.75347196322775e-07,0.000220259290408514,TRUE,FALSE,TRUE,FALSE,"Oligodendrocytes",20,107,16,91,TRUE,0.000162743646472143
"TLR4",1.13019732684452,0.896642164294777,26.0045371721863,1.28154923214406e-06,0.000796313819150739,TRUE,FALSE,TRUE,FALSE,"Granule",20,109,16,93,TRUE,0.000171580416135786
"EGFR",1.17367113285423,2.95647160652638,26.1582107379888,1.32210937090931e-06,0.000796313819150739,TRUE,FALSE,FALSE,FALSE,"Granule",20,109,16,93,TRUE,0.000171580416135786
"NR4A1",-3.07370542290374,3.36106251399607,23.0306040265873,3.87855634809051e-06,0.012514162057114,TRUE,FALSE,TRUE,FALSE,"MLI_1",20,108,16,92,TRUE,0.000453015381456972
"EGFR",1.34031353275539,4.3454635218609,22.9189783498367,4.55714202858157e-06,0.00117962961745725,TRUE,FALSE,FALSE,FALSE,"Golgi",20,106,16,90,TRUE,0.000483885626307571
"CBS",1.65738598559166,0.977636124804095,21.5647753531914,7.16403065612211e-06,0.00109022160638918,TRUE,FALSE,FALSE,FALSE,"Bergmann",20,108,16,92,TRUE,0.000697298983862552
"PRKCA",0.830034593552038,6.61512767986516,22.1863255632695,7.80150901252878e-06,0.00176054053382733,TRUE,FALSE,TRUE,TRUE,"Golgi",20,106,16,90,TRUE,0.000700935578971817
"ERBB2",0.986065506178964,2.61257919412471,20.0370182953909,1.74515752403048e-05,0.00167505033384098,TRUE,FALSE,FALSE,FALSE,"Bergmann",20,108,16,92,TRUE,0.00145595999147686
"NR4A1",-2.35190839161463,3.56675421027417,19.1792089909079,2.309750234765e-05,0.00241180896606856,TRUE,FALSE,TRUE,FALSE,"Oligodendrocytes",20,107,16,91,TRUE,0.00179852551613701
"EGFR",0.984368174872242,3.92073949957955,18.3606141327304,3.49515304097412e-05,0.00894127165340161,TRUE,FALSE,FALSE,FALSE,"Microglia",20,107,16,91,TRUE,0.00255146171991111
"NR4A1",-2.39681577411881,3.41386334733682,17.9586428777636,4.59964896100688e-05,0.0029890559259835,TRUE,FALSE,TRUE,FALSE,"Bergmann",20,108,16,92,TRUE,0.00316022940379767
"PRKCA",0.659695257057856,6.3584548476444,17.6242614644293,5.31355068663434e-05,0.023150174241541,TRUE,FALSE,TRUE,TRUE,"MLI_2",20,104,16,88,TRUE,0.00326330717493534
"EGFR",0.73280583946568,5.54039834724547,17.6988535259151,5.43588073867954e-05,0.00791783993242252,TRUE,FALSE,FALSE,FALSE,"OPC",20,107,16,91,TRUE,0.00326330717493534
"TLR4",0.93140334076688,3.40757051597002,17.2787569345324,5.58785475160161e-05,0.0102435537332769,TRUE,FALSE,TRUE,FALSE,"Astrocytes",20,108,16,92,TRUE,0.00326330717493534
"PRKCA",0.859125686199928,7.00829955927827,17.4715742716088,6.26253895093915e-05,0.00867100705582117,TRUE,FALSE,TRUE,TRUE,"Endocytes",20,103,16,87,TRUE,0.00348316452128425
"KAT2B",0.398410760309868,7.2643289795075,17.1997168723421,6.59616920097786e-05,0.00367208739418437,TRUE,FALSE,FALSE,FALSE,"Bergmann",20,108,16,92,TRUE,0.0035019661939737
"EGFR",0.986218345705345,5.50821556534025,17.0570664409136,7.31053545352149e-05,0.0116381800594943,TRUE,FALSE,FALSE,FALSE,"Astrocytes",20,108,16,92,TRUE,0.00371248061291874
"NR4A1",-2.34029395269452,3.67331297568146,15.1305735237867,0.000175735097173577,0.0154545190602241,TRUE,FALSE,TRUE,FALSE,"Granule",20,109,16,93,TRUE,0.00829415303915679
"MME",-1.45270011378353,3.45246765339747,14.9827692821423,0.00017752896059839,0.020373833113628,TRUE,FALSE,TRUE,FALSE,"Astrocytes",20,108,16,92,TRUE,0.00829415303915679
"HDAC1",0.643858628437229,2.56110359423089,14.8827702174225,0.000185693681551739,0.00691549116154956,TRUE,FALSE,TRUE,FALSE,"Bergmann",20,108,16,92,TRUE,0.00834193154047811
"EGFR",1.16248246076011,3.96746790031811,14.1024359942126,0.000250344799391048,0.0558036023758882,TRUE,FALSE,FALSE,FALSE,"MLI_2",20,104,16,88,TRUE,0.0108297305810646
"AR",0.803112601460068,1.68581890499723,13.8072568795706,0.000298177153405131,0.00920491060816838,TRUE,FALSE,TRUE,FALSE,"Bergmann",20,108,16,92,TRUE,0.012438246970614
"NR4A1",-1.94610325953327,3.40157693040436,13.5421146757522,0.000317978517536399,0.0425233722783106,TRUE,FALSE,TRUE,FALSE,"Microglia",20,107,16,91,TRUE,0.0128068589131901
"CA12",0.856901079323845,0.704429296720319,13.4821649100555,0.000359294915081606,0.0228369999405773,TRUE,TRUE,TRUE,TRUE,"Granule",20,109,16,93,TRUE,0.0139885486938439
"HSD11B1",0.688121686738289,2.73352578269022,13.1789443207937,0.000391750715348485,0.0206936554342905,TRUE,FALSE,TRUE,FALSE,"Oligodendrocytes",20,107,16,91,TRUE,0.0143897517115432
"PDE4B",-0.577700196815067,8.14432197373084,13.4566196639717,0.000394239772918993,0.0865292714497041,TRUE,FALSE,TRUE,FALSE,"PLI",20,105,16,89,TRUE,0.0143897517115432
"PRKCA",0.567182192922971,5.94864205165463,12.7893327452654,0.000493033121039928,0.0931832598765465,TRUE,FALSE,TRUE,TRUE,"PLI",20,105,16,89,TRUE,0.017450384405292
"EGFR",0.712343523217787,6.31957364765156,12.6547179647477,0.0005655193844929,0.0130994996399666,TRUE,FALSE,FALSE,FALSE,"Bergmann",20,108,16,92,TRUE,0.0194272541496384
"PPARA",0.504899137555468,4.40271344638902,12.4534692963548,0.000588478068255384,0.0375564276446902,TRUE,FALSE,TRUE,TRUE,"OPC",20,107,16,91,TRUE,0.0196383538206368
"PPARA",0.537027906173087,4.69956377581662,12.2510425269596,0.000657031048684169,0.0368028641575452,TRUE,FALSE,TRUE,TRUE,"Astrocytes",20,108,16,92,TRUE,0.0211232338185366
"MME",-1.61977677400288,3.70104588152009,12.1311677873906,0.000669143537059808,0.107064603311163,TRUE,FALSE,TRUE,FALSE,"MLI_2",20,104,16,88,TRUE,0.0211232338185366
"PDE4B",-0.632102208026533,8.55100107297715,12.256577050767,0.000707865956235309,0.0726527876899695,TRUE,FALSE,TRUE,FALSE,"Pericytes",20,101,16,85,TRUE,0.0217575641284958
"MME",-1.38771651609209,3.15403933168726,11.9746542314886,0.000776599620564092,0.0161117891466347,TRUE,FALSE,TRUE,FALSE,"Bergmann",20,108,16,92,TRUE,0.0232581629953554
"APEX1",-0.56321271497614,3.34627161794938,11.5425722483379,0.000897533890504598,0.0439646256729358,TRUE,FALSE,FALSE,FALSE,"Astrocytes",20,108,16,92,TRUE,0.0262079896027343
"ALK",0.574436625514865,4.81082905447827,11.4937728747587,0.000975641833543156,0.0183080834404542,TRUE,FALSE,FALSE,FALSE,"Bergmann",20,108,16,92,TRUE,0.0277938941848392
"NR4A1",-1.44324644979384,4.89507770630043,11.2642509070529,0.00107832366719614,0.0760086333404725,TRUE,FALSE,TRUE,FALSE,"Endocytes",20,103,16,87,TRUE,0.029987667697264
"MAOA",0.851443751539345,2.65696506653007,10.8389315181947,0.00123282609091869,0.0626462870145402,TRUE,FALSE,TRUE,FALSE,"OPC",20,107,16,91,TRUE,0.0334869970742564
"PRKCA",0.504455673049443,5.71756672169904,10.9270154354648,0.00128773662232987,0.0491584387006663,TRUE,FALSE,TRUE,TRUE,"Granule",20,109,16,93,TRUE,0.0341835539745746
"PRKCG",-0.58424587639776,5.07886705548272,10.664073683608,0.00133110715566951,0.148081767292252,TRUE,FALSE,TRUE,TRUE,"PLI",20,105,16,89,TRUE,0.0345496257293776
"TRPV3",0.691348229949554,2.0924371926522,10.623275290063,0.00144198339054364,0.0231515435032274,TRUE,FALSE,TRUE,FALSE,"Bergmann",20,108,16,92,TRUE,0.0366138391338038
"PDE4B",-0.639749354694688,8.02027871402585,10.451992837812,0.00164061186297869,0.0568842187419223,TRUE,FALSE,TRUE,FALSE,"Granule",20,109,16,93,TRUE,0.0407709501267897
"EGFR",0.888935405385059,4.15279131845212,10.1723507237639,0.00178226315389902,0.277961428340595,TRUE,FALSE,FALSE,FALSE,"Purkinje",20,108,16,92,TRUE,0.0421959125071229
"MME",-1.33803428591459,3.33646206430133,10.115727287624,0.00181742258051157,0.112235941138703,TRUE,FALSE,TRUE,FALSE,"Microglia",20,107,16,91,TRUE,0.0421959125071229
"PRKCA",0.459065389967188,6.49091443967122,10.1397210687252,0.00184721595026171,0.277961428340595,TRUE,FALSE,TRUE,TRUE,"Purkinje",20,108,16,92,TRUE,0.0421959125071229
"PPARA",0.389744591254751,3.73428507244483,10.1429203444661,0.00186962848327996,0.061986474622262,TRUE,FALSE,TRUE,TRUE,"Granule",20,109,16,93,TRUE,0.0421959125071229
"PPARA",0.623319719408425,4.43412416162138,10.0535355342903,0.00187858514586506,0.0978309341346651,TRUE,FALSE,TRUE,TRUE,"Golgi",20,106,16,90,TRUE,0.0421959125071229
"PRKCA",0.673363601248664,7.75103234911594,10.1389368129078,0.00192142349469753,0.066644936229058,TRUE,FALSE,TRUE,TRUE,"Astrocytes",20,108,16,92,TRUE,0.0423438234303153
"MAOA",0.870128641117915,3.496756316859,9.57697556246705,0.00241221128218389,0.0744736956056033,TRUE,FALSE,TRUE,FALSE,"Astrocytes",20,108,16,92,TRUE,0.0517467979493701
"PRKCA",0.418293611368882,7.68731096861678,9.65215246146815,0.00243670709521863,0.0884717611316769,TRUE,FALSE,TRUE,TRUE,"OPC",20,107,16,91,TRUE,0.0517467979493701
"F3",0.778530068772031,-0.0382325264139029,9.39008089674045,0.00264523875959827,0.0731590714596548,TRUE,FALSE,TRUE,FALSE,"Granule",20,109,16,93,TRUE,0.0551721227001926
"YWHAG",0.425394876422901,6.67421967666776,9.18136686400118,0.00296325018652831,0.217750122825866,TRUE,FALSE,TRUE,FALSE,"UBC",20,103,16,87,TRUE,0.0607206354011416
"KAT2B",0.27274879179995,7.06731131261569,9.13676127553554,0.00308897084471937,0.0853275302517343,TRUE,FALSE,FALSE,FALSE,"Astrocytes",20,108,16,92,TRUE,0.0622054818384866
"FYN",0.223352118916963,8.40197968936542,8.90417628857752,0.00349723200284357,0.0418090706367147,TRUE,FALSE,TRUE,FALSE,"Bergmann",20,108,16,92,TRUE,0.0692333386325643
"PTPN1",-0.236531687871722,5.88123208312969,8.78748994419305,0.00368294110486298,0.317051182676051,TRUE,TRUE,TRUE,TRUE,"MLI_1",20,108,16,92,TRUE,0.0716945868413326
"POLA1",-0.222637579602029,6.83757570211105,8.74359290570564,0.00379413654037543,0.0445297781874983,TRUE,FALSE,TRUE,FALSE,"Bergmann",20,108,16,92,TRUE,0.0725999836169719
"EGFR",0.682456300558142,3.45302704809744,8.67664704292826,0.00385376625364063,0.320881982383781,TRUE,FALSE,FALSE,FALSE,"MLI_1",20,108,16,92,TRUE,0.0725999836169719
"PDE4D",0.415560305477585,8.94183146352144,8.65433911840028,0.00400367869084881,0.0462416582405713,TRUE,FALSE,TRUE,FALSE,"Bergmann",20,108,16,92,TRUE,0.0742269319192288
"PRKCA",0.606716764157063,8.35687397053892,8.62582685388506,0.00408411362570512,0.0469312916171684,TRUE,FALSE,TRUE,TRUE,"Bergmann",20,108,16,92,TRUE,0.0745350736691185
"HSD11B1",0.558244155448495,1.05287763347799,8.07446438459982,0.0052798792259217,0.106452069652881,TRUE,FALSE,TRUE,FALSE,"Granule",20,109,16,93,TRUE,0.0948753682442545
"APEX1",-0.497854804720148,3.38173051432087,7.95029333043646,0.00558675269014261,0.357717426612718,TRUE,FALSE,FALSE,FALSE,"MLI_1",20,108,16,92,TRUE,0.097911366693596
"KDR",0.463127955609736,-0.447812658868036,7.8873239670167,0.00566586954067843,0.110186122237409,TRUE,FALSE,TRUE,FALSE,"Granule",20,109,16,93,TRUE,0.097911366693596
"STS",0.56020719200221,5.82972113958345,7.95556923004379,0.00570031929380525,0.359104490265801,TRUE,FALSE,TRUE,FALSE,"Purkinje",20,108,16,92,TRUE,0.097911366693596
"PPARA",0.401795899339103,4.24640120914219,7.88074217028756,0.00582092338791381,0.124252105518543,TRUE,FALSE,TRUE,TRUE,"Oligodendrocytes",20,107,16,91,TRUE,0.0985338915519324
"MAOA",0.48088452301173,0.647627453220543,7.80989336078015,0.00602560310489092,0.113731039816819,TRUE,FALSE,TRUE,FALSE,"Granule",20,109,16,93,TRUE,0.100541491807323
"PDE4B",-0.424421241062268,8.21575027862601,7.75767786585488,0.0063601317025797,0.358444802417002,TRUE,FALSE,TRUE,FALSE,"MLI_1",20,108,16,92,TRUE,0.104628645473424
"YWHAG",0.375234763587248,6.78826242363361,7.68156492499097,0.00654555189178869,0.193313430200108,TRUE,FALSE,TRUE,FALSE,"Golgi",20,106,16,90,TRUE,0.106183397355683
"TOP2B",-0.258247848513572,7.2633351381193,7.52340695909707,0.00709907583966441,0.0661616437490152,TRUE,FALSE,TRUE,FALSE,"Bergmann",20,108,16,92,TRUE,0.113515593877556
"PRKCA",0.501493526100703,6.79524743402659,7.52178683473857,0.00719191262580406,0.304001705471104,TRUE,FALSE,TRUE,TRUE,"UBC",20,103,16,87,TRUE,0.113515593877556
"TRPV3",0.370789606106212,0.774894081553966,7.39052386182179,0.00751157896219322,0.128643776563319,TRUE,FALSE,TRUE,FALSE,"Granule",20,109,16,93,TRUE,0.116355425750392
"MME",-1.08327421500739,3.36237161184855,7.38371213349159,0.00757107222348441,0.165608314381831,TRUE,FALSE,TRUE,FALSE,"OPC",20,107,16,91,TRUE,0.116355425750392
"SGMS2",-0.318701014292652,3.74804775346113,7.33783532011447,0.00781089406028557,0.0702097641016304,TRUE,FALSE,FALSE,FALSE,"Bergmann",20,108,16,92,TRUE,0.118482133278098
"PDE4B",-0.476020170048172,8.1723443483283,7.3269289635326,0.00796835598305178,0.243341332713197,TRUE,FALSE,TRUE,FALSE,"Microglia",20,107,16,91,TRUE,0.119321022925699
"CA12",0.854322897017232,3.91902978926818,7.17938350042331,0.00829364639178547,0.381767899279384,TRUE,TRUE,TRUE,TRUE,"Purkinje",20,108,16,92,TRUE,0.122619987159562
"PRKCE",-0.177674443149226,9.10487511246893,7.16321714301238,0.00856505570500177,0.0739250621856509,TRUE,FALSE,TRUE,TRUE,"Bergmann",20,108,16,92,TRUE,0.124261089804221
"AKR1C3",0.627254879288026,1.23552507275779,7.09620514806396,0.00861742146758724,0.0740707956408515,TRUE,TRUE,TRUE,TRUE,"Bergmann",20,108,16,92,TRUE,0.124261089804221
"PTPN1",-0.176648453685318,5.78888235994293,6.83976570001694,0.0101513500112184,0.0819814780161306,TRUE,TRUE,TRUE,TRUE,"Bergmann",20,108,16,92,TRUE,0.143646372127986
"CA12",0.682711455516241,3.6289896267991,6.83359443689437,0.0102310695925461,0.0823862551905077,TRUE,TRUE,TRUE,TRUE,"Bergmann",20,108,16,92,TRUE,0.143646372127986
"HDAC6",0.194574495747586,5.59472458862073,6.8054710812133,0.0103307322420812,0.150031219206674,TRUE,FALSE,FALSE,FALSE,"Granule",20,109,16,93,TRUE,0.143646372127986
"MME",-1.07014385436306,3.2904828076455,6.70418341642688,0.0108189980410867,0.175811589866693,TRUE,FALSE,TRUE,FALSE,"Oligodendrocytes",20,107,16,91,TRUE,0.147705848980784
"GSK3B",-0.139940413179075,8.05252565712091,6.70887918655091,0.0108756018941331,0.0851539743243866,TRUE,FALSE,TRUE,FALSE,"Bergmann",20,108,16,92,TRUE,0.147705848980784
"ERCC5",0.232438615678742,6.08376258828807,6.48902897445896,0.0121522556723801,0.202806864604572,TRUE,FALSE,FALSE,FALSE,"OPC",20,107,16,91,TRUE,0.162006987220463
"NR1H3",0.435743086265815,3.45481249607349,6.45695095728249,0.0122060058864733,0.180980962279951,TRUE,FALSE,TRUE,FALSE,"Astrocytes",20,108,16,92,TRUE,0.162006987220463
"PRKCA",0.403811571049702,6.62832787121101,6.41703987232373,0.0127987026014582,0.189657342180024,TRUE,FALSE,TRUE,TRUE,"Oligodendrocytes",20,107,16,91,TRUE,0.167964995938238
"HSD11B1",0.640464903796543,3.94596623058208,6.33015370076469,0.0133597292915408,0.0966309393235266,TRUE,FALSE,TRUE,FALSE,"Bergmann",20,108,16,92,TRUE,0.173379597916885
"ADRA2A",-0.584518661959426,0.446658507223261,6.21422080500947,0.0139504414876344,0.177301625062066,TRUE,FALSE,TRUE,FALSE,"Granule",20,109,16,93,TRUE,0.179056216017109
"TRPV1",0.269027156989688,5.16874008223701,6.20797446536285,0.0141222786329229,0.200239045458392,TRUE,FALSE,TRUE,FALSE,"Oligodendrocytes",20,107,16,91,TRUE,0.179291537426674
"NR3C1",-0.18291820413133,8.16951029927828,6.1863777366786,0.0143561067538988,0.101207825621302,TRUE,FALSE,FALSE,FALSE,"Bergmann",20,108,16,92,TRUE,0.180300351489825
"PPARA",0.566877648366161,4.74935213037685,6.12265869587672,0.0147330484321032,0.322954885347541,TRUE,FALSE,TRUE,TRUE,"Endocytes",20,103,16,87,TRUE,0.183065963496772
"PTPN11",-0.192412252438299,6.19258634926079,6.09536327554041,0.0150247992467017,0.201535527811357,TRUE,FALSE,TRUE,TRUE,"Astrocytes",20,108,16,92,TRUE,0.184725952843659
"PDE4D",0.334581583222423,8.52842357308982,6.03095532849569,0.0155895770746504,0.307294034836001,TRUE,FALSE,TRUE,FALSE,"Pericytes",20,101,16,85,TRUE,0.18967318774158
"YWHAG",0.265113247571343,6.46337320359628,5.83302839439216,0.0172590357385702,0.330778347017149,TRUE,FALSE,TRUE,FALSE,"Microglia",20,107,16,91,TRUE,0.207820141676804
"MME",-0.998785669776881,3.11916499365134,5.79402416012137,0.0178000446163351,0.198130578755644,TRUE,FALSE,TRUE,FALSE,"Granule",20,109,16,93,TRUE,0.211332611467851
"SGMS2",-0.19291714021942,3.89333022752575,5.77087123287963,0.0179126100473607,0.198264921980638,TRUE,FALSE,FALSE,FALSE,"Granule",20,109,16,93,TRUE,0.211332611467851
"HDAC6",0.324098108820379,5.76797366511839,5.68701596539654,0.0185931504388067,0.335366082223987,TRUE,FALSE,FALSE,FALSE,"Golgi",20,106,16,90,TRUE,0.217167997125262
"APP",-0.222910136781575,8.34311586314989,5.66894887720216,0.0189652288141129,0.12041164724743,TRUE,TRUE,TRUE,TRUE,"Bergmann",20,108,16,92,TRUE,0.21932066588994
"PTPN1",-0.283683787592949,5.97728759618022,5.59981517376409,0.0195358569552544,0.462348614607686,TRUE,TRUE,TRUE,TRUE,"MLI_2",20,104,16,88,TRUE,0.221546976006991
"PRKCE",-0.167013942002341,9.20506206942985,5.59364505901081,0.0195371049047261,0.455665427008934,TRUE,FALSE,TRUE,TRUE,"UBC",20,103,16,87,TRUE,0.221546976006991
"KAT2B",0.263016257401044,6.89109758910614,5.52077387287478,0.0205493655629416,0.377964253315432,TRUE,FALSE,FALSE,FALSE,"Endocytes",20,103,16,87,TRUE,0.228165083789343
"PPARD",0.337400938874878,5.66391035469789,5.50718384280346,0.0205528805732458,0.519431595736808,TRUE,FALSE,TRUE,FALSE,"Purkinje",20,108,16,92,TRUE,0.228165083789343
"TET2",0.269172096724463,5.83633639262404,5.50729922274336,0.0207067627411561,0.127846079312402,TRUE,FALSE,TRUE,TRUE,"Bergmann",20,108,16,92,TRUE,0.228165083789343
"MAPK10",0.16855976667017,9.00097783004119,5.44963355168586,0.0212208228047161,0.522179765432627,TRUE,FALSE,TRUE,FALSE,"Purkinje",20,108,16,92,TRUE,0.23164412183092
"MAPK10",0.245862696213812,9.20822195335371,5.43877778679899,0.021460817057487,0.236179647163882,TRUE,FALSE,TRUE,FALSE,"Astrocytes",20,108,16,92,TRUE,0.232094762251341
"PRKCA",0.3506738260838,6.80280768497828,5.42426665296805,0.0217578570702682,0.368128370156928,TRUE,FALSE,TRUE,TRUE,"Microglia",20,107,16,91,TRUE,0.233148413376819
"MME",-0.9418597159911,3.16433646799724,5.3942432829954,0.0219634974136282,0.502034461451786,TRUE,FALSE,TRUE,FALSE,"MLI_1",20,108,16,92,TRUE,0.23321240890107
"PPARD",-0.457533258944723,6.34651973129924,5.24414172099031,0.0240553299754625,0.40606483692253,TRUE,FALSE,TRUE,FALSE,"Endocytes",20,103,16,87,TRUE,0.253122751453515
"DYRK1A",-0.223443920631527,8.54620017721405,5.13323497673527,0.0248810678067133,0.343274045472831,TRUE,FALSE,TRUE,TRUE,"Pericytes",20,101,16,85,TRUE,0.259473992841439
"KDM1A",-0.179932102228519,6.05408435152687,5.0936098673617,0.0259665655745232,0.147856168215956,TRUE,FALSE,TRUE,FALSE,"Bergmann",20,108,16,92,TRUE,0.268296950364643
"CTNNB1",0.191800283458963,7.66347536796313,5.06803178871227,0.0262186886249863,0.393662873658468,TRUE,FALSE,TRUE,FALSE,"Microglia",20,107,16,91,TRUE,0.268296950364643
"CNR1",-0.319349437524006,5.41052394435985,5.05968041306649,0.0264851450704945,0.149334371310712,TRUE,TRUE,TRUE,TRUE,"Bergmann",20,108,16,92,TRUE,0.268296950364643
"ALK",0.677053677052422,4.17892626778777,5.02395906126365,0.0266459300019679,0.418320119983651,TRUE,FALSE,FALSE,FALSE,"Endocytes",20,103,16,87,TRUE,0.268296950364643
"HDAC6",0.23689283392721,5.67934572738669,4.90863208751945,0.0286895190506426,0.270338388624396,TRUE,FALSE,FALSE,FALSE,"Astrocytes",20,108,16,92,TRUE,0.286404771377355
"TET3",-0.168709280115114,6.73752146163923,4.87586980607541,0.029202892039081,0.546604588619419,TRUE,FALSE,TRUE,FALSE,"MLI_1",20,108,16,92,TRUE,0.289059134759717
"PDE4D",0.27537894853811,8.29362494818634,4.75687619495593,0.0313439956589419,0.282275067952058,TRUE,FALSE,TRUE,FALSE,"Astrocytes",20,108,16,92,TRUE,0.306693514907435
"NR1H3",0.263601914396608,3.35711595131229,4.74121005216707,0.0315096076959694,0.165467851527889,TRUE,FALSE,TRUE,FALSE,"Bergmann",20,108,16,92,TRUE,0.306693514907435
"BACE1",0.345541420063329,5.93472671701934,4.6506071070193,0.0329053964684085,0.498651276899016,TRUE,FALSE,TRUE,FALSE,"UBC",20,103,16,87,TRUE,0.316012524567405
"MCL1",-0.380920493935283,4.62453621259372,4.63936105658206,0.0330548714294692,0.436155807272501,TRUE,TRUE,TRUE,TRUE,"Golgi",20,106,16,90,TRUE,0.316012524567405
"ACLY",0.456139143630745,4.94045132950136,4.63951797262251,0.0332787162001633,0.461412408622292,TRUE,FALSE,FALSE,FALSE,"Endocytes",20,103,16,87,TRUE,0.316012524567405
"F2",0.270757852706946,0.928603270048044,4.60910968903214,0.0337998288914183,0.2699380073122,TRUE,FALSE,TRUE,FALSE,"Granule",20,109,16,93,TRUE,0.31837258181594
"PTK2",0.14984404628677,8.95522150011739,4.50735641483127,0.0356863288383415,0.503802732739465,TRUE,FALSE,FALSE,FALSE,"UBC",20,103,16,87,TRUE,0.329435992307475
"TDP1",-0.225603713234418,5.02660321295695,4.51732841166157,0.0357675778811607,0.178527889477963,TRUE,FALSE,TRUE,FALSE,"Bergmann",20,108,16,92,TRUE,0.329435992307475
"DAB2IP",-0.223750069881298,8.28945896283403,4.50623546843097,0.0358205231361724,0.590610681423858,TRUE,FALSE,FALSE,FALSE,"Purkinje",20,108,16,92,TRUE,0.329435992307475
"HTR2C",0.342839273711253,0.472693280685813,4.46110591332435,0.0366597861808379,0.280210701317471,TRUE,FALSE,FALSE,FALSE,"Granule",20,109,16,93,TRUE,0.334520548900146
"AR",0.435473082243725,2.98592810741822,4.42097288125368,0.0370798703748229,0.303299497439483,TRUE,FALSE,TRUE,FALSE,"Astrocytes",20,108,16,92,TRUE,0.335730919362737
"HSD17B3",0.427832087700013,2.24815903497094,4.40010433944772,0.0379716156595711,0.18510331381509,TRUE,FALSE,TRUE,FALSE,"Bergmann",20,108,16,92,TRUE,0.340385528261443
"PTPN1",-0.141211348528266,5.82715251111525,4.40087669231028,0.0381768015430214,0.286024274915955,TRUE,TRUE,TRUE,TRUE,"Granule",20,109,16,93,TRUE,0.340385528261443
"SGMS1",-0.146391661707058,7.55862999335141,4.35723369979991,0.0390587741444829,0.317514597300051,TRUE,FALSE,FALSE,FALSE,"Oligodendrocytes",20,107,16,91,TRUE,0.34397283796769
"ALK",0.244897716016139,3.0038959297647,4.34663830760659,0.0393201003390153,0.28915350337677,TRUE,FALSE,FALSE,FALSE,"Granule",20,109,16,93,TRUE,0.34397283796769
"CA12",0.578580872530525,3.80292220654802,4.31794948461258,0.0398568081270999,0.314122957427828,TRUE,TRUE,TRUE,TRUE,"Astrocytes",20,108,16,92,TRUE,0.34397283796769
"GSK3B",-0.126758412759912,8.12093363554043,4.32138384442355,0.0398575133107632,0.314122957427828,TRUE,FALSE,TRUE,FALSE,"Astrocytes",20,108,16,92,TRUE,0.34397283796769
"ALK",0.305990862029804,6.39432601606265,4.3218271426503,0.0400516318181557,0.338969740293602,TRUE,FALSE,FALSE,FALSE,"OPC",20,107,16,91,TRUE,0.34397283796769
"PDE4D",0.197882477053765,8.45403786276881,4.25541627979045,0.0413585501817681,0.472109727820676,TRUE,FALSE,TRUE,FALSE,"Golgi",20,106,16,90,TRUE,0.352604281841643
"KAT2B",0.182863901636208,6.91509768385667,4.15536219891711,0.0437964456589921,0.330312498895086,TRUE,FALSE,FALSE,FALSE,"Oligodendrocytes",20,107,16,91,TRUE,0.370682960360165
"TET2",0.304084412365722,5.7758141515566,4.13360045311387,0.0443882913484832,0.514557019978447,TRUE,FALSE,TRUE,TRUE,"Endocytes",20,103,16,87,TRUE,0.37298938341747
"PRKCE",-0.161222542219234,9.09744914704353,4.06215593829105,0.0460702642023675,0.628125394747241,TRUE,FALSE,TRUE,TRUE,"Purkinje",20,108,16,92,TRUE,0.379815668523074
"PRKCA",0.414821699858983,7.74861813738332,4.04921094027077,0.0470035054033067,0.425670782890374,TRUE,FALSE,TRUE,TRUE,"Pericytes",20,101,16,85,TRUE,0.379815668523074
"BACE1",0.227816785583824,5.55767465702662,4.02349215172832,0.0471215488829176,0.490548575541407,TRUE,FALSE,TRUE,FALSE,"Microglia",20,107,16,91,TRUE,0.379815668523074
"GSK3B",-0.135801032329731,8.21438439119373,4.01737192433141,0.0472462368788476,0.576885580234082,TRUE,FALSE,TRUE,FALSE,"MLI_2",20,104,16,88,TRUE,0.379815668523074
"PPARA",0.32480579415781,3.92896506408305,4.00732276884286,0.0475375312729642,0.611492361423173,TRUE,FALSE,TRUE,TRUE,"MLI_1",20,108,16,92,TRUE,0.379815668523074
"AR",0.430834480198391,-0.12179661507231,3.99674747666824,0.0476118185021271,0.313654389260293,TRUE,FALSE,TRUE,FALSE,"Granule",20,109,16,93,TRUE,0.379815668523074
"SGMS2",-0.426835270834052,4.19585091811455,3.98642777191103,0.0478596492684524,0.57848012388161,TRUE,FALSE,FALSE,FALSE,"MLI_2",20,104,16,88,TRUE,0.379815668523074
"ERCC5",0.240214567673724,6.3033537460089,3.98785906269975,0.0480721701860672,0.637686905102684,TRUE,FALSE,FALSE,FALSE,"Purkinje",20,108,16,92,TRUE,0.379815668523074
"FDFT1",-0.341963024046307,5.22501925645527,3.98998980466625,0.0481273278608005,0.527232232356395,TRUE,FALSE,TRUE,FALSE,"Endocytes",20,103,16,87,TRUE,0.379815668523074
"DOT1L",0.295432777291822,5.54704041198471,3.95971361343009,0.0490721599944316,0.34771278018148,TRUE,FALSE,TRUE,FALSE,"Oligodendrocytes",20,107,16,91,TRUE,0.384673039419437
"PRKCE",-0.11254605312812,9.18265152738987,3.9420028851035,0.0494314305121614,0.366254064135889,TRUE,FALSE,TRUE,TRUE,"OPC",20,107,16,91,TRUE,0.384906072254697
"CA2",0.485574689165422,1.66440071913375,3.87565158258577,0.0511284329712631,0.218655307157854,TRUE,TRUE,TRUE,TRUE,"Bergmann",20,108,16,92,FALSE,0.395483508016128
"SIRT1",-0.190513344496366,5.43131904474699,3.8474317055972,0.0522325451901956,0.350311288390342,TRUE,FALSE,FALSE,FALSE,"Astrocytes",20,108,16,92,FALSE,0.400433628530516
"PRKCB",-0.263387610337958,7.68417303747091,3.8440149541785,0.0525477900492366,0.568418383934827,TRUE,FALSE,TRUE,TRUE,"PLI",20,105,16,89,FALSE,0.400433628530516
"PRKCB",-0.300201505922663,7.33406561613542,3.83593443267055,0.05279689965214,0.222056369665553,TRUE,FALSE,TRUE,TRUE,"Bergmann",20,108,16,92,FALSE,0.400433628530516
"MET",0.450605582206405,-0.572083184271335,3.77815294454569,0.053896860836696,0.333612798607502,TRUE,FALSE,TRUE,TRUE,"Granule",20,109,16,93,FALSE,0.405216335150456
"DYRK1A",-0.164844576935589,8.23824916137824,3.77857675374832,0.0541213598317389,0.558010807981268,TRUE,FALSE,TRUE,TRUE,"UBC",20,103,16,87,FALSE,0.405216335150456
"TOP2B",-0.174785828876225,7.36726587063323,3.7575904637643,0.0550174039933721,0.366329427479349,TRUE,FALSE,TRUE,FALSE,"Oligodendrocytes",20,107,16,91,FALSE,0.407885446333495
"TRPV1",0.223104749684035,5.12659425837411,3.75529638468659,0.0551762846923734,0.227848514103853,TRUE,FALSE,TRUE,FALSE,"Bergmann",20,108,16,92,FALSE,0.407885446333495
"TRPV1",0.253893206882392,5.21563036345112,3.72748007445609,0.0559711110595005,0.363075207026875,TRUE,FALSE,TRUE,FALSE,"Astrocytes",20,108,16,92,FALSE,0.409833623176204
"HIF1A",0.154511618294286,6.64327725675904,3.72221929143591,0.0562381030812834,0.229753561536329,TRUE,FALSE,TRUE,FALSE,"Bergmann",20,108,16,92,FALSE,0.409833623176204
"HDAC6",0.20765506054403,5.62282255149946,3.71449279959,0.0564924771672678,0.230229590329561,TRUE,FALSE,FALSE,FALSE,"Bergmann",20,108,16,92,FALSE,0.409833623176204
"PPARA",0.473547273796979,4.2828943189911,3.6722065695649,0.0574250435038364,0.592094805289725,TRUE,FALSE,TRUE,TRUE,"MLI_2",20,104,16,88,FALSE,0.41136364978969
"YWHAG",0.206388689282054,6.41295789559262,3.67223034824772,0.0578084372552177,0.375239304765726,TRUE,FALSE,TRUE,FALSE,"Oligodendrocytes",20,107,16,91,FALSE,0.41136364978969
"SGMS2",-0.469706636214404,4.11581721647648,3.65404136328604,0.0580871103756686,0.564303076865631,TRUE,FALSE,FALSE,FALSE,"Endocytes",20,103,16,87,FALSE,0.41136364978969
"MAPK10",0.132078956895901,9.03460316345654,3.65783555464826,0.0581121594309066,0.541211762064983,TRUE,FALSE,TRUE,FALSE,"Golgi",20,106,16,90,FALSE,0.41136364978969
"TRPV1",0.272553343166155,5.2612865734746,3.61263455147109,0.0597260181811723,0.5336932621398,TRUE,FALSE,TRUE,FALSE,"Microglia",20,107,16,91,FALSE,0.420240899009694
"DOT1L",0.32613441041414,5.48032679959777,3.59557527564038,0.0605648410337069,0.373252451879177,TRUE,FALSE,TRUE,FALSE,"Astrocytes",20,108,16,92,FALSE,0.423591223517183
"CA4",0.395426813751345,6.18175084727962,3.53913110585839,0.0627841190385071,0.402305388737373,TRUE,FALSE,TRUE,FALSE,"OPC",20,107,16,91,FALSE,0.43305287082524
"LYPLA1",-0.154840464229746,5.00918840971079,3.52653878758002,0.0630140300848161,0.244402535171044,TRUE,FALSE,FALSE,FALSE,"Bergmann",20,108,16,92,FALSE,0.43305287082524
"TOP2B",-0.170696573599569,7.3204460369548,3.51905079580971,0.0632010519376097,0.380811517626066,TRUE,FALSE,TRUE,FALSE,"Astrocytes",20,108,16,92,FALSE,0.43305287082524
"JUN",0.526705046040355,4.58369192374357,3.4986894191192,0.0636933993818728,0.60674801668571,TRUE,FALSE,TRUE,TRUE,"MLI_2",20,104,16,88,FALSE,0.43305287082524
"TET2",0.265070458423947,5.59857438456362,3.48985998863362,0.063771484402347,0.596952702208884,TRUE,FALSE,TRUE,TRUE,"PLI",20,105,16,89,FALSE,0.43305287082524
"GSK3B",-0.105565188331406,8.13212992639191,3.49172409556992,0.0642177376515013,0.392474104430909,TRUE,FALSE,TRUE,FALSE,"Oligodendrocytes",20,107,16,91,FALSE,0.433210632134619
"KDM6B",0.340620919502907,5.54444997972368,3.48546997676119,0.0645365154036161,0.542653483529952,TRUE,FALSE,TRUE,FALSE,"Microglia",20,107,16,91,FALSE,0.433210632134619
"CNR1",-0.242576775355597,5.54939114351884,3.47344792007529,0.0649231855802769,0.394103339236742,TRUE,TRUE,TRUE,TRUE,"Oligodendrocytes",20,107,16,91,FALSE,0.433315890044362
"KAT2B",0.177953695047826,6.85508962084518,3.44864764896486,0.0657918662090013,0.547022013638862,TRUE,FALSE,FALSE,FALSE,"Microglia",20,107,16,91,FALSE,0.435124148477033
"FYN",0.154270512926418,8.33461553386703,3.44657300264102,0.0659391903085915,0.387468802109591,TRUE,FALSE,TRUE,FALSE,"Astrocytes",20,108,16,92,FALSE,0.435124148477033
"ESRRB",0.502499239669733,1.44744138308733,3.42331938020459,0.0664967400049819,0.251942389932668,TRUE,FALSE,FALSE,FALSE,"Bergmann",20,108,16,92,FALSE,0.436338159133814
"APP",-0.145786394563767,8.43567474906136,3.42251090297408,0.0668768006491514,0.390512746647724,TRUE,TRUE,TRUE,TRUE,"Astrocytes",20,108,16,92,FALSE,0.436380464570999
"DYRK1A",-0.149599984980523,8.11412800362511,3.38324560933519,0.0683148398974494,0.683997016843164,TRUE,FALSE,TRUE,TRUE,"Purkinje",20,108,16,92,FALSE,0.443287405556783
"F3",0.617976684274619,2.61440562606559,3.35713065246569,0.0695019860042829,0.258346910362236,TRUE,FALSE,TRUE,FALSE,"Bergmann",20,108,16,92,FALSE,0.447941623048308
"PDE4D",0.25184774938012,8.35299338897647,3.35421340674011,0.0697991227695138,0.600832377020354,TRUE,FALSE,TRUE,FALSE,"Endocytes",20,103,16,87,FALSE,0.447941623048308
"TOP2B",-0.162687581460945,7.34569715391724,3.30468626418127,0.0716402334646858,0.42540419067695,TRUE,FALSE,TRUE,FALSE,"OPC",20,107,16,91,FALSE,0.457244768780071
"ERCC5",0.168801631019488,6.07877407998405,3.27316945030005,0.0730145401340493,0.690003002657458,TRUE,FALSE,FALSE,FALSE,"MLI_1",20,108,16,92,FALSE,0.463483602590052
"SGMS1",-0.203392590048516,7.71646919730654,3.24863045597902,0.0741779294805972,0.606584816650105,TRUE,FALSE,FALSE,FALSE,"Endocytes",20,103,16,87,FALSE,0.468323360180203
"CA4",0.357343705068344,6.19451883665456,3.24375944961429,0.0746311728255837,0.418258364589567,TRUE,FALSE,TRUE,FALSE,"Oligodendrocytes",20,107,16,91,FALSE,0.468651665915493
"HIF1A",0.219326325764001,6.60573654304606,3.22469817606327,0.0752396560322257,0.606730419578083,TRUE,FALSE,TRUE,FALSE,"Endocytes",20,103,16,87,FALSE,0.469946086875078
"SOAT1",-0.243143545843735,3.77263056043513,3.14744054778901,0.0784668124325937,0.421751079146957,TRUE,FALSE,TRUE,FALSE,"Astrocytes",20,108,16,92,FALSE,0.487495941070582
"POLA1",-0.18376130432248,6.96647639244712,3.12864687718666,0.0796580787902191,0.620884587536899,TRUE,FALSE,TRUE,FALSE,"Endocytes",20,103,16,87,FALSE,0.492278497497227
"PTPN1",-0.160250478188917,5.95489042493583,3.04296690720086,0.0836763558172513,0.585850775082284,TRUE,TRUE,TRUE,TRUE,"Microglia",20,107,16,91,FALSE,0.514389387339734
"DAB2IP",-0.186458333385432,8.73705335360209,3.02154714554343,0.0849159857744878,0.631733742138487,TRUE,FALSE,FALSE,FALSE,"Endocytes",20,103,16,87,FALSE,0.51612877211098
"SYNJ2",-0.363673436414196,3.31462736677984,3.0099545316405,0.0851620764931381,0.705838500139555,TRUE,FALSE,TRUE,FALSE,"MLI_1",20,108,16,92,FALSE,0.51612877211098
"APP",-0.194136063647196,8.74194297903245,3.00757761653275,0.0856302042150123,0.632442563268545,TRUE,TRUE,TRUE,TRUE,"Endocytes",20,103,16,87,FALSE,0.51612877211098
"ERCC5",0.208935825377192,6.2225778832056,2.99257213651489,0.0859395841019423,0.655690957116207,TRUE,FALSE,FALSE,FALSE,"PLI",20,105,16,89,FALSE,0.51612877211098
"CA4",0.376206353781923,6.17930027546024,3.00135508150279,0.086168759042501,0.43457933124436,TRUE,FALSE,TRUE,FALSE,"Astrocytes",20,108,16,92,FALSE,0.51612877211098
"PGR",-0.483074509033752,4.03404998733764,2.90819947954582,0.0903013025547672,0.639810721512775,TRUE,FALSE,TRUE,FALSE,"Endocytes",20,103,16,87,FALSE,0.538122047877388
"CNR1",-0.265167785530994,5.50811508415388,2.8718114508946,0.092944804807711,0.446777589737185,TRUE,TRUE,TRUE,TRUE,"Astrocytes",20,108,16,92,FALSE,0.549474682692536
"ERCC5",0.168444560889963,6.08443859506908,2.86647321367344,0.0931472492920566,0.460112177918641,TRUE,FALSE,FALSE,FALSE,"Oligodendrocytes",20,107,16,91,FALSE,0.549474682692536
"EPHX2",-0.187107226572599,4.69950303397073,2.83814478082237,0.0947094108634903,0.724990367989583,TRUE,FALSE,TRUE,FALSE,"MLI_1",20,108,16,92,FALSE,0.553355944342789
"DOT1L",0.323480926703969,5.29985001001789,2.83412898691451,0.094848405922321,0.7206557246476,TRUE,FALSE,TRUE,FALSE,"Purkinje",20,108,16,92,FALSE,0.553355944342789
"ALK",0.313753119131819,3.67091630715793,2.82576822621157,0.0952264938466614,0.46256793080221,TRUE,FALSE,FALSE,FALSE,"Oligodendrocytes",20,107,16,91,FALSE,0.553355944342789
"APEX1",-0.259203551257364,3.38456560503246,2.75316279514763,0.0994807611135224,0.473120010593383,TRUE,FALSE,FALSE,FALSE,"Oligodendrocytes",20,107,16,91,FALSE,0.575215490002941
"YWHAG",0.170341698566355,6.40858074627529,2.73113018006555,0.10123401409892,0.435873138940999,TRUE,FALSE,TRUE,FALSE,"Granule",20,109,16,93,FALSE,0.581532825750028
"NR1H3",0.169004981649954,3.14300475383445,2.72454606609056,0.101569089428943,0.436027117013664,TRUE,FALSE,TRUE,FALSE,"Granule",20,109,16,93,FALSE,0.581532825750028
"TET1",0.176272314365365,5.84849953349149,2.70902412452375,0.102420906204741,0.614083491570606,TRUE,FALSE,TRUE,TRUE,"Microglia",20,107,16,91,FALSE,0.583549358278721
"KDM1A",-0.154270309056559,6.16599583277567,2.65518907149093,0.105949543000695,0.464494819686771,TRUE,FALSE,TRUE,FALSE,"Astrocytes",20,108,16,92,FALSE,0.585596449109639
"GSK3B",-0.108395749412353,8.31344513345513,2.65088195762183,0.105967391930909,0.642046479870021,TRUE,FALSE,TRUE,FALSE,"UBC",20,103,16,87,FALSE,0.585596449109639
"BRAF",-0.129819868224019,8.48175444452231,2.64077849089744,0.106966494656141,0.672710558685573,TRUE,FALSE,TRUE,FALSE,"Endocytes",20,103,16,87,FALSE,0.585596449109639
"APEX1",-0.219886410833508,3.15084484999171,2.63655911568001,0.107199925642565,0.447605620586892,TRUE,FALSE,FALSE,FALSE,"Granule",20,109,16,93,FALSE,0.585596449109639
"PRKCE",-0.113146962944847,9.17664943914943,2.62368674763822,0.108014720819027,0.467407048351003,TRUE,FALSE,TRUE,TRUE,"Astrocytes",20,108,16,92,FALSE,0.585596449109639
"CTNNB1",0.151696586517189,7.65550383302499,2.60057661849677,0.109240795768722,0.695548365207363,TRUE,FALSE,TRUE,FALSE,"PLI",20,105,16,89,FALSE,0.585596449109639
"LYPLA1",-0.133836291721518,5.11250894138816,2.6023443683092,0.109381134751752,0.504563274724827,TRUE,FALSE,FALSE,FALSE,"OPC",20,107,16,91,FALSE,0.585596449109639
"APP",0.159064852586952,8.6903540661586,2.59397487711527,0.109808108429267,0.642046479870021,TRUE,TRUE,TRUE,TRUE,"UBC",20,103,16,87,FALSE,0.585596449109639
"KDM1A",-0.19078743706005,6.28741775182706,2.57182741920722,0.11160517859294,0.677776012735155,TRUE,FALSE,TRUE,FALSE,"Endocytes",20,103,16,87,FALSE,0.585596449109639
"DAB2IP",-0.14634714539585,8.38505875879432,2.56609933126059,0.111732361165597,0.642296871729861,TRUE,FALSE,FALSE,FALSE,"Golgi",20,106,16,90,FALSE,0.585596449109639
"FABP3",-0.334014529250507,2.19041510135768,2.56621514544609,0.111784761966591,0.337964755540195,TRUE,FALSE,TRUE,TRUE,"Bergmann",20,108,16,92,FALSE,0.585596449109639
"CA4",0.484296290618827,6.22230103095656,2.56729986374886,0.112283022609471,0.713319094269877,TRUE,FALSE,TRUE,FALSE,"MLI_2",20,104,16,88,FALSE,0.585596449109639
"MGLL",0.120044474293397,7.60002185732407,2.54780220745392,0.113143955953031,0.512337750140102,TRUE,FALSE,TRUE,FALSE,"OPC",20,107,16,91,FALSE,0.585596449109639
"HSP90AB1",0.311091616092481,7.95180219932726,2.55207545140472,0.113230924367974,0.730924539597644,TRUE,FALSE,TRUE,FALSE,"Purkinje",20,108,16,92,FALSE,0.585596449109639
"ALOX5",0.235263081043199,6.0125853614979,2.54243001148855,0.113760717502237,0.457910017831971,TRUE,TRUE,TRUE,TRUE,"Granule",20,109,16,93,FALSE,0.585596449109639
"LTB4R",-0.193415193379113,1.57703690484018,2.53780543991342,0.113884642131969,0.458051980706502,TRUE,FALSE,FALSE,FALSE,"Granule",20,109,16,93,FALSE,0.585596449109639
"POLA1",-0.16003339116505,6.92950286276172,2.53371751586765,0.113987815792358,0.644734425956646,TRUE,FALSE,TRUE,FALSE,"Golgi",20,106,16,90,FALSE,0.585596449109639
"CA9",0.33459444179266,2.97868647626118,2.51637420413948,0.115101067459983,0.74170443929704,TRUE,TRUE,TRUE,TRUE,"MLI_1",20,108,16,92,FALSE,0.585596449109639
"SYNJ2",0.304847651006296,3.6458917300545,2.5089578318255,0.115634606801994,0.516251073460057,TRUE,FALSE,TRUE,FALSE,"OPC",20,107,16,91,FALSE,0.585596449109639
"SLC16A1",-0.212282609132802,3.61636308676083,2.49767170406577,0.116820547145634,0.345802899305076,TRUE,FALSE,FALSE,FALSE,"Bergmann",20,108,16,92,FALSE,0.585596449109639
"PRKCE",-0.0974688808903059,9.19338975935556,2.49100825399287,0.117241111955217,0.501167736270241,TRUE,FALSE,TRUE,TRUE,"Oligodendrocytes",20,107,16,91,FALSE,0.585596449109639
"FABP7",-0.220172222752569,3.37486241295163,2.48289119288527,0.117879857908079,0.347706023829534,TRUE,FALSE,TRUE,TRUE,"Bergmann",20,108,16,92,FALSE,0.585596449109639
"BRAF",-0.0959066844906932,8.38059415257657,2.48085524176847,0.118076101039203,0.347732139561935,TRUE,FALSE,TRUE,FALSE,"Bergmann",20,108,16,92,FALSE,0.585596449109639
"SYNJ2",0.313523168929193,4.09759199407729,2.47848707292454,0.118339918732584,0.348202075890218,TRUE,FALSE,TRUE,FALSE,"Bergmann",20,108,16,92,FALSE,0.585596449109639
"DAB2IP",-0.163946246508867,8.43525448180827,2.47652759076552,0.118394120974551,0.348238854243745,TRUE,FALSE,FALSE,FALSE,"Bergmann",20,108,16,92,FALSE,0.585596449109639
"CA3",-0.223631472220293,4.60249387222604,2.47056902993172,0.118532925904101,0.645604283385411,TRUE,FALSE,TRUE,FALSE,"Microglia",20,107,16,91,FALSE,0.585596449109639
"CA4",0.335413933501184,6.28374233093961,2.47540702482646,0.118664558564119,0.466909643378478,TRUE,FALSE,TRUE,FALSE,"Granule",20,109,16,93,FALSE,0.585596449109639
"CA4",0.356956172364441,6.65844499344736,2.46061859801867,0.118734570195356,0.572596318078547,TRUE,FALSE,TRUE,FALSE,"Pericytes",20,101,16,85,FALSE,0.585596449109639
"ABHD16A",-0.194728718785577,0.905777364871816,2.46697232629011,0.118873621112888,0.467134356803809,TRUE,FALSE,FALSE,FALSE,"Granule",20,109,16,93,FALSE,0.585596449109639
"JUN",0.347647551681319,4.65658595144948,2.45444294494396,0.119174235084922,0.709289992948791,TRUE,FALSE,TRUE,TRUE,"PLI",20,105,16,89,FALSE,0.585596449109639
"FABP7",-0.293875962130392,3.48383115208547,2.45607740267522,0.119487342800563,0.518513993518933,TRUE,FALSE,TRUE,TRUE,"OPC",20,107,16,91,FALSE,0.585596449109639
"HDAC6",0.259173928703463,5.86164186279155,2.45551320155834,0.119573438226291,0.646410201570651,TRUE,FALSE,FALSE,FALSE,"UBC",20,103,16,87,FALSE,0.585596449109639
"ADORA1",-0.230922591508619,5.45769588940331,2.45583433994998,0.119597581940687,0.65000234495965,TRUE,FALSE,TRUE,FALSE,"Golgi",20,106,16,90,FALSE,0.585596449109639
"HIF1A",0.133018592747065,6.64180023721562,2.45597098010246,0.119826670665414,0.482024103248092,TRUE,FALSE,TRUE,FALSE,"Astrocytes",20,108,16,92,FALSE,0.585596449109639
"CA3",-0.267875324971061,4.66445962053065,2.44010188195815,0.120795585066995,0.747684714154476,TRUE,FALSE,TRUE,FALSE,"Purkinje",20,108,16,92,FALSE,0.586790624239049
"MAPK10",0.128106607532533,9.14067244252823,2.43581874926191,0.121075805172612,0.646646522443155,TRUE,FALSE,TRUE,FALSE,"UBC",20,103,16,87,FALSE,0.586790624239049
"HDAC6",0.161887370331303,5.59699431045396,2.41807720240896,0.122667295015755,0.746955715863934,TRUE,FALSE,FALSE,FALSE,"MLI_1",20,108,16,92,FALSE,0.592047109828104
"HDAC6",0.227409010150235,5.67925774092446,2.39153901244131,0.124587339386444,0.759326028005413,TRUE,FALSE,FALSE,FALSE,"Purkinje",20,108,16,92,FALSE,0.595145544784242
"CNR1",-0.202825349443835,5.58720056034317,2.39430446312698,0.124663388246011,0.475307938691448,TRUE,TRUE,TRUE,TRUE,"Granule",20,109,16,93,FALSE,0.595145544784242
"HDAC6",0.24564331016816,5.69898469396851,2.38813496982943,0.124837892527517,0.726871609445712,TRUE,FALSE,FALSE,FALSE,"MLI_2",20,104,16,88,FALSE,0.595145544784242
"CYP19A1",0.376078208584898,-1.01750591352055,2.35565418341107,0.126881174984124,0.479882176378993,TRUE,TRUE,TRUE,TRUE,"Granule",20,109,16,93,FALSE,0.598856221226799
"PKM",0.294195516112599,6.37125252574377,2.36198082371868,0.127289751317987,0.654986099014883,TRUE,FALSE,TRUE,FALSE,"UBC",20,103,16,87,FALSE,0.598856221226799
"ESRRA",0.219897300747126,3.07582050959599,2.35141647164419,0.127908499503605,0.363872533405376,TRUE,FALSE,TRUE,FALSE,"Bergmann",20,108,16,92,FALSE,0.598856221226799
"EPHX2",0.22899213539279,4.66285173209776,2.34890590349759,0.127935702237053,0.653432739583926,TRUE,FALSE,TRUE,FALSE,"Microglia",20,107,16,91,FALSE,0.598856221226799
"HDAC6",0.132491726795793,5.71083734393732,2.34386607809715,0.128512753475983,0.519384685822762,TRUE,FALSE,FALSE,FALSE,"Oligodendrocytes",20,107,16,91,FALSE,0.598856221226799
"KDM6B",0.22121949464186,5.36592630794593,2.34154359698069,0.128692561239663,0.534086138332171,TRUE,FALSE,TRUE,FALSE,"OPC",20,107,16,91,FALSE,0.598856221226799
"YWHAG",0.288480239866595,6.96741620145373,2.32830617349472,0.1300930032624,0.765992264250715,TRUE,FALSE,TRUE,FALSE,"Purkinje",20,108,16,92,FALSE,0.600647711775983
"ALOX5",-0.267319159183981,5.91280949548787,2.32435247100113,0.13010605400627,0.670597479553622,TRUE,TRUE,TRUE,TRUE,"Golgi",20,106,16,90,FALSE,0.600647711775983
"KDM6B",0.243826788655421,5.30864419771255,2.29458902757387,0.132741440924298,0.371235305275296,TRUE,FALSE,TRUE,FALSE,"Bergmann",20,108,16,92,FALSE,0.603587002104695
"PTK2",-0.119185894132905,8.88657179289229,2.28659943306413,0.132905534417455,0.727288680772544,TRUE,FALSE,FALSE,FALSE,"PLI",20,105,16,89,FALSE,0.603587002104695
"PLK1",-0.162471029937355,1.73181927474247,2.28505651425671,0.133380063612397,0.489933918229308,TRUE,FALSE,TRUE,FALSE,"Granule",20,109,16,93,FALSE,0.603587002104695
"PTPN1",-0.132864602167874,5.89090898764496,2.28432943239553,0.133384985487731,0.542152811684331,TRUE,TRUE,TRUE,TRUE,"OPC",20,107,16,91,FALSE,0.603587002104695
"TET3",-0.160983023066409,6.85152232977266,2.27139341660989,0.134329133802335,0.677108079378206,TRUE,FALSE,TRUE,FALSE,"Golgi",20,106,16,90,FALSE,0.603587002104695
"NR1H2",0.205045040115864,4.3161579304075,2.27458894555183,0.134335655902279,0.373827142598777,TRUE,FALSE,TRUE,FALSE,"Bergmann",20,108,16,92,FALSE,0.603587002104695
"TET2",0.287908169670839,5.64612442821075,2.26941912482414,0.134386223444482,0.664695678056342,TRUE,FALSE,TRUE,TRUE,"UBC",20,103,16,87,FALSE,0.603587002104695
"ACHE",-0.306185782100888,3.72324325266764,2.26571209698993,0.134876890025107,0.757506352062813,TRUE,TRUE,TRUE,TRUE,"MLI_1",20,108,16,92,FALSE,0.603587002104695
"DOT1L",0.259179811383269,5.46639071985332,2.25352383038362,0.136266058733849,0.376971914347195,TRUE,FALSE,TRUE,FALSE,"Bergmann",20,108,16,92,FALSE,0.603634100609978
"ADCY10",0.323106944969538,3.95312285175135,2.24903140275055,0.136363443236451,0.530105506607501,TRUE,FALSE,FALSE,FALSE,"Oligodendrocytes",20,107,16,91,FALSE,0.603634100609978
"PRKCE",-0.0869548490414635,9.23806174034453,2.24960726682925,0.136474780949837,0.49426802661355,TRUE,FALSE,TRUE,TRUE,"Granule",20,109,16,93,FALSE,0.603634100609978
"ACLY",0.20296249332706,4.55252171378707,2.24257992731862,0.137086154598897,0.378050836848773,TRUE,FALSE,FALSE,FALSE,"Bergmann",20,108,16,92,FALSE,0.603634100609978
"CNR1",-0.189409882108702,6.411156635497,2.22831650109816,0.137839113139289,0.730418478037169,TRUE,TRUE,TRUE,TRUE,"PLI",20,105,16,89,FALSE,0.603634100609978
"CNR1",-0.300294896797839,5.6569937043638,2.22479753731558,0.138643495105171,0.701948706299365,TRUE,TRUE,TRUE,TRUE,"Endocytes",20,103,16,87,FALSE,0.603634100609978
"BACE1",0.129503152954996,5.72873033726787,2.22051498983482,0.138917541983083,0.534634083003465,TRUE,FALSE,TRUE,FALSE,"Oligodendrocytes",20,107,16,91,FALSE,0.603634100609978
"DYRK1A",-0.0991202089188435,8.07041569400884,2.21038460686142,0.139817672036207,0.535539597045867,TRUE,FALSE,TRUE,TRUE,"Oligodendrocytes",20,107,16,91,FALSE,0.603634100609978
"EIF4A1",0.33608519797353,4.76781875300522,2.20176128296975,0.140458159136622,0.702925395799689,TRUE,FALSE,TRUE,FALSE,"Endocytes",20,103,16,87,FALSE,0.603634100609978
"PKM",0.314591744943417,6.64967305553614,2.18891407951951,0.140994124747045,0.606024239236346,TRUE,FALSE,TRUE,FALSE,"Pericytes",20,101,16,85,FALSE,0.603634100609978
"PTPN11",0.193270416535874,6.50475065574494,2.19188265250105,0.14121382150799,0.677645514195215,TRUE,FALSE,TRUE,TRUE,"UBC",20,103,16,87,FALSE,0.603634100609978
"PPARD",-0.219193769250905,5.58953593822874,2.18781969361558,0.141665416406641,0.740898657559993,TRUE,FALSE,TRUE,FALSE,"MLI_2",20,104,16,88,FALSE,0.603634100609978
"BRAF",-0.0825282674410609,8.4604983810621,2.18277808654657,0.142246706470695,0.554371096975562,TRUE,FALSE,TRUE,FALSE,"OPC",20,107,16,91,FALSE,0.603634100609978
"KAT2B",0.149034817253495,7.01686736429253,2.17776323271313,0.142618166325751,0.780101920579834,TRUE,FALSE,FALSE,FALSE,"Purkinje",20,108,16,92,FALSE,0.603634100609978
"ALOX5",0.225309820430438,5.86714773849221,2.17459744796979,0.142639564870166,0.735799544637308,TRUE,TRUE,TRUE,TRUE,"PLI",20,105,16,89,FALSE,0.603634100609978
"ERCC5",-0.200538656436307,6.19874235243126,2.1630668304655,0.143936881060044,0.742680731319184,TRUE,FALSE,FALSE,FALSE,"MLI_2",20,104,16,88,FALSE,0.606925188007697
"CA1",0.214016902002317,0.599031632841073,2.13889505037077,0.146115784841986,0.506430396855624,TRUE,TRUE,TRUE,TRUE,"Granule",20,109,16,93,FALSE,0.613896534875683
"ACLY",0.189896570909292,4.61166233008353,2.13195933936387,0.146892532428023,0.54583238946358,TRUE,FALSE,FALSE,FALSE,"Oligodendrocytes",20,107,16,91,FALSE,0.614164173572315
"TET2",0.18428089233529,5.63951129405646,2.12693051212687,0.147231137500213,0.688079409205075,TRUE,FALSE,TRUE,TRUE,"Golgi",20,106,16,90,FALSE,0.614164173572315
"YWHAG",0.199736180103596,6.51246678989779,2.11348076190998,0.148576992406811,0.748335737125071,TRUE,FALSE,TRUE,FALSE,"MLI_2",20,104,16,88,FALSE,0.615749015191924
"PRKCH",-0.382582961642712,6.94880617976647,2.11925710586846,0.148665430037776,0.713551117981026,TRUE,FALSE,TRUE,TRUE,"Endocytes",20,103,16,87,FALSE,0.615749015191924
"PPARA",0.232997341517464,4.24756514356644,2.10147244699226,0.14962283276485,0.681902614450831,TRUE,FALSE,TRUE,TRUE,"Microglia",20,107,16,91,FALSE,0.617276152440061
"MCL1",-0.414167680828457,5.72758228369704,2.10332075961513,0.150091119257686,0.714447524943149,TRUE,TRUE,TRUE,TRUE,"Endocytes",20,103,16,87,FALSE,0.617276152440061
"TET3",-0.134817517610578,6.77757848924099,2.07383874153155,0.152429268018197,0.782955416972377,TRUE,FALSE,TRUE,FALSE,"Purkinje",20,108,16,92,FALSE,0.624692579106154
"CA4",0.333198141229955,6.33136085010034,2.0610669233481,0.154150383721058,0.68672131702093,TRUE,FALSE,TRUE,FALSE,"Microglia",20,107,16,91,FALSE,0.627922138012179
"PRKCH",-0.24867200574187,4.31068289275589,2.05032393059628,0.154511951247014,0.68672131702093,TRUE,FALSE,TRUE,TRUE,"Microglia",20,107,16,91,FALSE,0.627922138012179
"YWHAG",0.188703592809953,6.76379156284532,2.04868648179249,0.154875831469013,0.751087068649442,TRUE,FALSE,TRUE,FALSE,"PLI",20,105,16,89,FALSE,0.627922138012179
"TOP2B",-0.107871737269985,7.37779430328652,2.04383637050401,0.155620860434615,0.519196291561418,TRUE,FALSE,TRUE,FALSE,"Granule",20,109,16,93,FALSE,0.627922138012179
"DYRK1A",-0.0907187843030766,8.05366997788094,2.04102320273553,0.155905325362613,0.407120532620098,TRUE,FALSE,TRUE,TRUE,"Bergmann",20,108,16,92,FALSE,0.627922138012179
"DYRK1A",-0.0976637224602205,8.13159202892484,2.02936886393666,0.156917887830484,0.68672131702093,TRUE,FALSE,TRUE,TRUE,"Microglia",20,107,16,91,FALSE,0.628554758093351
"MCL1",-0.217206921592231,4.73291820823728,2.02226741507834,0.157534304152065,0.686995419754551,TRUE,TRUE,TRUE,TRUE,"Microglia",20,107,16,91,FALSE,0.628554758093351
"STS",-0.11164517641843,4.53234538884048,2.02284565459812,0.157694239558544,0.522015377286247,TRUE,FALSE,TRUE,FALSE,"Granule",20,109,16,93,FALSE,0.628554758093351
"ALOX5",0.250480063540183,6.05140732259995,2.01470279740347,0.158214981917333,0.703745142292076,TRUE,TRUE,TRUE,TRUE,"UBC",20,103,16,87,FALSE,0.628554758093351
"PRKCB",-0.236480789502207,7.53792131502161,1.99969164781455,0.160358444040184,0.727499745521735,TRUE,FALSE,TRUE,TRUE,"Endocytes",20,103,16,87,FALSE,0.63491072080995
"ESR2",-0.143680979106952,4.71149291547721,1.98435468840184,0.161721239064196,0.415268513777851,TRUE,TRUE,TRUE,TRUE,"Bergmann",20,108,16,92,FALSE,0.638143267658721
"MAPK10",0.120186171798304,9.13760122426673,1.97893141826637,0.162287392659031,0.416082552164335,TRUE,FALSE,TRUE,FALSE,"Bergmann",20,108,16,92,FALSE,0.638221126686022
"HDAC6",0.153834685677598,5.67323138062739,1.95388849880572,0.164809564462084,0.589060975059198,TRUE,FALSE,FALSE,FALSE,"OPC",20,107,16,91,FALSE,0.645965004334612
"HSP90AB1",0.252295558746576,7.44126928389506,1.95027308177005,0.165677822887795,0.709627844128702,TRUE,FALSE,TRUE,FALSE,"UBC",20,103,16,87,FALSE,0.647196311481418
"SNCA",0.132206227162909,8.09278689220204,1.92822223842889,0.167381188888107,0.711018021580585,TRUE,TRUE,TRUE,TRUE,"UBC",20,103,16,87,FALSE,0.651670762071031
"PDE4D",0.13497620299681,8.29676795871167,1.91560841202586,0.168890176905043,0.792055028226733,TRUE,FALSE,TRUE,FALSE,"Purkinje",20,108,16,92,FALSE,0.654286090882578
"DOT1L",0.208365776230632,5.48101166833839,1.91480160823583,0.169173287197379,0.592984521334866,TRUE,FALSE,TRUE,FALSE,"OPC",20,107,16,91,FALSE,0.654286090882578
"OPRK1",-0.438671628202787,1.64766631705153,1.89690984031563,0.171239898732486,0.538252170057631,TRUE,FALSE,TRUE,TRUE,"Granule",20,109,16,93,FALSE,0.660093074981991
"TDP1",-0.166912556078097,5.16141135989901,1.88962933445344,0.171898878940929,0.556713744335144,TRUE,FALSE,TRUE,FALSE,"Astrocytes",20,108,16,92,FALSE,0.660453587509883
"TET2",0.160020061216255,5.63334923787063,1.88112931014277,0.172828860849031,0.596877880168188,TRUE,FALSE,TRUE,TRUE,"OPC",20,107,16,91,FALSE,0.660759572799988
"PRKCH",0.319855815698425,2.94320631872965,1.8735327434221,0.173244221390412,0.596989830550781,TRUE,FALSE,TRUE,TRUE,"OPC",20,107,16,91,FALSE,0.660759572799988
"TET2",0.172831182798571,5.65117457124764,1.8701113286053,0.17412332202566,0.558959425096436,TRUE,FALSE,TRUE,TRUE,"Astrocytes",20,108,16,92,FALSE,0.660759572799988
"ALOX5",0.218563966153442,5.90263677664751,1.86993511235004,0.174330220811426,0.598183560691348,TRUE,TRUE,TRUE,TRUE,"OPC",20,107,16,91,FALSE,0.660759572799988
"ALK",0.302705728581229,3.66656812270073,1.8588185529771,0.17499284231113,0.706348022221979,TRUE,FALSE,FALSE,FALSE,"Microglia",20,107,16,91,FALSE,0.660759572799988
"DUSP3",0.261835077335256,4.18298561397705,1.85448095630604,0.175662446419066,0.706704719124374,TRUE,FALSE,FALSE,FALSE,"Microglia",20,107,16,91,FALSE,0.660759572799988
"HIF1A",0.120007544076152,6.47513935697298,1.85198008815059,0.176171415595904,0.599341466067182,TRUE,FALSE,TRUE,FALSE,"OPC",20,107,16,91,FALSE,0.660759572799988
"DAB2IP",-0.14733438779899,8.44031178086387,1.83992794041181,0.177530413781162,0.720792310519864,TRUE,FALSE,FALSE,FALSE,"UBC",20,103,16,87,FALSE,0.660759572799988
"JUN",-0.374090932983969,5.37988941283099,1.8403132806097,0.177867821836969,0.751978081379449,TRUE,FALSE,TRUE,TRUE,"Endocytes",20,103,16,87,FALSE,0.660759572799988
"TET3",-0.0940349230428573,6.80187686634484,1.82754077217003,0.17915804532901,0.439500369424177,TRUE,FALSE,TRUE,FALSE,"Bergmann",20,108,16,92,FALSE,0.660759572799988
"MAOB",0.328074065151293,4.34380108616347,1.81895325771133,0.179714368614805,0.778871885587681,TRUE,TRUE,TRUE,TRUE,"MLI_2",20,104,16,88,FALSE,0.660759572799988
"PRKCB",-0.198842466912537,7.4185548224691,1.81986628657114,0.18015800659159,0.797756923822374,TRUE,FALSE,TRUE,TRUE,"Purkinje",20,108,16,92,FALSE,0.660759572799988
"TET3",-0.106523838575467,6.91760208630868,1.80788959338862,0.181407060079045,0.585024534171768,TRUE,FALSE,TRUE,FALSE,"Oligodendrocytes",20,107,16,91,FALSE,0.660759572799988
"SRD5A1",-0.122731562978353,5.03705885436462,1.80162453210805,0.182250497309532,0.443245311717854,TRUE,FALSE,TRUE,FALSE,"Bergmann",20,108,16,92,FALSE,0.660759572799988
"NR1H3",0.247300044050747,3.3732239733071,1.79385307541366,0.182756032550854,0.60726066267116,TRUE,FALSE,TRUE,FALSE,"OPC",20,107,16,91,FALSE,0.660759572799988
"KDM1A",-0.122647765901041,6.11891711804767,1.79414337107009,0.183061553336967,0.586127673745888,TRUE,FALSE,TRUE,FALSE,"Oligodendrocytes",20,107,16,91,FALSE,0.660759572799988
"TET2",0.152523457345473,5.55389743249137,1.78603662390107,0.184034970303105,0.586440701563098,TRUE,FALSE,TRUE,TRUE,"Oligodendrocytes",20,107,16,91,FALSE,0.660759572799988
"BACE1",0.0882596023201757,5.41389638365442,1.77529591735806,0.185436542353904,0.556283971757014,TRUE,FALSE,TRUE,FALSE,"Granule",20,109,16,93,FALSE,0.660759572799988
"MAOB",0.238738528100615,4.80015942125681,1.77217212096,0.18553628085618,0.801909523453637,TRUE,TRUE,TRUE,TRUE,"Purkinje",20,108,16,92,FALSE,0.660759572799988
"AKR1B1",0.213537630947198,3.51354652632724,1.76405685944467,0.186454908524033,0.57404063997731,TRUE,FALSE,TRUE,TRUE,"Astrocytes",20,108,16,92,FALSE,0.660759572799988
"CA13",0.174880117734456,4.02200059380157,1.76324053516885,0.186676242279699,0.59081977995948,TRUE,FALSE,TRUE,FALSE,"Oligodendrocytes",20,107,16,91,FALSE,0.660759572799988
"APEX1",-0.210860186259613,3.12764153431642,1.7646548105708,0.186691444045261,0.449658754975468,TRUE,FALSE,FALSE,FALSE,"Bergmann",20,108,16,92,FALSE,0.660759572799988
"HSD17B1",0.184516164532531,-0.0374769492289079,1.76084061782336,0.186787756263609,0.557753594003477,TRUE,FALSE,TRUE,FALSE,"Granule",20,109,16,93,FALSE,0.660759572799988
"PDE4D",0.146658646274617,8.13546275083775,1.76354501424168,0.186964197665198,0.612721738325142,TRUE,FALSE,TRUE,FALSE,"OPC",20,107,16,91,FALSE,0.660759572799988
"EIF4A1",-0.157887041790401,3.85176224487536,1.75962122934868,0.187332169031317,0.558493526894823,TRUE,FALSE,TRUE,FALSE,"Granule",20,109,16,93,FALSE,0.660759572799988
"SIRT1",0.223302614205642,5.68227432629978,1.75524034637573,0.187556646536169,0.732576697638438,TRUE,FALSE,FALSE,FALSE,"UBC",20,103,16,87,FALSE,0.660759572799988
"ADCY10",0.406189374770374,4.24272618605901,1.75421882344671,0.187633892425289,0.764727012914025,TRUE,FALSE,FALSE,FALSE,"Endocytes",20,103,16,87,FALSE,0.660759572799988
"GSK3B",-0.060112731209973,8.14821129959523,1.7510694623413,0.188449884215052,0.559594472669814,TRUE,FALSE,TRUE,FALSE,"Granule",20,109,16,93,FALSE,0.660759572799988
"APEX1",-0.258163561130453,3.41661008039603,1.74631347827177,0.188644437798639,0.615125267476647,TRUE,FALSE,FALSE,FALSE,"OPC",20,107,16,91,FALSE,0.660759572799988
"DYRK1A",-0.081435992710543,8.07832118682864,1.74605044101281,0.188950083317805,0.61562920567309,TRUE,FALSE,TRUE,TRUE,"OPC",20,107,16,91,FALSE,0.660759572799988
"YWHAG",0.154837892323858,6.31551762117959,1.74119478488996,0.189609464260857,0.578201381558049,TRUE,FALSE,TRUE,FALSE,"Astrocytes",20,108,16,92,FALSE,0.661086132109496
"TET1",0.0951724843748556,5.81694047060329,1.73010629923956,0.19109184522918,0.562955106448009,TRUE,FALSE,TRUE,TRUE,"Granule",20,109,16,93,FALSE,0.664229512938788
"PPARD",-0.234207681017318,5.62866377259178,1.72283429951927,0.191648412551688,0.739406873052225,TRUE,FALSE,TRUE,FALSE,"UBC",20,103,16,87,FALSE,0.664229512938788
"CA4",0.289179374710135,6.06891626210117,1.71960989440917,0.192658778917836,0.800536185386298,TRUE,FALSE,TRUE,FALSE,"MLI_1",20,108,16,92,FALSE,0.664705715472607
"APP",-0.104690974556348,8.48665697699508,1.71462420278903,0.192924004747615,0.722877031723329,TRUE,TRUE,TRUE,TRUE,"Microglia",20,107,16,91,FALSE,0.664705715472607
"STS",-0.238588254039607,5.24196111877051,1.70407286564581,0.194175277432426,0.788965677910047,TRUE,FALSE,TRUE,FALSE,"MLI_2",20,104,16,88,FALSE,0.667049188356098
"DAB2IP",-0.129513363556884,8.63588622303166,1.6876408881015,0.196239367371451,0.774107217672262,TRUE,FALSE,FALSE,FALSE,"PLI",20,105,16,89,FALSE,0.670550158761712
"PTPN11",-0.116243822239072,6.22932271282659,1.68860499430873,0.196342597856597,0.619815834794118,TRUE,FALSE,TRUE,TRUE,"OPC",20,107,16,91,FALSE,0.670550158761712
"PRKCB",-0.179309057087759,7.52575308334436,1.68351013742451,0.197214052175329,0.790406160547408,TRUE,FALSE,TRUE,TRUE,"MLI_2",20,104,16,88,FALSE,0.671562719943979
"MAP2K1",-0.175447579049847,5.65627126853988,1.66980936373705,0.198706655626054,0.791480929116855,TRUE,TRUE,TRUE,TRUE,"MLI_2",20,104,16,88,FALSE,0.673500075823573
"APP",-0.137823557468598,8.75913917057657,1.66888828523601,0.198936238149942,0.774107217672262,TRUE,TRUE,TRUE,TRUE,"PLI",20,105,16,89,FALSE,0.673500075823573
"KDR",-0.386067451288312,3.77332835082436,1.63258794076753,0.203238939946538,0.779782061756134,TRUE,FALSE,TRUE,FALSE,"Endocytes",20,103,16,87,FALSE,0.684664884024745
"TYR",0.307219665637899,-0.790630320018215,1.63143897746665,0.203499646104472,0.576359735931719,TRUE,TRUE,TRUE,TRUE,"Granule",20,109,16,93,FALSE,0.684664884024745
"TRPV1",0.169092983237427,5.16533906759698,1.62846291760832,0.20441640618046,0.629894169294155,TRUE,FALSE,TRUE,FALSE,"OPC",20,107,16,91,FALSE,0.684664884024745
"CTNNB1",0.105293906218874,7.6288696240195,1.62838694477027,0.204578805243695,0.576869531685896,TRUE,FALSE,TRUE,FALSE,"Granule",20,109,16,93,FALSE,0.684664884024745
"STS",-0.143730266755861,4.67857902971735,1.61959939197743,0.205641327918185,0.612308759338593,TRUE,FALSE,TRUE,FALSE,"Oligodendrocytes",20,107,16,91,FALSE,0.686153628022024
"DYRK1A",-0.103621990111685,8.17759723954913,1.60661623853613,0.207600786861885,0.781657482818554,TRUE,FALSE,TRUE,TRUE,"Endocytes",20,103,16,87,FALSE,0.686153628022024
"PTPN2",-0.142738979171244,6.72685727833254,1.6037452078185,0.207692509639683,0.75232361616869,TRUE,FALSE,TRUE,FALSE,"UBC",20,103,16,87,FALSE,0.686153628022024
"ESR2",0.145119515774507,4.86874322827198,1.60187880185644,0.208111575363346,0.632821913942478,TRUE,TRUE,TRUE,TRUE,"OPC",20,107,16,91,FALSE,0.686153628022024
"EPHX2",-0.142468150621742,4.56344243544607,1.5975431920937,0.208716791121276,0.614714407999023,TRUE,FALSE,TRUE,FALSE,"Oligodendrocytes",20,107,16,91,FALSE,0.686153628022024
"GSK3B",-0.0752249296007576,8.14770030408447,1.59606574551245,0.208971198132705,0.634290856602358,TRUE,FALSE,TRUE,FALSE,"OPC",20,107,16,91,FALSE,0.686153628022024
"ESR1",0.21099322762079,3.14779550771248,1.59335048032143,0.209135866075206,0.808809800314932,TRUE,TRUE,TRUE,TRUE,"MLI_1",20,108,16,92,FALSE,0.686153628022024
"EIF4A1",-0.18916650386204,4.06827699643982,1.57537993913434,0.211860218917958,0.810575008656516,TRUE,FALSE,TRUE,FALSE,"MLI_1",20,108,16,92,FALSE,0.691988442984727
"BACE1",0.102726890886193,5.44943996451526,1.57434560762944,0.212099197421689,0.811067330940537,TRUE,FALSE,TRUE,FALSE,"MLI_1",20,108,16,92,FALSE,0.691988442984727
"MAPK10",0.135575594757712,8.78701785147717,1.54166236050524,0.216966985450333,0.787652651498037,TRUE,FALSE,TRUE,FALSE,"Endocytes",20,103,16,87,FALSE,0.705898158791055
"CYP1B1",0.260686524971865,-0.964082129763399,1.53128414902515,0.217746882989465,0.592317252454675,TRUE,FALSE,TRUE,FALSE,"Granule",20,109,16,93,FALSE,0.706467664810265
"SRD5A1",0.170437646349309,5.48211235497883,1.52575485013098,0.219053539440038,0.744119392672714,TRUE,FALSE,TRUE,FALSE,"Golgi",20,106,16,90,FALSE,0.708738321512366
"YWHAG",0.222605742205074,6.89741711011045,1.51434946856556,0.220341314753664,0.671893203189782,TRUE,FALSE,TRUE,FALSE,"Pericytes",20,101,16,85,FALSE,0.70981879178893
"KDM1A",-0.102562822474131,6.19234166401437,1.51213576163913,0.221283715796475,0.649683112467668,TRUE,FALSE,TRUE,FALSE,"OPC",20,107,16,91,FALSE,0.70981879178893
"LYPLA1",-0.160682950862363,5.33462536739556,1.50854431259011,0.221643961228636,0.746307826094081,TRUE,FALSE,FALSE,FALSE,"Golgi",20,106,16,90,FALSE,0.70981879178893
"TET1",0.146715627789768,5.92477120389824,1.50623970819958,0.222089634918977,0.813702914747085,TRUE,FALSE,TRUE,TRUE,"Purkinje",20,108,16,92,FALSE,0.70981879178893
"NR1H3",0.228947248121073,3.30853904372935,1.50336303269691,0.222426094002353,0.817721539902518,TRUE,FALSE,TRUE,FALSE,"MLI_1",20,108,16,92,FALSE,0.70981879178893
"TET1",0.120220697385919,5.83542387588651,1.49870068033002,0.223355168936704,0.818017955794314,TRUE,FALSE,TRUE,TRUE,"MLI_1",20,108,16,92,FALSE,0.710841518577849
"SRC",0.304662183392242,3.91404758801036,1.49147044240096,0.224065091629771,0.813702914747085,TRUE,FALSE,TRUE,FALSE,"Purkinje",20,108,16,92,FALSE,0.711163116911882
"CNR1",-0.166676061217154,5.56950774315815,1.48661771730124,0.225234148297731,0.653961376556984,TRUE,TRUE,TRUE,TRUE,"OPC",20,107,16,91,FALSE,0.712670403266248
"PTPN2",0.0896720206834358,6.71659727508884,1.48312106332439,0.225760316103178,0.821527658457294,TRUE,FALSE,TRUE,FALSE,"MLI_1",20,108,16,92,FALSE,0.712670403266248
"YWHAG",0.151301349099242,6.50106910806009,1.47922556256241,0.226472335881681,0.82217013293236,TRUE,FALSE,TRUE,FALSE,"MLI_1",20,108,16,92,FALSE,0.712991073611329
"MCL1",-0.130111661301559,4.39859872679493,1.46909319502558,0.228014548639777,0.603741538424262,TRUE,TRUE,TRUE,TRUE,"Granule",20,109,16,93,FALSE,0.714052375512307
"AOX1",-0.211138893617333,-0.0551613686580818,1.4629507183726,0.22857624815762,0.604088842893313,TRUE,FALSE,FALSE,FALSE,"Granule",20,109,16,93,FALSE,0.714052375512307
"ACHE",-0.204034827227965,3.55787195816274,1.46528232551615,0.228643483254797,0.604088842893313,TRUE,TRUE,TRUE,TRUE,"Granule",20,109,16,93,FALSE,0.714052375512307
"IGF1R",-0.117183174992133,9.05165996347405,1.45997498610548,0.229481316514482,0.793185792269184,TRUE,FALSE,TRUE,FALSE,"Endocytes",20,103,16,87,FALSE,0.714519683661492
"SRC",-0.206271234754627,3.40461369401522,1.44627692588494,0.231265661190688,0.625409752960692,TRUE,FALSE,TRUE,FALSE,"Astrocytes",20,108,16,92,FALSE,0.714519683661492
"SGMS1",-0.120585691545452,7.4561852920245,1.44646666151841,0.231333749739856,0.765189407444843,TRUE,FALSE,FALSE,FALSE,"UBC",20,103,16,87,FALSE,0.714519683661492
"ESR1",0.144415191820526,3.02843177123094,1.44726204838946,0.23146619607141,0.606269493058375,TRUE,TRUE,TRUE,TRUE,"Granule",20,109,16,93,FALSE,0.714519683661492
"MGLL",-0.11881925664473,7.32401704249163,1.44394215897292,0.231851849407282,0.814382120118539,TRUE,FALSE,TRUE,FALSE,"Purkinje",20,108,16,92,FALSE,0.714519683661492
"KAT2B",0.12651569470268,7.47256855459284,1.42676758689974,0.234817864094574,0.66371742289017,TRUE,FALSE,FALSE,FALSE,"OPC",20,107,16,91,FALSE,0.717255992255741
"CA4",0.252016922842997,6.21292898498647,1.42608127131668,0.235122104918541,0.801518812880722,TRUE,FALSE,TRUE,FALSE,"PLI",20,105,16,89,FALSE,0.717255992255741
"EDNRA",-0.389092082298734,3.86750091540086,1.41992355579701,0.2353175219253,0.793185792269184,TRUE,FALSE,TRUE,FALSE,"Endocytes",20,103,16,87,FALSE,0.717255992255741
"PRKCE",-0.072330987811265,9.24895937913245,1.42227211461961,0.235415885952686,0.761754960986538,TRUE,FALSE,TRUE,TRUE,"Microglia",20,107,16,91,FALSE,0.717255992255741
"TDP1",-0.0997482740772294,5.21422699937261,1.41744772310291,0.236338821373802,0.611082120659212,TRUE,FALSE,TRUE,FALSE,"Granule",20,109,16,93,FALSE,0.717255992255741
"SRD5A1",0.0780199803335833,5.12506965066206,1.41556654285622,0.236647531262173,0.611184760931993,TRUE,FALSE,TRUE,FALSE,"Granule",20,109,16,93,FALSE,0.717255992255741
"TOP2B",-0.113056195430841,7.39512117085486,1.41175706852779,0.237038367303695,0.755719359166516,TRUE,FALSE,TRUE,FALSE,"Golgi",20,106,16,90,FALSE,0.717255992255741
"PPARG",0.280538511492056,5.22404426426086,1.3995279762671,0.239223705298574,0.82362040778981,TRUE,TRUE,TRUE,TRUE,"MLI_2",20,104,16,88,FALSE,0.720785121052916
"STS",-0.2165498117139,5.33145103165027,1.39630562624769,0.23943889295251,0.768522279687661,TRUE,FALSE,TRUE,FALSE,"UBC",20,103,16,87,FALSE,0.720785121052916
"AKR1B1",-0.163624289735535,3.3625661632181,1.39375007978712,0.240239705637982,0.513337170401733,TRUE,FALSE,TRUE,TRUE,"Bergmann",20,108,16,92,FALSE,0.72133669970479
"EIF4A1",-0.185527929318752,4.13197968972992,1.38523181577273,0.241479791092183,0.669599393843743,TRUE,FALSE,TRUE,FALSE,"OPC",20,107,16,91,FALSE,0.723201015373511
"SGMS1",-0.0940783352304384,7.44194288375441,1.37413386082549,0.243352679001676,0.760372014626004,TRUE,FALSE,FALSE,FALSE,"Golgi",20,106,16,90,FALSE,0.725355865277164
"MCL1",-0.272379093027852,4.54522985196118,1.36868639587317,0.244166033958309,0.827202339221476,TRUE,TRUE,TRUE,TRUE,"MLI_2",20,104,16,88,FALSE,0.725355865277164
"PDE4D",-0.125437564934554,7.712214086841,1.37097193602445,0.24418612204383,0.619091163971912,TRUE,FALSE,TRUE,FALSE,"Granule",20,109,16,93,FALSE,0.725355865277164
"ADORA1",0.144489598397615,5.46361669900074,1.36394137598585,0.245254085383048,0.64661822863763,TRUE,FALSE,TRUE,FALSE,"Oligodendrocytes",20,107,16,91,FALSE,0.725355865277164
"ADCY10",-0.257001130122086,4.12361589620484,1.36067310355757,0.245770840092922,0.642663644253648,TRUE,FALSE,FALSE,FALSE,"Astrocytes",20,108,16,92,FALSE,0.725355865277164
"CA3",-0.174083595816448,4.94270110909141,1.35728850969039,0.246144477796241,0.762992762758043,TRUE,FALSE,TRUE,FALSE,"Golgi",20,106,16,90,FALSE,0.725355865277164
"PDE4B",-0.182148606454827,8.08493813237999,1.35803739996255,0.246546471331365,0.822984104338973,TRUE,FALSE,TRUE,FALSE,"Purkinje",20,108,16,92,FALSE,0.725355865277164
"APP",-0.0925007844992575,8.47057339167607,1.35112967103985,0.247562920388961,0.62171725767823,TRUE,TRUE,TRUE,TRUE,"Granule",20,109,16,93,FALSE,0.726516309081172
"PDE4B",-0.189050726528005,9.00557111318273,1.34604520284039,0.248673297933414,0.649027189142236,TRUE,FALSE,TRUE,FALSE,"Oligodendrocytes",20,107,16,91,FALSE,0.727945894702323
"DRD4",0.321152422576052,1.13443847869075,1.3373784391542,0.249403195472591,0.522816965932941,TRUE,FALSE,TRUE,FALSE,"Bergmann",20,108,16,92,FALSE,0.728257330779965
"SIGMAR1",-0.185658310880612,2.131070985287,1.30917276200833,0.254943493697689,0.628836278012512,TRUE,FALSE,TRUE,FALSE,"Granule",20,109,16,93,FALSE,0.732602179355132
"PTPN1",-0.138470854210873,6.12039186982172,1.30486598242492,0.255765103499183,0.805819054077594,TRUE,TRUE,TRUE,TRUE,"Endocytes",20,103,16,87,FALSE,0.732602179355132
"GSK3B",-0.0691621205698542,8.1931877769705,1.30040605544251,0.256442937818439,0.77454497016492,TRUE,FALSE,TRUE,FALSE,"Microglia",20,107,16,91,FALSE,0.732602179355132
"TDP1",0.169265131877527,5.2548249087131,1.29974178663103,0.256483710388864,0.828753928733622,TRUE,FALSE,TRUE,FALSE,"Purkinje",20,108,16,92,FALSE,0.732602179355132
"KAT2B",0.119254783915901,6.90727455145473,1.29798691187448,0.25665813543881,0.812418315590625,TRUE,FALSE,FALSE,FALSE,"PLI",20,105,16,89,FALSE,0.732602179355132
"SYNJ2",0.320745798529672,4.87580989800981,1.2995867576733,0.256788238126375,0.828841774128898,TRUE,FALSE,TRUE,FALSE,"Purkinje",20,108,16,92,FALSE,0.732602179355132
"ADCY10",-0.386898858497287,4.43812974431721,1.2972225513957,0.256964015219267,0.830032264665129,TRUE,FALSE,FALSE,FALSE,"MLI_2",20,104,16,88,FALSE,0.732602179355132
"CTNNB1",0.0879260884566842,7.5703939555721,1.29693323955694,0.257218017383917,0.531723989148261,TRUE,FALSE,TRUE,FALSE,"Bergmann",20,108,16,92,FALSE,0.732602179355132
"KAT2B",0.129546095330453,6.94502271882201,1.29495691065087,0.257367618274096,0.830093270570021,TRUE,FALSE,FALSE,FALSE,"MLI_2",20,104,16,88,FALSE,0.732602179355132
"ACHE",-0.218132035670457,3.70907095377023,1.29027724141502,0.25811053047174,0.681244808902092,TRUE,TRUE,TRUE,TRUE,"OPC",20,107,16,91,FALSE,0.732602179355132
"NR3C1",-0.0853636221064679,8.23332593884087,1.29066359342129,0.258284663240473,0.654996047064867,TRUE,FALSE,FALSE,FALSE,"Astrocytes",20,108,16,92,FALSE,0.732602179355132
"ERCC5",0.159607040941811,6.17902405973369,1.29032234940099,0.258417892032803,0.806448855550702,TRUE,FALSE,FALSE,FALSE,"Endocytes",20,103,16,87,FALSE,0.732602179355132
"APP",-0.0890398685857848,8.62207464587316,1.27906478534664,0.26042269982224,0.659502494191685,TRUE,TRUE,TRUE,TRUE,"Oligodendrocytes",20,107,16,91,FALSE,0.736498095381057
"DOT1L",0.156933581629223,5.40445321984947,1.26120380727405,0.263886031354208,0.637957500039391,TRUE,FALSE,TRUE,FALSE,"Granule",20,109,16,93,FALSE,0.744490059472742
"BRAF",-0.0697149731965526,8.46405505764886,1.25563588103703,0.264810222809016,0.662424740719451,TRUE,FALSE,TRUE,FALSE,"Oligodendrocytes",20,107,16,91,FALSE,0.745156688811558
"SNCA",0.115043247675228,7.83851799167767,1.24399583522259,0.266750680034282,0.823735854712217,TRUE,TRUE,TRUE,TRUE,"PLI",20,105,16,89,FALSE,0.745156688811558
"OPRK1",-0.400165809578624,1.61041401087124,1.24158315703167,0.26728288726587,0.542920396524847,TRUE,FALSE,TRUE,TRUE,"Bergmann",20,108,16,92,FALSE,0.745156688811558
"SLC6A4",-0.175739896726383,-0.354183143438085,1.23549371245932,0.268197137586519,0.640527483103367,TRUE,FALSE,TRUE,FALSE,"Granule",20,109,16,93,FALSE,0.745156688811558
"KYNU",-0.178913023663281,-0.178829328118481,1.22657478152053,0.27003962341547,0.641613831354338,TRUE,FALSE,FALSE,FALSE,"Granule",20,109,16,93,FALSE,0.745156688811558
"FYN",0.112323172307054,8.59576064471127,1.22361446303934,0.270396114922097,0.724062124683691,TRUE,FALSE,TRUE,FALSE,"Pericytes",20,101,16,85,FALSE,0.745156688811558
"ACLY",0.155032861472794,4.57899830852465,1.22573600955862,0.270493674998755,0.66613127901688,TRUE,FALSE,FALSE,FALSE,"Astrocytes",20,108,16,92,FALSE,0.745156688811558
"SNCA",-0.115595060668702,7.67132910365103,1.2254252476911,0.270683942886633,0.54639768470791,TRUE,TRUE,TRUE,TRUE,"Bergmann",20,108,16,92,FALSE,0.745156688811558
"MAP2K1",0.174704143226963,5.86030954734068,1.22271200884933,0.270889403026249,0.787996513727593,TRUE,TRUE,TRUE,TRUE,"UBC",20,103,16,87,FALSE,0.745156688811558
"CA4",0.262913599397797,6.099163846153,1.2231014989372,0.271314535554945,0.546853012105133,TRUE,FALSE,TRUE,FALSE,"Bergmann",20,108,16,92,FALSE,0.745156688811558
"SGMS1",-0.100347250563534,7.46275652648546,1.21900152928899,0.271588366362603,0.827165284123164,TRUE,FALSE,FALSE,FALSE,"PLI",20,105,16,89,FALSE,0.745156688811558
"NR1H2",0.219655501915878,4.7578535129914,1.21880773841368,0.271778038898736,0.816562769674954,TRUE,FALSE,TRUE,FALSE,"Endocytes",20,103,16,87,FALSE,0.745156688811558
"POLA1",-0.0922971146742297,6.86330814633101,1.21298226641777,0.27304193038151,0.668596299470935,TRUE,FALSE,TRUE,FALSE,"Astrocytes",20,108,16,92,FALSE,0.746404788473357
"PRKCB",-0.162620285873379,7.52136514754282,1.20968252480224,0.273954283797792,0.697138809893526,TRUE,FALSE,TRUE,TRUE,"OPC",20,107,16,91,FALSE,0.746404788473357
"ACHE",-0.253594550898212,3.82837531988605,1.20440155339266,0.274451358018716,0.787724261768154,TRUE,TRUE,TRUE,TRUE,"Microglia",20,107,16,91,FALSE,0.746404788473357
"BRAF",-0.0987693192128205,8.88916751628497,1.20130126733665,0.274789434112623,0.72448634519091,TRUE,FALSE,TRUE,FALSE,"Pericytes",20,101,16,85,FALSE,0.746404788473357
"PPARG",0.237153274872986,5.15723648045517,1.19373151936226,0.276847782724694,0.821397483923356,TRUE,TRUE,TRUE,TRUE,"Endocytes",20,103,16,87,FALSE,0.748037359697315
"FDFT1",0.212078081942298,4.97871571424784,1.18918072138504,0.277567038063364,0.844402838596835,TRUE,FALSE,TRUE,FALSE,"MLI_2",20,104,16,88,FALSE,0.748037359697315
"PTPN1",-0.0936836887927445,5.80696005901501,1.18764632529917,0.27808293858659,0.673769591790565,TRUE,TRUE,TRUE,TRUE,"Astrocytes",20,108,16,92,FALSE,0.748037359697315
"MAP2K1",0.0884130303752886,5.58486892850136,1.187849692033,0.278119211075037,0.553817687392894,TRUE,TRUE,TRUE,TRUE,"Bergmann",20,108,16,92,FALSE,0.748037359697315
"LCK",-0.221372460890559,-0.71191970776023,1.18136356465944,0.278799624151818,0.649703612220431,TRUE,FALSE,FALSE,FALSE,"Granule",20,109,16,93,FALSE,0.748037359697315
"SLC5A1",-0.217928606445578,-0.908681100850926,1.17903584711117,0.2792331239966,0.649985591184164,TRUE,FALSE,TRUE,FALSE,"Granule",20,109,16,93,FALSE,0.748037359697315
"PTPN1",-0.0805384093830456,5.875980361251,1.17277967289309,0.281091268910393,0.678973123388363,TRUE,TRUE,TRUE,TRUE,"Oligodendrocytes",20,107,16,91,FALSE,0.751291995623202
"TRPV1",0.104955251561028,4.98481931986107,1.16962798280237,0.281797310737552,0.651217107411002,TRUE,FALSE,TRUE,FALSE,"Granule",20,109,16,93,FALSE,0.751459495300139
"ADORA1",0.126301057364113,5.38374405522879,1.15569319828784,0.28468573386159,0.653641375215217,TRUE,FALSE,TRUE,FALSE,"Granule",20,109,16,93,FALSE,0.755223514335402
"CTNNB1",0.0959818445076091,7.55159477677845,1.15265395895686,0.28520242878375,0.709206905396286,TRUE,FALSE,TRUE,FALSE,"OPC",20,107,16,91,FALSE,0.755223514335402
"DAB2IP",-0.110166421964286,8.50705106038754,1.15015737187009,0.285780100027236,0.680936417339802,TRUE,FALSE,FALSE,FALSE,"Astrocytes",20,108,16,92,FALSE,0.755223514335402
"OPRM1",-0.18097087953555,6.95892411935975,1.14720492354905,0.286587270070423,0.562233524896762,TRUE,FALSE,TRUE,TRUE,"Bergmann",20,108,16,92,FALSE,0.755223514335402
"MAPK10",0.0956550317093852,9.00605328443432,1.1451154251134,0.286683927208449,0.853109420146844,TRUE,FALSE,TRUE,FALSE,"MLI_2",20,104,16,88,FALSE,0.755223514335402
"NR3C1",-0.0895589600804438,8.24173839522211,1.14328560996748,0.287088390723389,0.846519362621114,TRUE,FALSE,FALSE,FALSE,"Purkinje",20,108,16,92,FALSE,0.755223514335402
"PPARG",0.192182917776634,5.08761054942751,1.13972141676555,0.288052890574754,0.71100554186798,TRUE,TRUE,TRUE,TRUE,"OPC",20,107,16,91,FALSE,0.756057924025421
"KAT2B",-0.15893502092445,7.30808315385129,1.12794711062845,0.289894453290037,0.737277188537951,TRUE,FALSE,FALSE,FALSE,"Pericytes",20,101,16,85,FALSE,0.75789332167804
"HIF1A",-0.0881339359371567,6.40393091306125,1.12969846322135,0.290049927046305,0.845173349440947,TRUE,FALSE,TRUE,FALSE,"MLI_1",20,108,16,92,FALSE,0.75789332167804
"ERCC5",0.209522482929109,6.74870216066394,1.11246428645338,0.293173941986659,0.739660479391643,TRUE,FALSE,FALSE,FALSE,"Pericytes",20,101,16,85,FALSE,0.764346348750931
"PPARG",-0.209954629937346,5.06882170757568,1.11087217702952,0.293951387579951,0.847184598418202,TRUE,TRUE,TRUE,TRUE,"Purkinje",20,108,16,92,FALSE,0.764666415798179
"PTPN1",-0.116657323827566,6.1448251111196,1.10198869010335,0.295697801076295,0.847735663781283,TRUE,TRUE,TRUE,TRUE,"PLI",20,105,16,89,FALSE,0.767288411767996
"HSD17B3",0.172721862722945,0.671849445321707,1.09831953775115,0.296649300947647,0.662844887927434,TRUE,FALSE,TRUE,FALSE,"Granule",20,109,16,93,FALSE,0.767288411767996
"TDP1",0.120576577187915,5.08294308997171,1.09775287724991,0.296930104554053,0.848954348554411,TRUE,FALSE,TRUE,FALSE,"MLI_1",20,108,16,92,FALSE,0.767288411767996
"GSK3B",-0.106029547709913,8.53318671749172,1.09000266216834,0.298125054299279,0.74299858571657,TRUE,FALSE,TRUE,FALSE,"Pericytes",20,101,16,85,FALSE,0.767789835354698
"APP",-0.087401520282191,8.53842384232085,1.09082837773345,0.298438857235473,0.717980005378179,TRUE,TRUE,TRUE,TRUE,"OPC",20,107,16,91,FALSE,0.767789835354698
"PTPN11",-0.0578993669747536,6.17789142425837,1.07709250861029,0.301593837782583,0.667365438843133,TRUE,FALSE,TRUE,TRUE,"Granule",20,109,16,93,FALSE,0.771119707978934
"PRKCB",-0.165970314951383,7.61772554912862,1.07657152285656,0.301904928757387,0.803071275405239,TRUE,FALSE,TRUE,TRUE,"Microglia",20,107,16,91,FALSE,0.771119707978934
"EPHX2",-0.182089435980245,4.67487561910687,1.07420186494883,0.301984292828339,0.852503511318773,TRUE,FALSE,TRUE,FALSE,"Purkinje",20,108,16,92,FALSE,0.771119707978934
"TDP1",-0.146693129208464,5.29210002806736,1.0722748276363,0.302407992843994,0.794102894640031,TRUE,FALSE,TRUE,FALSE,"Golgi",20,106,16,90,FALSE,0.771119707978934
"DYRK1A",-0.0741035955448954,8.06397740863614,1.06816246444738,0.303526811382153,0.696152485461089,TRUE,FALSE,TRUE,TRUE,"Astrocytes",20,108,16,92,FALSE,0.771119707978934
"FABP7",0.210929229584301,3.47818404769932,1.06282598004324,0.304347069650276,0.805044863681346,TRUE,FALSE,TRUE,TRUE,"Microglia",20,107,16,91,FALSE,0.771119707978934
"CBS",0.262972743946527,-0.683330651650691,1.062360299088,0.304354610769083,0.66980367993923,TRUE,FALSE,FALSE,FALSE,"Granule",20,109,16,93,FALSE,0.771119707978934
"SNCA",-0.104619826189145,7.74044539191453,1.05608014159269,0.306265375806497,0.696877499320213,TRUE,TRUE,TRUE,TRUE,"Astrocytes",20,108,16,92,FALSE,0.772672680548031
"BCHE",0.193585362299139,3.26168702382225,1.05186499447282,0.306812219051382,0.723331622326636,TRUE,FALSE,FALSE,FALSE,"OPC",20,107,16,91,FALSE,0.772672680548031
"CA4",0.23571910957997,6.43085544019128,1.05421355360814,0.306996280056583,0.835019680404067,TRUE,FALSE,TRUE,FALSE,"Endocytes",20,103,16,87,FALSE,0.772672680548031
"ESR2",0.107936952888731,4.9398274343013,1.05005757779566,0.307613695594893,0.85068756626308,TRUE,TRUE,TRUE,TRUE,"MLI_1",20,108,16,92,FALSE,0.772672680548031
"SRC",-0.156134435861371,3.68658319649065,1.04258814231733,0.30921445996868,0.85068756626308,TRUE,FALSE,TRUE,FALSE,"MLI_1",20,108,16,92,FALSE,0.775026800951542
"ERBB2",0.129112305831537,0.983164024446147,1.03649925958349,0.310666086752157,0.674278591294215,TRUE,FALSE,FALSE,FALSE,"Granule",20,109,16,93,FALSE,0.776997835816959
"PKM",-0.137161054652782,6.62397016904479,1.03358193073753,0.311374360382753,0.854615227125555,TRUE,FALSE,TRUE,FALSE,"PLI",20,105,16,89,FALSE,0.777105241297127
"IGF1R",-0.079246210172685,8.71314230292835,1.02329158517486,0.313739202763719,0.874254226848597,TRUE,FALSE,TRUE,FALSE,"MLI_2",20,104,16,88,FALSE,0.780858317209282
"MAP2K1",0.145284749622913,5.93040095009072,1.02203033581371,0.31421524750716,0.838817468542075,TRUE,TRUE,TRUE,TRUE,"Endocytes",20,103,16,87,FALSE,0.780858317209282
"JUN",-0.225108212346438,4.67532239439787,1.01469905984561,0.31605190308236,0.730938110151867,TRUE,FALSE,TRUE,TRUE,"OPC",20,107,16,91,FALSE,0.78165395853918
"DYRK1A",-0.0664736389824174,8.07667069143666,1.01365592433378,0.316123873911941,0.85590288161983,TRUE,FALSE,TRUE,TRUE,"MLI_1",20,108,16,92,FALSE,0.78165395853918
"PRKCQ",0.233078280216945,2.11568200857214,1.00597215705624,0.317807915590038,0.591890330968048,TRUE,FALSE,TRUE,FALSE,"Bergmann",20,108,16,92,FALSE,0.78165395853918
"ACHE",-0.186290658406638,3.60495787115651,1.00460400941667,0.318119741039513,0.707224444925275,TRUE,TRUE,TRUE,TRUE,"Oligodendrocytes",20,107,16,91,FALSE,0.78165395853918
"TET1",0.125927071573743,5.90368462587486,0.999566586126801,0.319173867837773,0.858691226261219,TRUE,FALSE,TRUE,TRUE,"PLI",20,105,16,89,FALSE,0.78165395853918
"MAP2K1",0.0860930826594006,5.62419380238835,1.00079968820374,0.319215523073149,0.707506652872587,TRUE,TRUE,TRUE,TRUE,"Astrocytes",20,108,16,92,FALSE,0.78165395853918
"HIF1A",-0.169829330818604,7.07610476147939,0.998330297276512,0.319286741783114,0.757822217652256,TRUE,FALSE,TRUE,FALSE,"Pericytes",20,101,16,85,FALSE,0.78165395853918
"EPHX2",-0.217689895747087,5.09222578706256,0.996635913576759,0.319889205635041,0.807827260693893,TRUE,FALSE,TRUE,FALSE,"UBC",20,103,16,87,FALSE,0.78165395853918
"F3",0.304078956131409,3.23598766482396,0.985179156127211,0.32268641884813,0.710109672907153,TRUE,FALSE,TRUE,FALSE,"Astrocytes",20,108,16,92,FALSE,0.785428516666748
"EIF4A1",-0.144571870998416,4.01496135081831,0.985538046551239,0.322778842465787,0.71147619178762,TRUE,FALSE,TRUE,FALSE,"Oligodendrocytes",20,107,16,91,FALSE,0.785428516666748
"ERCC5",0.0802261134712624,6.09297665869303,0.983145783574974,0.323569713315256,0.684610168937413,TRUE,FALSE,FALSE,FALSE,"Granule",20,109,16,93,FALSE,0.785716060607524
"PRKCE",-0.076266563668162,9.51503989505924,0.962437770765221,0.328125178323462,0.764802949982669,TRUE,FALSE,TRUE,TRUE,"Pericytes",20,101,16,85,FALSE,0.790615776228987
"ADORA1",0.137956998801767,5.24499901702281,0.964204380377202,0.328172546864114,0.861482530628636,TRUE,FALSE,TRUE,FALSE,"MLI_1",20,108,16,92,FALSE,0.790615776228987
"FYN",0.0652490600994731,8.13942439292742,0.962468496225943,0.328568353547463,0.816541181539537,TRUE,FALSE,TRUE,FALSE,"Microglia",20,107,16,91,FALSE,0.790615776228987
"POLA1",0.0944118672195615,6.95728966104533,0.96158510085131,0.328596236731607,0.864232236073389,TRUE,FALSE,TRUE,FALSE,"PLI",20,105,16,89,FALSE,0.790615776228987
"SRD5A1",-0.0887944880122837,5.19159764326654,0.960989401709494,0.328971975382952,0.716100226631167,TRUE,FALSE,TRUE,FALSE,"Oligodendrocytes",20,107,16,91,FALSE,0.790615776228987
"PRKCG",-0.223176601426197,5.13635926125087,0.953479770555298,0.331091838968256,0.862447909266807,TRUE,FALSE,TRUE,TRUE,"MLI_1",20,108,16,92,FALSE,0.791443161567555
"DYRK1A",-0.0664708627905892,8.13077978361234,0.950797109776116,0.331415448941545,0.811774169112372,TRUE,FALSE,TRUE,TRUE,"Golgi",20,106,16,90,FALSE,0.791443161567555
"STS",0.140151153175104,4.67790782789047,0.950589979292129,0.331467580696158,0.817276781817458,TRUE,FALSE,TRUE,FALSE,"Microglia",20,107,16,91,FALSE,0.791443161567555
"PTK2",0.0502392767426471,8.83064885577221,0.948144292218193,0.33230227854196,0.604719338231526,TRUE,FALSE,FALSE,FALSE,"Bergmann",20,108,16,92,FALSE,0.791443161567555
"BRAF",-0.0479330060583007,8.47822602580099,0.944352102569808,0.33326475647029,0.692571303173363,TRUE,FALSE,TRUE,FALSE,"Granule",20,109,16,93,FALSE,0.791443161567555
"FABP3",-0.175887778695288,2.70149274092634,0.940906436011224,0.333676390438669,0.719254437383401,TRUE,FALSE,TRUE,TRUE,"Oligodendrocytes",20,107,16,91,FALSE,0.791443161567555
"ERCC5",0.114509049910479,6.18361892752605,0.940403355181055,0.334059485147949,0.814319951832775,TRUE,FALSE,FALSE,FALSE,"Golgi",20,106,16,90,FALSE,0.791443161567555
"CA3",-0.1222803722038,4.70462610352165,0.923055562139158,0.338649855206257,0.724367387455907,TRUE,FALSE,TRUE,FALSE,"Astrocytes",20,108,16,92,FALSE,0.797797877957569
"APP",0.106940861965142,8.96310411904979,0.923812607394566,0.33869546084532,0.815511725908246,TRUE,TRUE,TRUE,TRUE,"Golgi",20,106,16,90,FALSE,0.797797877957569
"TET1",0.084512701225676,5.89337505650744,0.918403846725261,0.339900799349183,0.725358644998969,TRUE,FALSE,TRUE,TRUE,"Oligodendrocytes",20,107,16,91,FALSE,0.797797877957569
"JUN",-0.237287805833725,4.53933209885064,0.916006533705835,0.340379480832325,0.864398586087953,TRUE,FALSE,TRUE,TRUE,"Purkinje",20,108,16,92,FALSE,0.797797877957569
"DOT1L",-0.149989991767448,5.45405143777018,0.913331783909986,0.341056636096649,0.816994952173817,TRUE,FALSE,TRUE,FALSE,"Golgi",20,106,16,90,FALSE,0.797797877957569
"MCL1",-0.117274805837841,4.43501134123505,0.913269036819638,0.341167539627439,0.726648991956258,TRUE,TRUE,TRUE,TRUE,"Oligodendrocytes",20,107,16,91,FALSE,0.797797877957569
"CA4",0.256658344204814,6.09114846935756,0.909243279896246,0.342540887350959,0.864619798763268,TRUE,FALSE,TRUE,FALSE,"Purkinje",20,108,16,92,FALSE,0.797797877957569
"CTNNB1",0.0924230626429066,7.58057854858769,0.905828957220331,0.343122567458467,0.865142215596982,TRUE,FALSE,TRUE,FALSE,"Purkinje",20,108,16,92,FALSE,0.797797877957569
"ALK",-0.230693628963978,4.01287696042883,0.904674211084061,0.343174369281175,0.882080232925695,TRUE,FALSE,FALSE,FALSE,"MLI_2",20,104,16,88,FALSE,0.797797877957569
"SGMS2",-0.12003073916501,3.97286168212924,0.902004327118204,0.3440981106168,0.728544726502404,TRUE,FALSE,FALSE,FALSE,"Oligodendrocytes",20,107,16,91,FALSE,0.797797877957569
"PTPN1",-0.131033138135033,6.06654941316208,0.898812207323378,0.344891115182179,0.82013646959173,TRUE,TRUE,TRUE,TRUE,"UBC",20,103,16,87,FALSE,0.797797877957569
"FDPS",0.112493039906679,4.21420286188255,0.899303029846927,0.345017008206392,0.616534245030489,TRUE,FALSE,TRUE,FALSE,"Bergmann",20,108,16,92,FALSE,0.797797877957569
"PDE4B",-0.166565102809526,8.15761766657376,0.893123173398318,0.346939946121478,0.885361923209364,TRUE,FALSE,TRUE,FALSE,"MLI_2",20,104,16,88,FALSE,0.797797877957569
"APEX1",-0.201077696269787,3.51393793607552,0.890295472034994,0.347016931453641,0.823359703316685,TRUE,FALSE,FALSE,FALSE,"Microglia",20,107,16,91,FALSE,0.797797877957569
"PTPN11",-0.0961261101416039,6.44382552437922,0.888786878592266,0.347519888897297,0.870631838150284,TRUE,FALSE,TRUE,TRUE,"PLI",20,105,16,89,FALSE,0.797797877957569
"BACE1",0.0770498452942904,5.35510609222475,0.886659039438208,0.348425075306334,0.619442961751234,TRUE,FALSE,TRUE,FALSE,"Bergmann",20,108,16,92,FALSE,0.797797877957569
"SGMS2",0.155648810291071,4.02201367303991,0.882923401976782,0.349127131174693,0.824592374929541,TRUE,FALSE,FALSE,FALSE,"Microglia",20,107,16,91,FALSE,0.797797877957569
"SIRT1",-0.127870097213949,5.57977197554851,0.882230630948955,0.349594432025862,0.847551655584839,TRUE,FALSE,FALSE,FALSE,"Endocytes",20,103,16,87,FALSE,0.797797877957569
"KDM6B",0.212274201368882,5.421853257717,0.879906286083618,0.350206485424885,0.887463645771271,TRUE,FALSE,TRUE,FALSE,"MLI_2",20,104,16,88,FALSE,0.797797877957569
"PTPN2",0.0841515026762068,6.67935146913673,0.875613978768089,0.351312257287587,0.824986052969092,TRUE,FALSE,TRUE,FALSE,"Microglia",20,107,16,91,FALSE,0.797797877957569
"GSK3B",-0.0458139874062773,8.20326068975273,0.874584494844174,0.351631715782498,0.86933403666749,TRUE,FALSE,TRUE,FALSE,"MLI_1",20,108,16,92,FALSE,0.797797877957569
"MCL1",-0.133024528957183,4.51178538732435,0.872024307217582,0.352263175564632,0.75557148159901,TRUE,TRUE,TRUE,TRUE,"OPC",20,107,16,91,FALSE,0.797797877957569
"ESR2",-0.199193567470216,5.23048993821255,0.870680660054969,0.352451802248378,0.821682972493443,TRUE,TRUE,TRUE,TRUE,"UBC",20,103,16,87,FALSE,0.797797877957569
"PRKCB",0.125219600332052,7.98770663293384,0.868020656970792,0.353671554287437,0.821682972493443,TRUE,FALSE,TRUE,TRUE,"UBC",20,103,16,87,FALSE,0.798808857960756
"PRKCB",-0.149250126163082,7.52231639905979,0.865924658819967,0.354266257212048,0.735356263981821,TRUE,FALSE,TRUE,TRUE,"Oligodendrocytes",20,107,16,91,FALSE,0.798808857960756
"PTPN2",-0.101294230187886,6.5869497523165,0.85195810074239,0.357989801844604,0.851132920245376,TRUE,FALSE,TRUE,FALSE,"Endocytes",20,103,16,87,FALSE,0.80091747491371
"POLA1",-0.109553969267252,6.97435812646407,0.846451982997746,0.35939034232654,0.871202517097599,TRUE,FALSE,TRUE,FALSE,"Purkinje",20,108,16,92,FALSE,0.80091747491371
"ENPP1",0.168778219952956,2.95572701608983,0.845070027396344,0.359505200355362,0.761586611221341,TRUE,FALSE,TRUE,FALSE,"OPC",20,107,16,91,FALSE,0.80091747491371
"KDM6B",0.200577396007275,5.49694489654813,0.845279605356794,0.359620653728685,0.82312987030251,TRUE,FALSE,TRUE,FALSE,"UBC",20,103,16,87,FALSE,0.80091747491371
"CA2",0.191530701533052,4.15899788332493,0.844934976532038,0.359833009790196,0.738526686252314,TRUE,TRUE,TRUE,TRUE,"Oligodendrocytes",20,107,16,91,FALSE,0.80091747491371
"PRKCB",-0.142903350512983,7.52314716911874,0.844776047558874,0.360126243317686,0.712951146441706,TRUE,FALSE,TRUE,TRUE,"Granule",20,109,16,93,FALSE,0.80091747491371
"TET2",0.124498835675162,5.5278149521251,0.843389862711169,0.360242898278467,0.871202517097599,TRUE,FALSE,TRUE,TRUE,"Purkinje",20,108,16,92,FALSE,0.80091747491371
"MGLL",0.11816178110982,7.86777714665255,0.838438047015959,0.36129346805181,0.78897548439167,TRUE,FALSE,TRUE,FALSE,"Pericytes",20,101,16,85,FALSE,0.80091747491371
"FDFT1",-0.148690584402231,5.02194616463017,0.835798651251679,0.362387163161318,0.871365569973127,TRUE,FALSE,TRUE,FALSE,"Purkinje",20,108,16,92,FALSE,0.80091747491371
"PDE4D",-0.0764715001826196,8.24461858255042,0.83526723828379,0.362649346094393,0.869719535241114,TRUE,FALSE,TRUE,FALSE,"MLI_1",20,108,16,92,FALSE,0.80091747491371
"SOAT1",-0.119997138106933,3.78866418579139,0.834600121110575,0.362744301566227,0.869719535241114,TRUE,FALSE,TRUE,FALSE,"MLI_1",20,108,16,92,FALSE,0.80091747491371
"CD22",0.169660898314541,4.80029376533056,0.820116768243832,0.367121895132258,0.744337177344713,TRUE,FALSE,TRUE,FALSE,"Oligodendrocytes",20,107,16,91,FALSE,0.802908833471802
"STS",-0.0981331385728202,4.94388085855889,0.819170634605198,0.367260004753632,0.767025266254853,TRUE,FALSE,TRUE,FALSE,"OPC",20,107,16,91,FALSE,0.802908833471802
"LYPLA1",-0.082470761568322,5.08046017609842,0.817616308865632,0.367740038301739,0.744433170412447,TRUE,FALSE,FALSE,FALSE,"Oligodendrocytes",20,107,16,91,FALSE,0.802908833471802
"SRD5A1",0.163050408357575,5.19553018156602,0.817515235432392,0.367789806434628,0.852025483249086,TRUE,FALSE,TRUE,FALSE,"Endocytes",20,103,16,87,FALSE,0.802908833471802
"MGLL",-0.0925129421234714,7.38651398968883,0.816168802162042,0.368083229918112,0.894089649965815,TRUE,FALSE,TRUE,FALSE,"MLI_2",20,104,16,88,FALSE,0.802908833471802
"HSP90AB1",-0.152320106407725,7.41105693229514,0.816791786572333,0.368293930909586,0.876266872410581,TRUE,FALSE,TRUE,FALSE,"PLI",20,105,16,89,FALSE,0.802908833471802
"HTR2B",-0.154078778643552,-0.312991645447164,0.810723969623543,0.369466125098382,0.72153600934538,TRUE,FALSE,TRUE,FALSE,"Granule",20,109,16,93,FALSE,0.802908833471802
"HIF1A",-0.0928354337544828,6.66297796671568,0.808784282678789,0.370309966702639,0.836526701480554,TRUE,FALSE,TRUE,FALSE,"Microglia",20,107,16,91,FALSE,0.802908833471802
"TRPM8",-0.191429289076022,-0.910875815176273,0.802412331449021,0.371751651967305,0.723714191164417,TRUE,FALSE,TRUE,FALSE,"Granule",20,109,16,93,FALSE,0.802908833471802
"PTPN2",0.146781813535204,7.17782243296796,0.804489594372459,0.371801310941897,0.875683587762814,TRUE,FALSE,TRUE,FALSE,"Purkinje",20,108,16,92,FALSE,0.802908833471802
"BRAF",-0.0571193953706573,8.49544573270054,0.802588038628981,0.372056639171997,0.83602727650472,TRUE,FALSE,TRUE,FALSE,"Golgi",20,106,16,90,FALSE,0.802908833471802
"DAB2IP",-0.0954120553686526,8.60035414721686,0.801614818097148,0.372548435173645,0.837101492036586,TRUE,FALSE,FALSE,FALSE,"Microglia",20,107,16,91,FALSE,0.802908833471802
"KDM6B",0.143223097401171,5.35561269413,0.801575684588909,0.372582694984346,0.74760746334562,TRUE,FALSE,TRUE,FALSE,"Oligodendrocytes",20,107,16,91,FALSE,0.802908833471802
"BACE1",-0.126052082158881,5.58689684859266,0.798189497228933,0.373534097712079,0.85523649507288,TRUE,FALSE,TRUE,FALSE,"Endocytes",20,103,16,87,FALSE,0.803476659535373
"TDP1",-0.104876906292066,5.25912286693053,0.788067533120345,0.376460073215553,0.838247224931152,TRUE,FALSE,TRUE,FALSE,"Microglia",20,107,16,91,FALSE,0.806198893168719
"CTNNB1",0.0746366440880415,7.5768862466182,0.784791380612354,0.377526895350872,0.751009504477459,TRUE,FALSE,TRUE,FALSE,"Oligodendrocytes",20,107,16,91,FALSE,0.806198893168719
"CA4",0.19008721678202,6.07506326870774,0.780336771165525,0.379085020299415,0.837772217112871,TRUE,FALSE,TRUE,FALSE,"Golgi",20,106,16,90,FALSE,0.806198893168719
"POLA1",-0.0718048757915726,6.8881162682871,0.77781658627968,0.379618702887143,0.774828546119218,TRUE,FALSE,TRUE,FALSE,"OPC",20,107,16,91,FALSE,0.806198893168719
"SYNJ2",0.230098131376612,4.38021494421998,0.776622220841389,0.37981820730093,0.858955988583753,TRUE,FALSE,TRUE,FALSE,"Endocytes",20,103,16,87,FALSE,0.806198893168719
"ESRRA",-0.143958741216287,3.41590597341315,0.772929250850251,0.380885372971192,0.757326561639843,TRUE,FALSE,TRUE,FALSE,"Astrocytes",20,108,16,92,FALSE,0.806198893168719
"SIGMAR1",0.204955159081823,2.18593897229655,0.772809376095881,0.381099213190935,0.645786400680727,TRUE,FALSE,TRUE,FALSE,"Bergmann",20,108,16,92,FALSE,0.806198893168719
"CA13",-0.213973474312901,4.19915272667269,0.77016644503306,0.381700950070588,0.902012151691827,TRUE,FALSE,TRUE,FALSE,"MLI_2",20,104,16,88,FALSE,0.806198893168719
"DYRK1A",-0.047345583942716,8.07999104728638,0.770514592430697,0.381945758196448,0.730310529090703,TRUE,FALSE,TRUE,TRUE,"Granule",20,109,16,93,FALSE,0.806198893168719
"ESR2",0.0567720853497689,4.78999670014689,0.768538275875532,0.38253648605933,0.73051433299327,TRUE,TRUE,TRUE,TRUE,"Granule",20,109,16,93,FALSE,0.806198893168719
"SOAT1",-0.117095283889969,3.74725333936911,0.767723476861699,0.382593978179065,0.753532626179461,TRUE,FALSE,TRUE,FALSE,"Oligodendrocytes",20,107,16,91,FALSE,0.806198893168719
"DOT1L",0.181206442664566,5.54787473816045,0.766671483780987,0.383082522010821,0.902012151691827,TRUE,FALSE,TRUE,FALSE,"MLI_2",20,104,16,88,FALSE,0.806198893168719
"DOT1L",0.126955790014991,5.40476542490285,0.761703680095021,0.384654117297626,0.873561989253727,TRUE,FALSE,TRUE,FALSE,"MLI_1",20,108,16,92,FALSE,0.808050375905805
"TOP2B",-0.100157373414698,7.392406613189,0.754119665741864,0.38703677188675,0.863169928174275,TRUE,FALSE,TRUE,FALSE,"Endocytes",20,103,16,87,FALSE,0.809401925464097
"ENPP1",0.114003407254807,2.39054470019727,0.753792807906041,0.387114672406446,0.734058998072323,TRUE,FALSE,TRUE,FALSE,"Granule",20,109,16,93,FALSE,0.809401925464097
"DAB2IP",-0.0857474910504265,8.53538914714982,0.751679081995486,0.387783908002055,0.755956065472686,TRUE,FALSE,FALSE,FALSE,"Oligodendrocytes",20,107,16,91,FALSE,0.809401925464097
"SGMS2",-0.164735483125131,4.29295238610457,0.750061611464792,0.388069416318402,0.879603965859714,TRUE,FALSE,FALSE,FALSE,"Purkinje",20,108,16,92,FALSE,0.809401925464097
"ADCY10",0.174030885711652,4.11668786028062,0.742674592706214,0.390699361932803,0.737296333378479,TRUE,FALSE,FALSE,FALSE,"Granule",20,109,16,93,FALSE,0.811408613433822
"SYNJ2",-0.14624275517299,6.45440737817784,0.742266175432834,0.390936902066803,0.757904443126056,TRUE,FALSE,TRUE,FALSE,"Oligodendrocytes",20,107,16,91,FALSE,0.811408613433822
"SIRT1",-0.06574033925598,5.35064425876849,0.737393794206766,0.392344508486177,0.655189044718292,TRUE,FALSE,FALSE,FALSE,"Bergmann",20,108,16,92,FALSE,0.811408613433822
"PRKCA",0.103090912738885,6.1845348437919,0.736283956493521,0.392647999403303,0.874946446387363,TRUE,FALSE,TRUE,TRUE,"MLI_1",20,108,16,92,FALSE,0.811408613433822
"KYNU",0.190534056316124,3.51430544848229,0.733692243314703,0.393037530495779,0.848086454036539,TRUE,FALSE,FALSE,FALSE,"Microglia",20,107,16,91,FALSE,0.811408613433822
"PTK2",-0.0733999252263419,9.14841773399215,0.731428256496825,0.393761225244961,0.810248645142579,TRUE,FALSE,FALSE,FALSE,"Pericytes",20,101,16,85,FALSE,0.811408613433822
"HTR2C",0.158199837289608,3.35049392028483,0.731401475410446,0.393894421076179,0.783422783509104,TRUE,FALSE,FALSE,FALSE,"OPC",20,107,16,91,FALSE,0.811408613433822
"MAPK10",-0.0710650599099429,8.80848202966917,0.727943519546553,0.395274575068733,0.848549318938324,TRUE,FALSE,TRUE,FALSE,"Microglia",20,107,16,91,FALSE,0.812818140282182
"PRKCD",-0.162130396751774,3.39851575500924,0.72435505320856,0.396035442583653,0.848676867072085,TRUE,FALSE,TRUE,TRUE,"Microglia",20,107,16,91,FALSE,0.812893753126185
"IGF1R",0.085878677040791,9.04914265705777,0.72094994338565,0.39716263739794,0.8113328425011,TRUE,FALSE,TRUE,FALSE,"Pericytes",20,101,16,85,FALSE,0.812893753126185
"POLA1",-0.0461909224510734,6.76746614971837,0.721726947005228,0.397399257735489,0.74289854376006,TRUE,FALSE,TRUE,FALSE,"Granule",20,109,16,93,FALSE,0.812893753126185
"HSP90AB1",-0.169696385676996,7.20018876144752,0.712509664204618,0.400549911503957,0.661745382533148,TRUE,FALSE,TRUE,FALSE,"Bergmann",20,108,16,92,FALSE,0.813435343484118
"KDM1A",-0.0825805644200979,6.22060435971215,0.711118826269862,0.40077301095983,0.849654704696251,TRUE,FALSE,TRUE,FALSE,"Microglia",20,107,16,91,FALSE,0.813435343484118
"NR3C1",-0.0685464109220735,8.25074818329654,0.708713865132297,0.401587080618452,0.786996824847651,TRUE,FALSE,FALSE,FALSE,"OPC",20,107,16,91,FALSE,0.813435343484118
"DAB2IP",-0.0772448723654797,8.51226357773306,0.707825625429711,0.401907526283975,0.787094827471382,TRUE,FALSE,FALSE,FALSE,"OPC",20,107,16,91,FALSE,0.813435343484118
"MAP2K1",0.0570836160778147,5.61093944612718,0.707067672582515,0.402215045507985,0.745813595560923,TRUE,TRUE,TRUE,TRUE,"Granule",20,109,16,93,FALSE,0.813435343484118
"PRKCG",-0.141700464738199,1.53053747971509,0.706524973337652,0.402326722506609,0.745866135782386,TRUE,FALSE,TRUE,TRUE,"Granule",20,109,16,93,FALSE,0.813435343484118
"KDM1A",0.110988875097987,6.38376728182545,0.703977516555326,0.403026255632209,0.843988078053864,TRUE,FALSE,TRUE,FALSE,"UBC",20,103,16,87,FALSE,0.813435343484118
"PKM",0.101480783141929,6.28688179128763,0.703463160824433,0.403235499894952,0.850354318094854,TRUE,FALSE,TRUE,FALSE,"Golgi",20,106,16,90,FALSE,0.813435343484118
"GSK3B",-0.0675744186659975,8.1748579889714,0.699841807221787,0.404620718597504,0.869886552447383,TRUE,FALSE,TRUE,FALSE,"Endocytes",20,103,16,87,FALSE,0.814822412623939
"APP",-0.0776570254429078,8.67455905721087,0.692019338115608,0.407214258193277,0.877527067662156,TRUE,TRUE,TRUE,TRUE,"MLI_1",20,108,16,92,FALSE,0.816907568505572
"PRKCB",-0.0888457825653671,7.96227244944371,0.690940861003011,0.407614285200055,0.853888660385882,TRUE,FALSE,TRUE,TRUE,"Golgi",20,106,16,90,FALSE,0.816907568505572
"NR1H2",-0.143285187807035,4.48169678034002,0.688266344424501,0.408340996271118,0.853378175324261,TRUE,FALSE,TRUE,FALSE,"Microglia",20,107,16,91,FALSE,0.816907568505572
"ESR2",-0.147343999115253,5.06907076774853,0.688286825356219,0.408453784252786,0.872117266613619,TRUE,TRUE,TRUE,TRUE,"Endocytes",20,103,16,87,FALSE,0.816907568505572
"SLC16A1",0.133483014771787,3.84817029248374,0.682511124408846,0.41028306009298,0.792070599871286,TRUE,FALSE,FALSE,FALSE,"OPC",20,107,16,91,FALSE,0.819163443057437
"CA13",0.197503236188331,4.23779868546846,0.680278018639768,0.411000288416794,0.873732063728762,TRUE,FALSE,TRUE,FALSE,"Endocytes",20,103,16,87,FALSE,0.819195114114019
"PKM",-0.114916864937101,6.31274104125656,0.676044403008468,0.412768483340532,0.878140475115282,TRUE,FALSE,TRUE,FALSE,"MLI_1",20,108,16,92,FALSE,0.819240702954447
"OPRM1",-0.129657098036755,7.14974580430283,0.674095676105505,0.4134498631846,0.889473636098502,TRUE,FALSE,TRUE,TRUE,"Purkinje",20,108,16,92,FALSE,0.819240702954447
"MAP2K1",0.0809412558781963,5.64109568804132,0.673471227237696,0.4135105459814,0.794277448180939,TRUE,TRUE,TRUE,TRUE,"OPC",20,107,16,91,FALSE,0.819240702954447
"ALK",0.17270858539667,4.32706872191187,0.672614449437648,0.413828779745825,0.778680311997626,TRUE,FALSE,FALSE,FALSE,"Astrocytes",20,108,16,92,FALSE,0.819240702954447
"IGF1R",0.0536447651247284,8.7697621600681,0.665506617976538,0.416363932599476,0.674468412848013,TRUE,FALSE,TRUE,FALSE,"Bergmann",20,108,16,92,FALSE,0.821668228544538
"CD22",-0.158062888610055,0.65070235514401,0.664763092722857,0.416461978851341,0.755471018776344,TRUE,FALSE,TRUE,FALSE,"Granule",20,109,16,93,FALSE,0.821668228544538
"PPARD",-0.115043128059601,5.96691553787422,0.658813382983138,0.418660591163648,0.858523298906783,TRUE,FALSE,TRUE,FALSE,"Microglia",20,107,16,91,FALSE,0.822408824311808
"SLCO2B1",-0.140029150950553,5.912726837277,0.655543961023836,0.419956397120993,0.858523298906783,TRUE,FALSE,TRUE,FALSE,"Microglia",20,107,16,91,FALSE,0.822408824311808
"SRD5A1",0.100510067262558,5.25299744128176,0.653369530360921,0.420504829053301,0.858523298906783,TRUE,FALSE,TRUE,FALSE,"Microglia",20,107,16,91,FALSE,0.822408824311808
"ACHE",-0.250122909876813,3.99793879273635,0.651265289529329,0.421004378728045,0.913458288972677,TRUE,TRUE,TRUE,TRUE,"MLI_2",20,104,16,88,FALSE,0.822408824311808
"DUSP3",0.182986554391079,4.3940900216351,0.650895459508007,0.421295403090254,0.889619330878127,TRUE,FALSE,FALSE,FALSE,"Purkinje",20,108,16,92,FALSE,0.822408824311808
"TRPV1",0.126917046122934,5.19023841037809,0.649982447419103,0.421604089060058,0.857027793153248,TRUE,FALSE,TRUE,FALSE,"Golgi",20,106,16,90,FALSE,0.822408824311808
"NR3C1",0.0562447556877197,8.32703693795562,0.649900200536513,0.421766169317442,0.860090394080479,TRUE,FALSE,FALSE,FALSE,"Microglia",20,107,16,91,FALSE,0.822408824311808
"MMP2",0.199714002990038,-0.86111194479058,0.644663164905836,0.423289227377377,0.760916955498562,TRUE,FALSE,TRUE,FALSE,"Granule",20,109,16,93,FALSE,0.823601175226533
"DOT1L",0.14485443807723,5.57603239835631,0.640791496243901,0.42514601943361,0.861252998966378,TRUE,FALSE,TRUE,FALSE,"Microglia",20,107,16,91,FALSE,0.823601175226533
"PRKCB",-0.102550161521239,7.58267525072838,0.640167803564354,0.42543017961332,0.881571923863415,TRUE,FALSE,TRUE,TRUE,"MLI_1",20,108,16,92,FALSE,0.823601175226533
"ADORA1",0.123098412069902,5.44956390531358,0.638265079740174,0.425652789665584,0.899563678633846,TRUE,FALSE,TRUE,FALSE,"PLI",20,105,16,89,FALSE,0.823601175226533
"TET3",-0.0910630517182962,6.84829697265741,0.632307201488146,0.428055922724352,0.915012493156315,TRUE,FALSE,TRUE,FALSE,"MLI_2",20,104,16,88,FALSE,0.823601175226533
"PKM",-0.0940699002928892,6.15827302541822,0.630570684105384,0.428862467123329,0.764475765384053,TRUE,FALSE,TRUE,FALSE,"Granule",20,109,16,93,FALSE,0.823601175226533
"SGMS2",-0.115111772741729,3.89607890394131,0.628512755633772,0.429414917862031,0.788749216822941,TRUE,FALSE,FALSE,FALSE,"Astrocytes",20,108,16,92,FALSE,0.823601175226533
"BACE1",0.106370486385558,5.54414763637004,0.627291788248218,0.429888722757456,0.891848511496319,TRUE,FALSE,TRUE,FALSE,"Purkinje",20,108,16,92,FALSE,0.823601175226533
"SNCA",0.0798735169091363,7.93369786623585,0.627058106552803,0.430045999895279,0.864134369999263,TRUE,TRUE,TRUE,TRUE,"Microglia",20,107,16,91,FALSE,0.823601175226533
"JUN",0.223343969728792,4.72258536778192,0.622620463453417,0.431803626500875,0.864196567881704,TRUE,FALSE,TRUE,TRUE,"Microglia",20,107,16,91,FALSE,0.823601175226533
"PPARG",0.135269257615269,5.05971760035148,0.622356363164648,0.431856085072237,0.782078712815681,TRUE,TRUE,TRUE,TRUE,"Oligodendrocytes",20,107,16,91,FALSE,0.823601175226533
"SIRT1",-0.111409531212772,5.51628061006549,0.62032116898507,0.432411726631255,0.861787954275741,TRUE,FALSE,FALSE,FALSE,"Golgi",20,106,16,90,FALSE,0.823601175226533
"KDM6B",-0.116220769712713,5.57857980653544,0.619672789594724,0.432482597909659,0.900878203964365,TRUE,FALSE,TRUE,FALSE,"PLI",20,105,16,89,FALSE,0.823601175226533
"EIF4A1",0.124866728566122,4.33557049722723,0.617983766565379,0.433265173277555,0.864870130700607,TRUE,FALSE,TRUE,FALSE,"Microglia",20,107,16,91,FALSE,0.823601175226533
"ERCC5",0.0858280199301117,6.14137426894511,0.617542891125085,0.433527648342609,0.865032012022338,TRUE,FALSE,FALSE,FALSE,"Microglia",20,107,16,91,FALSE,0.823601175226533
"FDFT1",0.151343988961537,5.29457426881932,0.616698564666222,0.433659865380409,0.849314842772338,TRUE,FALSE,TRUE,FALSE,"UBC",20,103,16,87,FALSE,0.823601175226533
"KDM6B",0.133791285943402,5.37721497537702,0.613122730029174,0.435292105138336,0.790780657667978,TRUE,FALSE,TRUE,FALSE,"Astrocytes",20,108,16,92,FALSE,0.825359056496066
"PTPN2",-0.054802732309943,6.44854033156402,0.606192210097761,0.437876892096394,0.692779649005483,TRUE,FALSE,TRUE,FALSE,"Bergmann",20,108,16,92,FALSE,0.828002691549857
"FDFT1",0.106905987219061,5.06938366867803,0.60523233270959,0.438104163850866,0.867004786428027,TRUE,FALSE,TRUE,FALSE,"Microglia",20,107,16,91,FALSE,0.828002691549857
"TRPV1",0.148319678227026,5.26255580693427,0.600623792038352,0.439931869900964,0.887365885671873,TRUE,FALSE,TRUE,FALSE,"Endocytes",20,103,16,87,FALSE,0.829968369791861
"PTPN11",-0.0665329995440709,6.24572703730648,0.598924348969043,0.440565401773077,0.886919270358887,TRUE,FALSE,TRUE,TRUE,"MLI_1",20,108,16,92,FALSE,0.829968369791861
"APP",-0.0717250254206206,8.64919563865646,0.593592271610217,0.442521036608574,0.918227678956735,TRUE,TRUE,TRUE,TRUE,"MLI_2",20,104,16,88,FALSE,0.832310097840281
"HSP90AB1",-0.1368052767706,7.36806921703967,0.589517818776683,0.444360207432357,0.887599883567263,TRUE,FALSE,TRUE,FALSE,"MLI_1",20,108,16,92,FALSE,0.832707716574
"PDE4B",-0.13625926304115,8.14349240719673,0.589489305233915,0.444424201992831,0.891083038951435,TRUE,FALSE,TRUE,FALSE,"Endocytes",20,103,16,87,FALSE,0.832707716574
"LYPLA1",-0.0697764787371745,5.17259727205751,0.586919585730943,0.445164810724866,0.887639830894627,TRUE,FALSE,FALSE,FALSE,"MLI_1",20,108,16,92,FALSE,0.832707716574
"CA1",-0.184074440522603,1.01236327846714,0.585053437151895,0.445584180529751,0.697768532492019,TRUE,TRUE,TRUE,TRUE,"Bergmann",20,108,16,92,FALSE,0.832707716574
"KDM6B",0.170702515584276,5.70795173630382,0.578865760832148,0.448427885272572,0.892334008040662,TRUE,FALSE,TRUE,FALSE,"Endocytes",20,103,16,87,FALSE,0.836683338655533
"TOP2B",-0.0915865709159151,7.5146847422854,0.571392160603513,0.451110186625824,0.85506167423712,TRUE,FALSE,TRUE,FALSE,"UBC",20,103,16,87,FALSE,0.840345610811743
"ENPP1",0.202416476572804,3.80082262049713,0.565210250659751,0.453380490614491,0.921080994737632,TRUE,FALSE,TRUE,FALSE,"MLI_2",20,104,16,88,FALSE,0.841797847065092
"FDPS",0.123795644203089,4.38565477113909,0.55954764826581,0.455842018228951,0.872591678083868,TRUE,FALSE,TRUE,FALSE,"Microglia",20,107,16,91,FALSE,0.841797847065092
"PRKCE",-0.0569064055849909,9.21100506979059,0.558664733559719,0.456366400367454,0.894185888441362,TRUE,FALSE,TRUE,TRUE,"Endocytes",20,103,16,87,FALSE,0.841797847065092
"OPRM1",0.11492890645121,7.22761808231224,0.55793808441891,0.456800420857639,0.872351722100458,TRUE,FALSE,TRUE,TRUE,"Golgi",20,106,16,90,FALSE,0.841797847065092
"ENPP1",0.127423978399082,3.57243784026121,0.556263385757008,0.457146308966298,0.894470069348429,TRUE,FALSE,TRUE,FALSE,"MLI_1",20,108,16,92,FALSE,0.841797847065092
"CTNNB1",0.0580568778100816,7.49960227700968,0.555839350858696,0.457449700778344,0.894487148413512,TRUE,FALSE,TRUE,FALSE,"MLI_1",20,108,16,92,FALSE,0.841797847065092
"BRAF",-0.0550094374866104,8.44439316533668,0.554359410614488,0.458058636198759,0.802687322339365,TRUE,FALSE,TRUE,FALSE,"Astrocytes",20,108,16,92,FALSE,0.841797847065092
"PTPN1",-0.0866785577419475,5.85741731242914,0.552973143761398,0.458542746875018,0.899013399976734,TRUE,TRUE,TRUE,TRUE,"Purkinje",20,108,16,92,FALSE,0.841797847065092
"SOAT1",0.152381285425642,4.18762326334881,0.551408655152366,0.459088511853484,0.899313279521193,TRUE,FALSE,TRUE,FALSE,"Purkinje",20,108,16,92,FALSE,0.841797847065092
"MAOB",0.150114122648393,4.2691903547767,0.551466548193458,0.459096942277794,0.874979343160087,TRUE,TRUE,TRUE,TRUE,"Microglia",20,107,16,91,FALSE,0.841797847065092
"ESR2",-0.100968789677957,5.22828075519583,0.543796852648427,0.46200514345801,0.911684404146261,TRUE,TRUE,TRUE,TRUE,"PLI",20,105,16,89,FALSE,0.843686176102185
"ENPP1",-0.165610957523736,2.76989026401049,0.541374019854012,0.462998069491471,0.804160090526772,TRUE,FALSE,TRUE,FALSE,"Astrocytes",20,108,16,92,FALSE,0.843686176102185
"FDFT1",0.118504565281915,5.13608950946697,0.54086349396612,0.463416492861592,0.875717607105329,TRUE,FALSE,TRUE,FALSE,"Golgi",20,106,16,90,FALSE,0.843686176102185
"MCL1",-0.094064735842153,4.43034332306352,0.540489292853025,0.463687208852524,0.895598885822594,TRUE,TRUE,TRUE,TRUE,"MLI_1",20,108,16,92,FALSE,0.843686176102185
"FYN",0.0615829107943259,8.13878555494725,0.540249920224395,0.463738463234249,0.923499538299538,TRUE,FALSE,TRUE,FALSE,"MLI_2",20,104,16,88,FALSE,0.843686176102185
"SRD5A1",-0.0765896811909491,5.11410154001289,0.532399543149093,0.467073428803179,0.806611677860358,TRUE,FALSE,TRUE,FALSE,"Astrocytes",20,108,16,92,FALSE,0.848431982647144
"PDE4B",-0.0956038797798427,8.40582109248998,0.525795178330803,0.470044924810868,0.876871602020941,TRUE,FALSE,TRUE,FALSE,"Golgi",20,106,16,90,FALSE,0.852503838787412
"ESRRA",-0.119029922205576,3.14324039450314,0.522820259640822,0.47091893945772,0.807340984408233,TRUE,FALSE,TRUE,FALSE,"Oligodendrocytes",20,107,16,91,FALSE,0.852764839204057
"PRKCQ",0.129552322824302,0.877911514518906,0.520723736944096,0.47192136067509,0.79083938971466,TRUE,FALSE,TRUE,FALSE,"Granule",20,109,16,93,FALSE,0.853257197010071
"PDE4D",0.112183538494733,8.85672812668033,0.514753810093469,0.474804206734438,0.86539512572999,TRUE,FALSE,TRUE,FALSE,"UBC",20,103,16,87,FALSE,0.856354260317818
"NR3C1",-0.0766333346983935,8.69710065803648,0.51262431465911,0.475100651272214,0.843264657456378,TRUE,FALSE,FALSE,FALSE,"Pericytes",20,101,16,85,FALSE,0.856354260317818
"PTPN11",-0.0633434835421426,6.25283650729808,0.507830661353812,0.47748123198272,0.881448325417385,TRUE,FALSE,TRUE,TRUE,"Microglia",20,107,16,91,FALSE,0.857402644848621
"TDP1",-0.0797438996771932,5.15348409859727,0.506315026792952,0.478145639112461,0.830399937978873,TRUE,FALSE,TRUE,FALSE,"OPC",20,107,16,91,FALSE,0.857402644848621
"EIF4A1",0.109526193033575,4.0505398554504,0.50532692493598,0.478649514718854,0.721668940127715,TRUE,FALSE,TRUE,FALSE,"Bergmann",20,108,16,92,FALSE,0.857402644848621
"JUN",-0.190485388040516,4.68605141773939,0.504490581401631,0.479107878125757,0.81262911670241,TRUE,FALSE,TRUE,TRUE,"Oligodendrocytes",20,107,16,91,FALSE,0.857402644848621
"ERCC5",0.101471895608893,6.29648116446029,0.50257109877921,0.479667753770073,0.867604875742425,TRUE,FALSE,FALSE,FALSE,"UBC",20,103,16,87,FALSE,0.857402644848621
"TOP2B",-0.0733715570964865,7.44709820344949,0.501741916396824,0.480086754906677,0.928309773205668,TRUE,FALSE,TRUE,FALSE,"MLI_2",20,104,16,88,FALSE,0.857402644848621
"GSK3B",-0.0474500280084456,8.21197874392149,0.497537203136309,0.481907528891589,0.88201257342005,TRUE,FALSE,TRUE,FALSE,"Golgi",20,106,16,90,FALSE,0.859170950352151
"TET3",-0.0763865429585211,6.88451441794732,0.496298861324753,0.482598553379692,0.903231748469166,TRUE,FALSE,TRUE,FALSE,"Endocytes",20,103,16,87,FALSE,0.859170950352151
"NR3C1",-0.0522602624059756,8.41282158978713,0.494458088800521,0.483283659573085,0.928705912875655,TRUE,FALSE,FALSE,FALSE,"MLI_2",20,104,16,88,FALSE,0.859170950352151
"PPARG",0.110921267053277,5.13408532131335,0.485661049001659,0.487315064215874,0.90259589821614,TRUE,TRUE,TRUE,TRUE,"MLI_1",20,108,16,92,FALSE,0.863239692246677
"JUN",-0.179997986265685,4.8338288444516,0.484109455916111,0.488087546709597,0.819941124775787,TRUE,FALSE,TRUE,TRUE,"Astrocytes",20,108,16,92,FALSE,0.863239692246677
"MGLL",0.0559828450350463,7.42015373357733,0.483152997004822,0.48839862831544,0.819941124775787,TRUE,FALSE,TRUE,FALSE,"Astrocytes",20,108,16,92,FALSE,0.863239692246677
"SGMS1",0.0475556017144031,7.3646795122324,0.480306922148667,0.489679705035653,0.820359284301629,TRUE,FALSE,FALSE,FALSE,"Astrocytes",20,108,16,92,FALSE,0.863239692246677
"MAOB",0.0977204006416642,4.34340877425152,0.479116190097554,0.490262436463171,0.729490421957708,TRUE,TRUE,TRUE,TRUE,"Bergmann",20,108,16,92,FALSE,0.863239692246677
"ACLY",0.124910131204914,4.80393042949231,0.478465751244843,0.490344493965958,0.882980933781571,TRUE,FALSE,FALSE,FALSE,"Golgi",20,106,16,90,FALSE,0.863239692246677
"SGMS1",-0.0780833070315156,7.89653510886332,0.474906636369083,0.491789263688351,0.850850367370151,TRUE,FALSE,FALSE,FALSE,"Pericytes",20,101,16,85,FALSE,0.863239692246677
"ALK",-0.109399407111735,3.583690282377,0.475032405169906,0.491965253412743,0.903332242007942,TRUE,FALSE,FALSE,FALSE,"MLI_1",20,108,16,92,FALSE,0.863239692246677
"APP",0.0726261734805005,8.84354285352213,0.472505963884786,0.492880557528964,0.850859555734252,TRUE,TRUE,TRUE,TRUE,"Pericytes",20,101,16,85,FALSE,0.863239692246677
"ACHE",-0.136476135994731,3.64395450637658,0.465306674855932,0.496387357106831,0.8254787574875,TRUE,TRUE,TRUE,TRUE,"Astrocytes",20,108,16,92,FALSE,0.863239692246677
"HSP90AB1",0.122424292301723,7.34742504704439,0.465342127455961,0.496705725110199,0.884317403698636,TRUE,FALSE,TRUE,FALSE,"Golgi",20,106,16,90,FALSE,0.863239692246677
"ESR1",0.125664644222447,3.08421636074367,0.464259492108353,0.496830362953388,0.821274855848143,TRUE,TRUE,TRUE,TRUE,"Oligodendrocytes",20,107,16,91,FALSE,0.863239692246677
"CDC25A",0.114527167666557,-0.384359587996725,0.461629974719723,0.497958592641128,0.805098936626642,TRUE,FALSE,FALSE,FALSE,"Granule",20,109,16,93,FALSE,0.863239692246677
"CA9",-0.131735628132994,3.28073001965756,0.460433774209571,0.49859395353729,0.826632537137237,TRUE,TRUE,TRUE,TRUE,"Astrocytes",20,108,16,92,FALSE,0.863239692246677
"TDP1",0.116535924018563,5.57234337058045,0.460485338549707,0.498599479679733,0.87796607562941,TRUE,FALSE,TRUE,FALSE,"UBC",20,103,16,87,FALSE,0.863239692246677
"CA13",-0.135470473891616,4.34108419692828,0.459990053634087,0.498779650107854,0.884630477374103,TRUE,FALSE,TRUE,FALSE,"Golgi",20,106,16,90,FALSE,0.863239692246677
"POLA1",-0.0543063084690946,6.94695820791412,0.460063912865386,0.498956551485591,0.822366942223425,TRUE,FALSE,TRUE,FALSE,"Oligodendrocytes",20,107,16,91,FALSE,0.863239692246677
"PTK2",-0.0323117140233726,8.71521444361744,0.458856943209109,0.499561909071087,0.80595244601104,TRUE,FALSE,FALSE,FALSE,"Granule",20,109,16,93,FALSE,0.863239692246677
"PTPN11",-0.088411506436355,6.29973935063864,0.458486971828399,0.499614753389344,0.932126325018156,TRUE,FALSE,TRUE,TRUE,"MLI_2",20,104,16,88,FALSE,0.863239692246677
"FABP7",-0.130255543321067,3.32883856016691,0.450917241657136,0.50306051098329,0.828935046248657,TRUE,FALSE,TRUE,TRUE,"Astrocytes",20,108,16,92,FALSE,0.86724115247102
"FABP7",-0.0709699098395403,3.33742439921161,0.450589383729489,0.503415668985746,0.807722506335499,TRUE,FALSE,TRUE,TRUE,"Granule",20,109,16,93,FALSE,0.86724115247102
"MAOB",0.120695465018763,3.97885478745713,0.444527917677761,0.506218651384252,0.910205085583428,TRUE,TRUE,TRUE,TRUE,"MLI_1",20,108,16,92,FALSE,0.8707855446492
"LYPLA1",-0.0401815254447124,5.09362401035933,0.441651179979595,0.50769006047215,0.809548726372821,TRUE,FALSE,FALSE,FALSE,"Granule",20,109,16,93,FALSE,0.871494304027293
"POLA1",-0.0559446256358644,6.91508101232347,0.440380916805535,0.508231009472728,0.889392958851507,TRUE,FALSE,TRUE,FALSE,"Microglia",20,107,16,91,FALSE,0.871494304027293
"ALOX5",0.097366192016903,5.95863532120264,0.439292521217581,0.508869105604977,0.826835567249583,TRUE,TRUE,TRUE,TRUE,"Oligodendrocytes",20,107,16,91,FALSE,0.871494304027293
"CA9",-0.0970641388325961,3.13911762755997,0.435053876134165,0.510851748077456,0.811605982822647,TRUE,TRUE,TRUE,TRUE,"Granule",20,109,16,93,FALSE,0.873608845906982
"ESR2",0.0744211306079958,4.8076641842284,0.43173317331397,0.512418593113431,0.828211022861622,TRUE,TRUE,TRUE,TRUE,"Oligodendrocytes",20,107,16,91,FALSE,0.874938596484816
"TACR2",0.0827088951221707,0.278015040890252,0.425170159477849,0.515504029874194,0.81419923166281,TRUE,FALSE,FALSE,FALSE,"Granule",20,109,16,93,FALSE,0.874938596484816
"SOAT1",-0.0710434488840197,3.69461971935391,0.424183694675965,0.516186418429076,0.747840282437547,TRUE,FALSE,TRUE,FALSE,"Bergmann",20,108,16,92,FALSE,0.874938596484816
"LYPLA1",-0.120228068351021,5.43609541632575,0.421703665941137,0.517226743245605,0.882038062404408,TRUE,FALSE,FALSE,FALSE,"UBC",20,103,16,87,FALSE,0.874938596484816
"CTNNB1",0.0588566356353311,7.58741063095852,0.421799399458685,0.517334482253275,0.834405074866235,TRUE,FALSE,TRUE,FALSE,"Astrocytes",20,108,16,92,FALSE,0.874938596484816
"FYN",-0.0550038344652344,8.1389272740393,0.421226711899829,0.517464477758168,0.930821744665537,TRUE,FALSE,TRUE,FALSE,"PLI",20,105,16,89,FALSE,0.874938596484816
"GSK3B",-0.0468955182106822,8.33982492292603,0.420614834255261,0.517767772220308,0.930821744665537,TRUE,FALSE,TRUE,FALSE,"PLI",20,105,16,89,FALSE,0.874938596484816
"MGLL",-0.0719833103449139,7.83919572356836,0.419931157954626,0.518300073045212,0.911320898182842,TRUE,FALSE,TRUE,FALSE,"Endocytes",20,103,16,87,FALSE,0.874938596484816
"OPRM1",-0.0916035426595319,7.31182569497517,0.419686114129697,0.518371154766689,0.882132432596135,TRUE,FALSE,TRUE,TRUE,"UBC",20,103,16,87,FALSE,0.874938596484816
"SNCA",0.0596799054573434,7.89455584269059,0.416473503939384,0.520032747884065,0.815646618434684,TRUE,TRUE,TRUE,TRUE,"Granule",20,109,16,93,FALSE,0.876476550546302
"KIF11",0.137712829071639,2.40945896722817,0.411356816504467,0.522301324914985,0.915775609695818,TRUE,FALSE,TRUE,FALSE,"MLI_1",20,108,16,92,FALSE,0.879031624640782
"ESRRA",-0.11018210122856,3.28511326381182,0.404326304346969,0.525992132983267,0.91665668592256,TRUE,FALSE,TRUE,FALSE,"MLI_1",20,108,16,92,FALSE,0.881064194912165
"FYN",0.0400220889039257,8.28792058914825,0.402383044929014,0.527098378362514,0.856122552673606,TRUE,FALSE,TRUE,FALSE,"OPC",20,107,16,91,FALSE,0.881064194912165
"TET2",0.0723026686030258,5.71003443883298,0.402014184483854,0.527268391026743,0.897428402208858,TRUE,FALSE,TRUE,TRUE,"Microglia",20,107,16,91,FALSE,0.881064194912165
"ENPP1",0.126006030645331,2.66268781281299,0.397782333240467,0.529242234587757,0.838151402374439,TRUE,FALSE,TRUE,FALSE,"Oligodendrocytes",20,107,16,91,FALSE,0.881064194912165
"SOAT1",-0.0883822860461098,3.84127180812826,0.394098705290668,0.531285367193854,0.857877222465385,TRUE,FALSE,TRUE,FALSE,"OPC",20,107,16,91,FALSE,0.881064194912165
"NR3C1",0.0478001424932988,8.42894897619205,0.393267334651354,0.531740025690826,0.898076016951783,TRUE,FALSE,FALSE,FALSE,"Golgi",20,106,16,90,FALSE,0.881064194912165
"HSP90AB1",-0.118507226581285,7.14777028018047,0.393489503843421,0.531875919130273,0.858080094665289,TRUE,FALSE,TRUE,FALSE,"OPC",20,107,16,91,FALSE,0.881064194912165
"PTPN2",0.0395403471469685,6.52316829816897,0.392854056680692,0.532084644212526,0.822046078962336,TRUE,FALSE,TRUE,FALSE,"Granule",20,109,16,93,FALSE,0.881064194912165
"MAP2K1",-0.0665920102667069,5.69893396015711,0.390686467219683,0.533077296216171,0.898948703582779,TRUE,TRUE,TRUE,TRUE,"Golgi",20,106,16,90,FALSE,0.881064194912165
"BCHE",0.133881205745299,1.97330335665589,0.389267996372906,0.533793184155814,0.75981249199576,TRUE,FALSE,FALSE,FALSE,"Bergmann",20,108,16,92,FALSE,0.881064194912165
"FDPS",0.082857439416696,4.23778438866898,0.389200043594794,0.533913905734523,0.919674562419076,TRUE,FALSE,TRUE,FALSE,"MLI_1",20,108,16,92,FALSE,0.881064194912165
"PTK2",0.0413556745714471,8.80270890450352,0.387559091046264,0.534745714465313,0.940320425194607,TRUE,FALSE,FALSE,FALSE,"MLI_2",20,104,16,88,FALSE,0.881064194912165
"TET1",0.0485073371791241,5.95838335584991,0.384911806669216,0.53625473478963,0.761832373854344,TRUE,FALSE,TRUE,TRUE,"Bergmann",20,108,16,92,FALSE,0.881064194912165
"PTPN11",-0.0674728766591939,6.36493620073362,0.384594731488212,0.536292908786105,0.900809406439137,TRUE,FALSE,TRUE,TRUE,"Golgi",20,106,16,90,FALSE,0.881064194912165
"PRKCB",-0.0925933593355334,7.41544893209832,0.382231120657725,0.537740560704858,0.844402731209355,TRUE,FALSE,TRUE,TRUE,"Astrocytes",20,108,16,92,FALSE,0.881064194912165
"LYPLA2",-0.0843027088877809,1.18740746654311,0.380617162486316,0.538460783859056,0.824537088729937,TRUE,FALSE,FALSE,FALSE,"Granule",20,109,16,93,FALSE,0.881064194912165
"CNR1",-0.101423359487351,6.21547106478391,0.380412880721709,0.538613393973637,0.940320425194607,TRUE,TRUE,TRUE,TRUE,"MLI_2",20,104,16,88,FALSE,0.881064194912165
"ESR2",0.103910247230472,5.05337070256718,0.379164355015682,0.539164759119079,0.940320425194607,TRUE,TRUE,TRUE,TRUE,"MLI_2",20,104,16,88,FALSE,0.881064194912165
"CNR1",0.110490836505471,6.06719165891681,0.379117073980752,0.539182667012912,0.890621149239397,TRUE,TRUE,TRUE,TRUE,"UBC",20,103,16,87,FALSE,0.881064194912165
"ALOX5",0.127740004769312,5.99888026745608,0.378941670992495,0.5394672571939,0.922777811764927,TRUE,TRUE,TRUE,TRUE,"Endocytes",20,103,16,87,FALSE,0.881064194912165
"AKR1B1",-0.102751960402138,3.61381119718998,0.378057606166346,0.53972584595377,0.861666822606481,TRUE,FALSE,TRUE,TRUE,"OPC",20,107,16,91,FALSE,0.881064194912165
"KIF11",0.0696687482082962,1.8078709041612,0.376589335589296,0.54064953410147,0.826000880451469,TRUE,FALSE,TRUE,FALSE,"Granule",20,109,16,93,FALSE,0.881064194912165
"FABP7",-0.102618497336348,3.2963290513145,0.375454759816199,0.541118887263364,0.842893381877896,TRUE,FALSE,TRUE,TRUE,"Oligodendrocytes",20,107,16,91,FALSE,0.881064194912165
"ALOX12",0.0973004336708794,0.222036808760546,0.374554296244635,0.54161309242032,0.826620446466517,TRUE,FALSE,TRUE,FALSE,"Granule",20,109,16,93,FALSE,0.881064194912165
"SRD5A1",0.0772511331387658,5.48132378243124,0.372807774723137,0.542428148913892,0.937152899513515,TRUE,FALSE,TRUE,FALSE,"PLI",20,105,16,89,FALSE,0.881162834396977
"TDP1",-0.0853638971772421,5.37635958966964,0.371371740386952,0.543190074212948,0.937152899513515,TRUE,FALSE,TRUE,FALSE,"PLI",20,105,16,89,FALSE,0.881175009278782
"FYN",0.0560513280047243,8.36062120109508,0.367408330409075,0.545648420717784,0.923151944648461,TRUE,FALSE,TRUE,FALSE,"Endocytes",20,103,16,87,FALSE,0.883850668999367
"LYPLA1",0.094263579093703,5.35516373445707,0.365909558549759,0.54635289641913,0.941965358883709,TRUE,FALSE,FALSE,FALSE,"MLI_2",20,104,16,88,FALSE,0.883850668999367
"PRKCB",-0.0852412158059591,8.00599772844284,0.359436317562097,0.549898067354594,0.874350943297528,TRUE,FALSE,TRUE,TRUE,"Pericytes",20,101,16,85,FALSE,0.888355384052788
"PTPN11",-0.0647210747327774,6.4955059961122,0.358080909359621,0.55078567823663,0.923634652420964,TRUE,FALSE,TRUE,TRUE,"Endocytes",20,103,16,87,FALSE,0.888560320691137
"MAPK10",0.0472150303418602,8.92624798725403,0.356116270017693,0.551822978888224,0.867435698455833,TRUE,FALSE,TRUE,FALSE,"OPC",20,107,16,91,FALSE,0.889005847367511
"PPARG",-0.0937124523745909,4.93319481219046,0.351111439969017,0.554708878729362,0.774533315246139,TRUE,TRUE,TRUE,TRUE,"Bergmann",20,108,16,92,FALSE,0.892424201592141
"FDPS",0.123706608241771,4.86261744345278,0.349087693027075,0.555738268833695,0.924829657804538,TRUE,FALSE,TRUE,FALSE,"Endocytes",20,103,16,87,FALSE,0.892850478676418
"ACLY",0.112988246381284,4.77175556443572,0.343402309130316,0.558930334797987,0.929315502726647,TRUE,FALSE,FALSE,FALSE,"Purkinje",20,108,16,92,FALSE,0.896745372313254
"IGF1R",0.0401415616470749,8.73836008097043,0.338057300071988,0.562089057678955,0.855738476218657,TRUE,FALSE,TRUE,FALSE,"Astrocytes",20,108,16,92,FALSE,0.897966052652441
"SNCA",0.0625299888249795,7.72995406388847,0.337898930740532,0.562211987208856,0.926964544672798,TRUE,TRUE,TRUE,TRUE,"MLI_1",20,108,16,92,FALSE,0.897966052652441
"STS",-0.0585109829782588,4.73306598732275,0.33591961224673,0.563366406363097,0.78021244259789,TRUE,FALSE,TRUE,FALSE,"Bergmann",20,108,16,92,FALSE,0.897966052652441
"MCL1",0.0889429260075656,4.80026713206101,0.335178902876561,0.563740182373924,0.855960643064056,TRUE,TRUE,TRUE,TRUE,"Astrocytes",20,108,16,92,FALSE,0.897966052652441
"PRKCG",0.26691965774467,6.68015464124871,0.334829559623262,0.564097584662342,0.930318854878296,TRUE,FALSE,TRUE,TRUE,"Purkinje",20,108,16,92,FALSE,0.897966052652441
"PRKCH",0.123610304401254,2.58685317775628,0.33388735959343,0.564304009115489,0.927285268490089,TRUE,FALSE,TRUE,TRUE,"MLI_1",20,108,16,92,FALSE,0.897966052652441
"MAP2K1",0.0537234977743773,5.59543915758798,0.32848100134766,0.567665204650473,0.928752216849329,TRUE,TRUE,TRUE,TRUE,"MLI_1",20,108,16,92,FALSE,0.902085658546602
"SRD5A1",0.0569098595349562,5.31902966690124,0.326054921788033,0.569095184349899,0.928752216849329,TRUE,FALSE,TRUE,FALSE,"MLI_1",20,108,16,92,FALSE,0.902432321474149
"SIGMAR1",0.127365815240455,2.56263591245564,0.325175168958976,0.56942861380689,0.85294068273988,TRUE,FALSE,TRUE,FALSE,"Oligodendrocytes",20,107,16,91,FALSE,0.902432321474149
"CA3",0.0717202107379026,4.51923391387156,0.322055290594151,0.571436590689065,0.85363767068667,TRUE,FALSE,TRUE,FALSE,"Oligodendrocytes",20,107,16,91,FALSE,0.902855923997646
"IGF1R",0.0442895076793839,8.70942891098867,0.318833910304682,0.573354741703721,0.931846418227284,TRUE,FALSE,TRUE,FALSE,"Purkinje",20,108,16,92,FALSE,0.902855923997646
"CA3",0.0720711143045536,4.66700044714928,0.315618963240741,0.575301878623972,0.87718234539873,TRUE,FALSE,TRUE,FALSE,"OPC",20,107,16,91,FALSE,0.902855923997646
"PPARG",0.0886708531591905,5.03560959848273,0.314586246455851,0.576034747013323,0.843988092361106,TRUE,TRUE,TRUE,TRUE,"Granule",20,109,16,93,FALSE,0.902855923997646
"CA3",-0.0739565196814444,4.53063455802979,0.313899006887345,0.576360284035321,0.929627572255202,TRUE,FALSE,TRUE,FALSE,"MLI_1",20,108,16,92,FALSE,0.902855923997646
"NR1H2",0.136523529233438,4.49314604440832,0.312209515215445,0.577271063636595,0.944456493803128,TRUE,FALSE,TRUE,FALSE,"MLI_2",20,104,16,88,FALSE,0.902855923997646
"SLCO2B1",-0.149554396789338,1.95749970780031,0.312182966477051,0.577354593343921,0.788808823906808,TRUE,FALSE,TRUE,FALSE,"Bergmann",20,108,16,92,FALSE,0.902855923997646
"CA13",0.120094300996919,4.09223296886486,0.311179382579091,0.577901751317661,0.933191119036841,TRUE,FALSE,TRUE,FALSE,"Purkinje",20,108,16,92,FALSE,0.902855923997646
"ACLY",0.0585625599682767,4.45098038838443,0.31104336655928,0.578143923511129,0.845060188975139,TRUE,FALSE,FALSE,FALSE,"Granule",20,109,16,93,FALSE,0.902855923997646
"DYRK1A",-0.0472542364645885,8.16285668736537,0.31072762486923,0.578187541193263,0.944008393830605,TRUE,FALSE,TRUE,TRUE,"PLI",20,105,16,89,FALSE,0.902855923997646
"TET3",-0.0376274852891369,6.88321493890609,0.310185897967001,0.57868288286696,0.84506876004878,TRUE,FALSE,TRUE,FALSE,"Granule",20,109,16,93,FALSE,0.902855923997646
"PKM",-0.069401919323819,6.13974397268865,0.307535230476754,0.580302452806753,0.859127338326198,TRUE,FALSE,TRUE,FALSE,"Oligodendrocytes",20,107,16,91,FALSE,0.902855923997646
"DUSP3",-0.0808714468863587,4.08778044161686,0.307137575889798,0.580455451403115,0.859127338326198,TRUE,FALSE,FALSE,FALSE,"Oligodendrocytes",20,107,16,91,FALSE,0.902855923997646
"HDAC1",0.0834260830733893,0.823174886841871,0.306406633876587,0.580906191623124,0.846730302932878,TRUE,FALSE,TRUE,FALSE,"Granule",20,109,16,93,FALSE,0.902855923997646
"ALOX5",0.0864176600712326,5.80412230116525,0.305208817166448,0.581767879390317,0.930425521323918,TRUE,TRUE,TRUE,TRUE,"MLI_1",20,108,16,92,FALSE,0.902855923997646
"SOAT1",-0.0454758990703108,3.58558219332919,0.304650186180457,0.582063793467661,0.847323450394238,TRUE,FALSE,TRUE,FALSE,"Granule",20,109,16,93,FALSE,0.902855923997646
"SNCA",0.0710877774581614,8.27278902321757,0.296908013920849,0.586639042077731,0.883355863692111,TRUE,TRUE,TRUE,TRUE,"Pericytes",20,101,16,85,FALSE,0.907394599034315
"OPRM1",0.0874134512924574,7.18855977146637,0.295551481440371,0.587829943666811,0.850294640995829,TRUE,FALSE,TRUE,TRUE,"Granule",20,109,16,93,FALSE,0.907394599034315
"PDE4D",-0.059969353333279,7.95766971178479,0.295416346337395,0.587872993781775,0.861940701669807,TRUE,FALSE,TRUE,FALSE,"Oligodendrocytes",20,107,16,91,FALSE,0.907394599034315
"LYPLA2",0.129582399996718,1.33645621075169,0.294735060136172,0.58809735570974,0.795868563139808,TRUE,FALSE,FALSE,FALSE,"Bergmann",20,108,16,92,FALSE,0.907394599034315
"MAOB",0.0875001731468834,4.16389842611995,0.29145049819881,0.590275545910799,0.863349626608241,TRUE,TRUE,TRUE,TRUE,"Oligodendrocytes",20,107,16,91,FALSE,0.90858621688882
"SGMS1",-0.0313382952183758,7.30744242880941,0.291224399232933,0.590513496158711,0.851125202801658,TRUE,FALSE,FALSE,FALSE,"Granule",20,109,16,93,FALSE,0.90858621688882
"FABP7",0.0953013471805846,3.40429886986281,0.28812033989734,0.592381307789531,0.931784577890946,TRUE,FALSE,TRUE,TRUE,"MLI_1",20,108,16,92,FALSE,0.90858621688882
"FDFT1",0.0746442103716624,5.43955585612024,0.287882099425493,0.592643339426525,0.863817268757056,TRUE,FALSE,TRUE,FALSE,"Oligodendrocytes",20,107,16,91,FALSE,0.90858621688882
"SNCA",-0.0564998301563943,7.76530897488082,0.286934467596081,0.593175746333092,0.936876969970429,TRUE,TRUE,TRUE,TRUE,"Purkinje",20,108,16,92,FALSE,0.90858621688882
"ESRRA",-0.0655042503831576,2.89193397413579,0.286462023576694,0.593541682028122,0.852504179696027,TRUE,FALSE,TRUE,FALSE,"Granule",20,109,16,93,FALSE,0.90858621688882
"TRPV1",-0.0994114731917591,4.95423312338912,0.284814358793987,0.594517551202803,0.93732153003021,TRUE,FALSE,TRUE,FALSE,"Purkinje",20,108,16,92,FALSE,0.90858621688882
"DUSP3",-0.0696868558382641,3.94860627876718,0.284059672476162,0.595092856095845,0.853279637387276,TRUE,FALSE,FALSE,FALSE,"Granule",20,109,16,93,FALSE,0.90858621688882
"DUSP3",-0.135853046388313,4.20882403690295,0.280399470762198,0.597303144889993,0.9477805713671,TRUE,FALSE,FALSE,FALSE,"MLI_2",20,104,16,88,FALSE,0.909119345121497
"HSP90AB1",-0.10974730159905,7.32766358910863,0.279912009738156,0.597944447278765,0.9477805713671,TRUE,FALSE,TRUE,FALSE,"MLI_2",20,104,16,88,FALSE,0.909119345121497
"HSP90AB1",-0.100321225005094,7.14272911920783,0.277694517078286,0.599343333964817,0.869791891284673,TRUE,FALSE,TRUE,FALSE,"Astrocytes",20,108,16,92,FALSE,0.909119345121497
"SYNJ2",0.141619243627053,3.31409645829847,0.273826087271455,0.601574139725874,0.91380213301306,TRUE,FALSE,TRUE,FALSE,"Microglia",20,107,16,91,FALSE,0.909119345121497
"HDAC6",0.0589833425665245,5.75563181428902,0.272261696199342,0.602787677570018,0.91380213301306,TRUE,FALSE,FALSE,FALSE,"Microglia",20,107,16,91,FALSE,0.909119345121497
"PRKCE",-0.0389688765213634,9.3765437004919,0.271226927412118,0.60338909665777,0.946956873500298,TRUE,FALSE,TRUE,TRUE,"PLI",20,105,16,89,FALSE,0.909119345121497
"TOP2B",-0.0445227671011047,7.32755208197413,0.27075375390406,0.603818485752204,0.93266390844359,TRUE,FALSE,TRUE,FALSE,"MLI_1",20,108,16,92,FALSE,0.909119345121497
"SLC16A1",0.0943033524391288,3.80144948158528,0.269888666191475,0.604325673593952,0.871624005610066,TRUE,FALSE,FALSE,FALSE,"Astrocytes",20,108,16,92,FALSE,0.909119345121497
"EIF4A1",0.120613651480807,4.15497030290832,0.269513619940197,0.604510833431572,0.93898262216976,TRUE,FALSE,TRUE,FALSE,"Purkinje",20,108,16,92,FALSE,0.909119345121497
"ALOX5",-0.0972489734547801,5.99458331233969,0.269213662462368,0.604867771070277,0.949433084673745,TRUE,TRUE,TRUE,TRUE,"MLI_2",20,104,16,88,FALSE,0.909119345121497
"FEN1",-0.069749574963246,0.838920691901632,0.266968922781604,0.606305995272311,0.85862610235371,TRUE,FALSE,TRUE,FALSE,"Granule",20,109,16,93,FALSE,0.909119345121497
"OPRD1",-0.0945090264843764,-0.437772361681421,0.265792536649522,0.606955307194626,0.859047775842107,TRUE,FALSE,TRUE,FALSE,"Granule",20,109,16,93,FALSE,0.909119345121497
"F2",0.138375190414707,1.05275616867583,0.265733408322809,0.606997809692718,0.807372407689871,TRUE,FALSE,TRUE,FALSE,"Bergmann",20,108,16,92,FALSE,0.909119345121497
"ESR2",-0.0692461837858287,5.1619720844131,0.265651239209878,0.607157962946599,0.922104785486284,TRUE,TRUE,TRUE,TRUE,"Golgi",20,106,16,90,FALSE,0.909119345121497
"SGMS1",0.0384868419787248,7.41098760535498,0.265666638837484,0.607216305564411,0.91536651113661,TRUE,FALSE,FALSE,FALSE,"Microglia",20,107,16,91,FALSE,0.909119345121497
"BACE1",-0.0474181514761112,5.45226578881526,0.263839827796685,0.608460204215611,0.888801406674821,TRUE,FALSE,TRUE,FALSE,"OPC",20,107,16,91,FALSE,0.909119345121497
"EPHX2",-0.0465546743770359,4.47105165742459,0.263165869336944,0.608955558998725,0.859698196394713,TRUE,FALSE,TRUE,FALSE,"Granule",20,109,16,93,FALSE,0.909119345121497
"FYN",0.0406333860927031,8.10342062748362,0.262304801473805,0.609452437697031,0.922422947677752,TRUE,FALSE,TRUE,FALSE,"Golgi",20,106,16,90,FALSE,0.909119345121497
"PPARA",0.108709434033606,4.37540236082742,0.259107625812371,0.611608535636222,0.941135130836054,TRUE,FALSE,TRUE,TRUE,"Purkinje",20,108,16,92,FALSE,0.910236679955149
"ALOX5",-0.0828784144781912,5.91133072655606,0.258958968665436,0.611760097401363,0.941135130836054,TRUE,TRUE,TRUE,TRUE,"Purkinje",20,108,16,92,FALSE,0.910236679955149
"ADORA1",0.0647111898213046,5.48181551673021,0.256485577355664,0.613512519878494,0.876162853147743,TRUE,FALSE,TRUE,FALSE,"Astrocytes",20,108,16,92,FALSE,0.910483632994157
"SOAT1",0.131946429344254,4.07847927877255,0.254925321231433,0.614421960632728,0.950210404434856,TRUE,FALSE,TRUE,FALSE,"MLI_2",20,104,16,88,FALSE,0.910483632994157
"SRD5A1",-0.0849647892300299,5.33825331778354,0.252410047727863,0.616277920328602,0.950210404434856,TRUE,FALSE,TRUE,FALSE,"MLI_2",20,104,16,88,FALSE,0.910483632994157
"IGF1R",-0.0381988025458748,8.77886181972014,0.250860998785715,0.617425388060809,0.876601196933014,TRUE,FALSE,TRUE,FALSE,"Oligodendrocytes",20,107,16,91,FALSE,0.910483632994157
"FDFT1",-0.0750346095212417,5.23708001731091,0.250358157228451,0.617794805534155,0.891690077794169,TRUE,FALSE,TRUE,FALSE,"OPC",20,107,16,91,FALSE,0.910483632994157
"HSP90AB1",-0.111022793446843,7.65706806051247,0.250578174857772,0.617814922680794,0.893242879161656,TRUE,FALSE,TRUE,FALSE,"Pericytes",20,101,16,85,FALSE,0.910483632994157
"SNCA",0.0641279159544543,7.75252848403751,0.248615114746037,0.619031697123198,0.941557589485198,TRUE,TRUE,TRUE,TRUE,"Endocytes",20,103,16,87,FALSE,0.910483632994157
"HTR2C",-0.14309565416604,1.08618078995617,0.246733725226199,0.620152133508501,0.814562389439676,TRUE,FALSE,FALSE,FALSE,"Bergmann",20,108,16,92,FALSE,0.910483632994157
"DAB2IP",-0.0534855650425621,8.5192451080649,0.246398630269835,0.620556635426055,0.95062096061351,TRUE,FALSE,FALSE,FALSE,"MLI_2",20,104,16,88,FALSE,0.910483632994157
"SRC",-0.0591837395849383,3.11045258539257,0.245133942720519,0.621476562901928,0.865622749904062,TRUE,FALSE,TRUE,FALSE,"Granule",20,109,16,93,FALSE,0.910483632994157
"PDE4B",-0.0789144237674169,8.66220621308076,0.244135178597102,0.622299208461894,0.893607805609685,TRUE,FALSE,TRUE,FALSE,"OPC",20,107,16,91,FALSE,0.910483632994157
"PTPN2",0.0378367005960861,6.47998255714744,0.243005135192041,0.622983974107021,0.879437657851768,TRUE,FALSE,TRUE,FALSE,"Oligodendrocytes",20,107,16,91,FALSE,0.910483632994157
"SLCO2B1",-0.151671540864007,6.43086325291756,0.242725030237546,0.623349078230753,0.94374993727145,TRUE,FALSE,TRUE,FALSE,"Endocytes",20,103,16,87,FALSE,0.910483632994157
"CA13",-0.0648464335409769,3.96160535122532,0.242173441883007,0.623532906887403,0.938571926322467,TRUE,FALSE,TRUE,FALSE,"MLI_1",20,108,16,92,FALSE,0.910483632994157
"ESRRA",0.0891941649444695,3.32833952161877,0.241827599468193,0.623694310217306,0.894418471475447,TRUE,FALSE,TRUE,FALSE,"OPC",20,107,16,91,FALSE,0.910483632994157
"MGLL",0.0388063524394797,7.47807116983777,0.240994948758295,0.624398450366712,0.919391120009267,TRUE,FALSE,TRUE,FALSE,"Microglia",20,107,16,91,FALSE,0.910483632994157
"TRPV1",0.0712456634499025,5.36991139135973,0.239462995471849,0.625317106852603,0.948902340108486,TRUE,FALSE,TRUE,FALSE,"PLI",20,105,16,89,FALSE,0.910686260353916
"SIRT1",-0.0742538028714496,5.52067694905066,0.235330781357427,0.628462188320559,0.952837393539015,TRUE,FALSE,FALSE,FALSE,"MLI_2",20,104,16,88,FALSE,0.914126819375358
"PTK2",0.026335860688473,8.79027326846773,0.228238033323214,0.633738934543731,0.885200573660195,TRUE,FALSE,FALSE,FALSE,"Astrocytes",20,108,16,92,FALSE,0.920655566600844
"LYPLA1",-0.0714171450755598,5.36304359082614,0.226888089377119,0.634752765310008,0.945867013060608,TRUE,FALSE,FALSE,FALSE,"Endocytes",20,103,16,87,FALSE,0.920982894263464
"ADCY10",0.125643089765823,4.28160187400875,0.222234920537635,0.638214121290614,0.92336706759785,TRUE,FALSE,FALSE,FALSE,"Microglia",20,107,16,91,FALSE,0.924856195617167
"CA3",-0.044990048515213,4.5250137807863,0.219880986184717,0.640033585613891,0.874360397988029,TRUE,FALSE,TRUE,FALSE,"Granule",20,109,16,93,FALSE,0.926343529116511
"MGLL",0.0312859489820815,7.42374724427543,0.2173540891848,0.64197325686217,0.875575929585007,TRUE,FALSE,TRUE,FALSE,"Granule",20,109,16,93,FALSE,0.927161096344315
"PDE4B",-0.0651022788887578,8.55134440867703,0.217226775744731,0.642186067587801,0.920891912256554,TRUE,FALSE,TRUE,FALSE,"UBC",20,103,16,87,FALSE,0.927161096344315
"HSD17B3",0.0897632646716291,3.37086589620092,0.210944267950773,0.646759753448418,0.889948088341473,TRUE,FALSE,TRUE,FALSE,"Oligodendrocytes",20,107,16,91,FALSE,0.930379635519753
"STS",-0.0616222033215769,5.71829925395205,0.210094708734638,0.647343022844962,0.950162627009655,TRUE,FALSE,TRUE,FALSE,"PLI",20,105,16,89,FALSE,0.930379635519753
"SLC16A1",0.0956541410437671,4.4225806598113,0.210043634777577,0.6475092452124,0.946453885926272,TRUE,FALSE,FALSE,FALSE,"Purkinje",20,108,16,92,FALSE,0.930379635519753
"PTPN2",0.0472701233232027,6.81710255332931,0.209901703597812,0.647601578491061,0.950162627009655,TRUE,FALSE,TRUE,FALSE,"PLI",20,105,16,89,FALSE,0.930379635519753
"KDM6B",0.0717814335739961,5.35021685488462,0.208607016972781,0.648779947550496,0.87966666311149,TRUE,FALSE,TRUE,FALSE,"Granule",20,109,16,93,FALSE,0.930927492308329
"FABP3",0.0587543747050678,2.17234575257558,0.206942541442424,0.650044305352865,0.879937878147487,TRUE,FALSE,TRUE,TRUE,"Granule",20,109,16,93,FALSE,0.930942414906306
"DRD3",-0.0924527518626946,-0.807712281869361,0.206230636581565,0.650384426852351,0.880039160474238,TRUE,FALSE,TRUE,FALSE,"Granule",20,109,16,93,FALSE,0.930942414906306
"SRD5A1",-0.0461658479497685,5.16071026580649,0.20530432031709,0.651306017062727,0.902296049821375,TRUE,FALSE,TRUE,FALSE,"OPC",20,107,16,91,FALSE,0.931120474821623
"CD22",-0.117178673445463,1.56691796078662,0.202878763637339,0.653165630541833,0.831505388800911,TRUE,FALSE,TRUE,FALSE,"Bergmann",20,108,16,92,FALSE,0.932573854678016
"SIRT1",-0.0669143026852685,5.46238477658914,0.201302174737497,0.654467164569164,0.949220470926852,TRUE,FALSE,FALSE,FALSE,"Purkinje",20,108,16,92,FALSE,0.932573854678016
"KAT2B",0.0336845494935009,6.67778103389795,0.201083929553238,0.65471794592121,0.881354587946786,TRUE,FALSE,FALSE,FALSE,"Granule",20,109,16,93,FALSE,0.932573854678016
"EPHX2",-0.0712411109569855,4.7538228091183,0.197235602943973,0.657693865112565,0.934817387303301,TRUE,FALSE,TRUE,FALSE,"Golgi",20,106,16,90,FALSE,0.935098039288665
"ERCC5",0.0447148487682289,6.09810628953764,0.196680583903402,0.658247068804664,0.895352547600891,TRUE,FALSE,FALSE,FALSE,"Astrocytes",20,108,16,92,FALSE,0.935098039288665
"BRAF",-0.0367916548744946,8.60473957387059,0.194739878486549,0.659749749608902,0.92299947395671,TRUE,FALSE,TRUE,FALSE,"UBC",20,103,16,87,FALSE,0.935098039288665
"FYN",0.0303091872298546,8.11518797465756,0.194266353494114,0.6602156402382,0.894723111488787,TRUE,FALSE,TRUE,FALSE,"Oligodendrocytes",20,107,16,91,FALSE,0.935098039288665
"ENPP1",0.0945026334023418,3.34926576232674,0.193184417466065,0.660898306532736,0.92377714429538,TRUE,FALSE,TRUE,FALSE,"Microglia",20,107,16,91,FALSE,0.935098039288665
"CPB2",0.0749758920502114,0.38663309147408,0.192853939677826,0.661293647647635,0.884720780468577,TRUE,FALSE,FALSE,FALSE,"Granule",20,109,16,93,FALSE,0.935098039288665
"PTPN2",0.0427424342424021,6.72588473807303,0.188792575568104,0.664691512692155,0.955601221646954,TRUE,FALSE,TRUE,FALSE,"MLI_2",20,104,16,88,FALSE,0.937467785820933
"PRKCD",0.0963637425281958,1.43150939387978,0.188231060187794,0.665093400864077,0.83813359237347,TRUE,FALSE,TRUE,TRUE,"Bergmann",20,108,16,92,FALSE,0.937467785820933
"EIF4A1",-0.0776236524230137,4.07937586722205,0.187026189612835,0.666167168288148,0.899578657087696,TRUE,FALSE,TRUE,FALSE,"Astrocytes",20,108,16,92,FALSE,0.937467785820933
"EPHX2",0.044333045215473,4.6101549970097,0.186713837033408,0.666502137814683,0.83882834993542,TRUE,FALSE,TRUE,FALSE,"Bergmann",20,108,16,92,FALSE,0.937467785820933
"ESR1",0.0945636528592249,3.34001855867963,0.184906831476637,0.667881962800152,0.899893006115455,TRUE,TRUE,TRUE,TRUE,"Astrocytes",20,108,16,92,FALSE,0.937467785820933
"BACE1",-0.0433712011194597,5.44946592988432,0.184586553425388,0.668263168413099,0.899893006115455,TRUE,FALSE,TRUE,FALSE,"Astrocytes",20,108,16,92,FALSE,0.937467785820933
"CA4",0.118462158153799,6.2412954624336,0.184361829054041,0.66858789862058,0.926164104197797,TRUE,FALSE,TRUE,FALSE,"UBC",20,103,16,87,FALSE,0.937467785820933
"DUSP3",0.0674730952636258,4.00255378568034,0.180076122123543,0.672040806617844,0.911292096256659,TRUE,FALSE,FALSE,FALSE,"OPC",20,107,16,91,FALSE,0.941179450994774
"MAPK10",0.0381445520369808,9.06780701498728,0.176645278492425,0.674961020908228,0.955285053189718,TRUE,FALSE,TRUE,FALSE,"PLI",20,105,16,89,FALSE,0.943905672621678
"DRD2",0.0724503401861308,0.294035960778074,0.175207959514429,0.676221109608507,0.89082647017507,TRUE,FALSE,TRUE,FALSE,"Granule",20,109,16,93,FALSE,0.943905672621678
"MGLL",0.0387535291761,7.42907785509324,0.174754422709494,0.67660777773727,0.955331698429032,TRUE,FALSE,TRUE,FALSE,"PLI",20,105,16,89,FALSE,0.943905672621678
"HSP90AB1",-0.077495690439645,7.19026047734945,0.174271906961799,0.67721999456932,0.903541335860613,TRUE,FALSE,TRUE,FALSE,"Oligodendrocytes",20,107,16,91,FALSE,0.943905672621678
"OPRM1",-0.0774731063577291,7.1538549022909,0.172811363748049,0.678514487318708,0.955689954011585,TRUE,FALSE,TRUE,TRUE,"MLI_2",20,104,16,88,FALSE,0.944582742775031
"CA5A",-0.0930224492966014,-0.412903638593337,0.170216579140144,0.680512495328091,0.892544909036958,TRUE,FALSE,TRUE,FALSE,"Granule",20,109,16,93,FALSE,0.94623642207525
"MAOA",0.115561601364327,4.64455576662755,0.169144730521333,0.681612909982224,0.956479174172101,TRUE,FALSE,TRUE,FALSE,"Endocytes",20,103,16,87,FALSE,0.946639570581733
"HIF1A",0.0334148305051613,6.44178493545128,0.166647194158763,0.683867629710497,0.906104287072865,TRUE,FALSE,TRUE,FALSE,"Oligodendrocytes",20,107,16,91,FALSE,0.948642982781306
"DYRK1A",-0.0318914949850393,8.13755067041698,0.165150582980136,0.685169426157303,0.956450193752179,TRUE,FALSE,TRUE,TRUE,"MLI_2",20,104,16,88,FALSE,0.949321340156264
"MAPK10",-0.0304086626420296,8.77353819267493,0.160767227518443,0.689218523010799,0.895918532208124,TRUE,FALSE,TRUE,FALSE,"Granule",20,109,16,93,FALSE,0.951041867816824
"EPHX2",-0.0489949582007659,4.62340129022447,0.160573892009218,0.689340235093283,0.916997099705467,TRUE,FALSE,TRUE,FALSE,"OPC",20,107,16,91,FALSE,0.951041867816824
"SLC16A1",0.172009646323733,5.91859690357633,0.160738226516993,0.68935175818904,0.957123631947986,TRUE,FALSE,FALSE,FALSE,"Endocytes",20,103,16,87,FALSE,0.951041867816824
"TOP2B",-0.0581823437133132,7.8753564355582,0.159284925363301,0.690384324739492,0.921691646784651,TRUE,FALSE,TRUE,FALSE,"Pericytes",20,101,16,85,FALSE,0.951041867816824
"TET1",0.0626620074948072,5.86390054013903,0.159384561333003,0.690482451976599,0.957436011778898,TRUE,FALSE,TRUE,TRUE,"Endocytes",20,103,16,87,FALSE,0.951041867816824
"AKR1B1",0.0626257511851299,3.56130240201339,0.152578963935413,0.696755221982381,0.952928246936793,TRUE,FALSE,TRUE,TRUE,"MLI_1",20,108,16,92,FALSE,0.956125289113277
"ALOX5",0.0870108246284832,6.59124911549029,0.151016949205224,0.698088273888315,0.924849789158723,TRUE,TRUE,TRUE,TRUE,"Pericytes",20,101,16,85,FALSE,0.956125289113277
"PTPN11",-0.0680053829784725,6.76521879179551,0.150157738555234,0.698909643082091,0.924849789158723,TRUE,FALSE,TRUE,TRUE,"Pericytes",20,101,16,85,FALSE,0.956125289113277
"EPHX2",-0.0769645712458797,4.81293679470958,0.150244149821509,0.698945146675874,0.958583964450148,TRUE,FALSE,TRUE,FALSE,"MLI_2",20,104,16,88,FALSE,0.956125289113277
"FYN",0.0255044272710584,8.06249015255901,0.149126683776648,0.700078619881658,0.954188897263986,TRUE,FALSE,TRUE,FALSE,"MLI_1",20,108,16,92,FALSE,0.956125289113277
"SGMS1",-0.0239801218039434,7.42075619120587,0.148176562427367,0.700989020887505,0.954723966185536,TRUE,FALSE,FALSE,FALSE,"MLI_1",20,108,16,92,FALSE,0.956125289113277
"ESR1",0.0708454676317458,3.94121975841164,0.147144095408704,0.70188590552169,0.938587354144922,TRUE,TRUE,TRUE,TRUE,"Microglia",20,107,16,91,FALSE,0.956125289113277
"NR1H2",0.0708389037198363,4.53544845846978,0.146915514985892,0.702113337296468,0.951415248206376,TRUE,FALSE,TRUE,FALSE,"Golgi",20,106,16,90,FALSE,0.956125289113277
"MCL1",-0.0655286077147286,4.61018796446311,0.145954861284884,0.703076831387748,0.95716498844908,TRUE,TRUE,TRUE,TRUE,"Purkinje",20,108,16,92,FALSE,0.956125289113277
"TTR",-0.157848326055846,-0.909782085987518,0.144374284948359,0.704473287977944,0.903041310765163,TRUE,FALSE,TRUE,FALSE,"Granule",20,109,16,93,FALSE,0.956125289113277
"AKR1B1",-0.070203934967051,3.8240055947665,0.144394106634813,0.704556687699994,0.939738328570722,TRUE,FALSE,TRUE,TRUE,"Microglia",20,107,16,91,FALSE,0.956125289113277
"SGMS2",-0.0553267834520943,3.89285015351228,0.143985077751344,0.704989087147323,0.922407148776685,TRUE,FALSE,FALSE,FALSE,"OPC",20,107,16,91,FALSE,0.956125289113277
"ALOX5",-0.0542772239995715,5.99570019876593,0.143617861007334,0.705428487467749,0.912149115087346,TRUE,TRUE,TRUE,TRUE,"Astrocytes",20,108,16,92,FALSE,0.956125289113277
"ADCY10",0.0971983919675548,4.42798864500558,0.142998551218456,0.705930117831702,0.952021294366658,TRUE,FALSE,FALSE,FALSE,"Golgi",20,106,16,90,FALSE,0.956125289113277
"CNR1",0.0480883045805708,5.91099661516271,0.142284550965944,0.706679501257718,0.957675077319213,TRUE,TRUE,TRUE,TRUE,"Purkinje",20,108,16,92,FALSE,0.956125289113277
"MGLL",-0.0403298862226603,7.61335710119044,0.140721981042998,0.708190008998985,0.935960028159683,TRUE,FALSE,TRUE,FALSE,"UBC",20,103,16,87,FALSE,0.956125289113277
"TET2",0.0626268419456166,5.47742830715199,0.14032727811965,0.70860106311317,0.961809155637819,TRUE,FALSE,TRUE,TRUE,"MLI_2",20,104,16,88,FALSE,0.956125289113277
"MGLL",0.0307293568350368,7.36622066693236,0.140062169118136,0.708907962647344,0.919055847628463,TRUE,FALSE,TRUE,FALSE,"Oligodendrocytes",20,107,16,91,FALSE,0.956125289113277
"SYNJ2",0.0608072832898158,2.3382443794742,0.138564543871896,0.710402317559629,0.905111265258725,TRUE,FALSE,TRUE,FALSE,"Granule",20,109,16,93,FALSE,0.957005679199868
"FABP3",0.0753134296423128,2.49681885456235,0.137639403981809,0.711199425980724,0.957500755886156,TRUE,FALSE,TRUE,TRUE,"MLI_1",20,108,16,92,FALSE,0.957005679199868
"FDPS",-0.0465035295820265,4.47001588636152,0.135106453393363,0.713844521013632,0.921196186899397,TRUE,FALSE,TRUE,FALSE,"Oligodendrocytes",20,107,16,91,FALSE,0.959459609371602
"SIRT1",0.0226509473687797,5.41824678230921,0.134003393952538,0.715008116323679,0.906903830725143,TRUE,FALSE,FALSE,FALSE,"Granule",20,109,16,93,FALSE,0.959918942374778
"FDFT1",-0.044643961855291,4.89745326958094,0.132330716648885,0.716713873871028,0.906985037877064,TRUE,FALSE,TRUE,FALSE,"Granule",20,109,16,93,FALSE,0.961104253365512
"PPARD",-0.0475327437229893,5.59071988336513,0.129138092199986,0.719931413095152,0.955959524894686,TRUE,FALSE,TRUE,FALSE,"Golgi",20,106,16,90,FALSE,0.963421764602492
"BACE1",0.0441519771689265,5.69966113065617,0.128862949152187,0.720150165881842,0.967925282306734,TRUE,FALSE,TRUE,FALSE,"PLI",20,105,16,89,FALSE,0.963421764602492
"TRPV1",0.0653675166303075,5.1807044891597,0.127105071326961,0.722055063283221,0.966689887884287,TRUE,FALSE,TRUE,FALSE,"MLI_2",20,104,16,88,FALSE,0.963421764602492
"ACLY",-0.0452449967319281,4.66243960646653,0.126463418430642,0.722752604729308,0.926460762248025,TRUE,FALSE,FALSE,FALSE,"OPC",20,107,16,91,FALSE,0.963421764602492
"CA2",0.0760402371352286,0.227959491046255,0.125213625094125,0.724029154837516,0.909838240908737,TRUE,TRUE,TRUE,TRUE,"Granule",20,109,16,93,FALSE,0.963421764602492
"NR1H2",0.0705791910392862,4.39222071378408,0.125163497476481,0.724083578826925,0.96108208359721,TRUE,FALSE,TRUE,FALSE,"Purkinje",20,108,16,92,FALSE,0.963421764602492
"PDE4D",-0.0409909366134743,7.88657543127777,0.124796406130949,0.724565514203408,0.942720263057991,TRUE,FALSE,TRUE,FALSE,"Microglia",20,107,16,91,FALSE,0.963421764602492
"FYN",-0.0244086701930201,8.14200041998584,0.124119758056705,0.725221714794569,0.96108208359721,TRUE,FALSE,TRUE,FALSE,"Purkinje",20,108,16,92,FALSE,0.963421764602492
"CA2",0.0927529584641373,4.19355795539634,0.12343495811021,0.725865713056672,0.962651270028301,TRUE,TRUE,TRUE,TRUE,"Endocytes",20,103,16,87,FALSE,0.963421764602492
"HSP90AB1",-0.0681639687959077,7.27536831150225,0.121110592219706,0.728533462666369,0.911949605761164,TRUE,FALSE,TRUE,FALSE,"Granule",20,109,16,93,FALSE,0.965088628016915
"HIF1A",-0.0244681090802061,6.4372008194309,0.120512274113766,0.729134082230028,0.911999011435156,TRUE,FALSE,TRUE,FALSE,"Granule",20,109,16,93,FALSE,0.965088628016915
"BRAF",-0.0189412423650132,8.44134416856222,0.120056890010156,0.729600392584705,0.962461452407805,TRUE,FALSE,TRUE,FALSE,"MLI_1",20,108,16,92,FALSE,0.965088628016915
"NR3C1",-0.0227092010244333,8.35619068031625,0.118284633543358,0.731524966655137,0.962461452407805,TRUE,FALSE,FALSE,FALSE,"MLI_1",20,108,16,92,FALSE,0.96611732545724
"EPHX2",0.0755587200650714,4.74027456149879,0.117801168077277,0.732032391292515,0.964891041710698,TRUE,FALSE,TRUE,FALSE,"Endocytes",20,103,16,87,FALSE,0.96611732545724
"ESR1",0.0634165585026003,3.42397225744478,0.116436779915845,0.73347571403383,0.930065835257359,TRUE,TRUE,TRUE,TRUE,"OPC",20,107,16,91,FALSE,0.966929609471234
"KDM1A",-0.0196504693624901,6.14699225498494,0.115361716098547,0.734759269009532,0.914589486724126,TRUE,FALSE,TRUE,FALSE,"Granule",20,109,16,93,FALSE,0.967021613954818
"CNR1",-0.0489639182886931,6.25124061239441,0.11498757351633,0.735201364034143,0.962461452407805,TRUE,TRUE,TRUE,TRUE,"MLI_1",20,108,16,92,FALSE,0.967021613954818
"CA9",-0.0704068774160638,3.22348968427725,0.111894242674383,0.738522195279476,0.932073730861895,TRUE,TRUE,TRUE,TRUE,"OPC",20,107,16,91,FALSE,0.967275593565725
"DUSP3",0.0547949323144412,4.0199624157399,0.111707600386425,0.738791861190137,0.962519551654557,TRUE,FALSE,FALSE,FALSE,"MLI_1",20,108,16,92,FALSE,0.967275593565725
"NR3C1",0.0307870736031535,8.34065938783958,0.111636896559604,0.738913799725608,0.966517833657347,TRUE,FALSE,FALSE,FALSE,"Endocytes",20,103,16,87,FALSE,0.967275593565725
"PKM",0.0387583296241465,6.16575260222009,0.111069509929323,0.739528442323138,0.932203166422461,TRUE,FALSE,TRUE,FALSE,"OPC",20,107,16,91,FALSE,0.967275593565725
"PPARG",-0.0691692290225659,5.43669502868135,0.111002321055493,0.739535192683384,0.94394173352881,TRUE,TRUE,TRUE,TRUE,"UBC",20,103,16,87,FALSE,0.967275593565725
"SLC16A1",-0.0503470639390461,3.81978659593065,0.109911249614517,0.740814859124413,0.96264162020335,TRUE,FALSE,FALSE,FALSE,"MLI_1",20,108,16,92,FALSE,0.967310761202744
"SGMS1",0.0255701850332332,7.61017467388191,0.108956342509858,0.741925400965924,0.932934824357748,TRUE,FALSE,FALSE,FALSE,"OPC",20,107,16,91,FALSE,0.967310761202744
"PRKCD",0.053188005131527,0.43033709860139,0.108816132771663,0.742046611333612,0.917058801570061,TRUE,FALSE,TRUE,TRUE,"Granule",20,109,16,93,FALSE,0.967310761202744
"ACLY",0.0714262472502375,4.95311202242935,0.1056541558327,0.745635980211282,0.945423611272679,TRUE,FALSE,FALSE,FALSE,"UBC",20,103,16,87,FALSE,0.970386232499649
"NR1H2",0.0467592840539036,4.30140510430518,0.105355142798458,0.746067497247162,0.963578346598552,TRUE,FALSE,TRUE,FALSE,"MLI_1",20,108,16,92,FALSE,0.970386232499649
"PKM",0.0480958179030672,6.40345515883915,0.104299020950895,0.747334585028062,0.969451272852038,TRUE,FALSE,TRUE,FALSE,"Endocytes",20,103,16,87,FALSE,0.970628631407565
"DUSP3",0.0694107134372174,4.55164328223516,0.10305539629965,0.748736025681801,0.969754032257965,TRUE,FALSE,FALSE,FALSE,"Endocytes",20,103,16,87,FALSE,0.970628631407565
"AKR1C3",-0.0641771728701997,0.0235539870986138,0.103011720518686,0.748746915152582,0.919736562375401,TRUE,TRUE,TRUE,TRUE,"Granule",20,109,16,93,FALSE,0.970628631407565
"AKR1B1",0.0359338263507458,3.48541041047479,0.102158011245021,0.749841152457618,0.920281693036566,TRUE,FALSE,TRUE,TRUE,"Granule",20,109,16,93,FALSE,0.970969474579266
"PPARD",0.0412544142649922,5.81661909525936,0.100395381598346,0.75182635959281,0.972643003706251,TRUE,FALSE,TRUE,FALSE,"PLI",20,105,16,89,FALSE,0.971070615487357
"CNR1",-0.0504297292378892,5.62745743074724,0.100461682483813,0.751852295520385,0.950158039677649,TRUE,TRUE,TRUE,TRUE,"Microglia",20,107,16,91,FALSE,0.971070615487357
"CTNNB1",0.0303296600745672,7.65576907046164,0.0995323191953466,0.752909299580476,0.948293423468821,TRUE,FALSE,TRUE,FALSE,"UBC",20,103,16,87,FALSE,0.971070615487357
"FDFT1",-0.0397632807892613,4.95770913160773,0.0993143772200613,0.753244843862625,0.888795059744039,TRUE,FALSE,TRUE,FALSE,"Bergmann",20,108,16,92,FALSE,0.971070615487357
"DAB2IP",-0.0327266910338317,8.59331138183286,0.0980698971876924,0.754754731405709,0.922364026225584,TRUE,FALSE,FALSE,FALSE,"Granule",20,109,16,93,FALSE,0.971127345867869
"CA13",-0.0358719635506934,4.04930086299838,0.0973648061862864,0.755596684582816,0.890355287105732,TRUE,FALSE,TRUE,FALSE,"Bergmann",20,108,16,92,FALSE,0.971127345867869
"SLC16A1",-0.0570668921691452,3.97255160294659,0.0968428384472154,0.756148351597586,0.951476689648943,TRUE,FALSE,FALSE,FALSE,"Microglia",20,107,16,91,FALSE,0.971127345867869
"CA3",0.0585330578069331,4.69591642450212,0.096194306446267,0.756976999511419,0.972281559974569,TRUE,FALSE,TRUE,FALSE,"Endocytes",20,103,16,87,FALSE,0.971127345867869
"TET3",-0.0265869022013627,6.85190796197896,0.0958352913858187,0.757446071991121,0.930607500938381,TRUE,FALSE,TRUE,FALSE,"Astrocytes",20,108,16,92,FALSE,0.971127345867869
"PPARG",-0.0574421413405778,5.24120339226056,0.0943242760797395,0.759314414379891,0.952644576222836,TRUE,TRUE,TRUE,TRUE,"Microglia",20,107,16,91,FALSE,0.972455302626878
"APP",0.0289242260779453,8.67538099758529,0.0935123475188662,0.760284117260613,0.966740248292608,TRUE,TRUE,TRUE,TRUE,"Purkinje",20,108,16,92,FALSE,0.972630721752898
"ACLY",0.0366500916689476,4.59330211705473,0.0927189539340636,0.761287289193248,0.966271804489228,TRUE,FALSE,FALSE,FALSE,"MLI_1",20,108,16,92,FALSE,0.972780597765886
"PTPN1",-0.0334151100441709,6.0380243102584,0.0917354229551336,0.762488651770215,0.960793035311875,TRUE,TRUE,TRUE,TRUE,"Golgi",20,106,16,90,FALSE,0.972780597765886
"PPARD",-0.030518442399457,5.57273297842693,0.0914325958039377,0.762899852357493,0.940223739789976,TRUE,FALSE,TRUE,FALSE,"OPC",20,107,16,91,FALSE,0.972780597765886
"ADCY10",0.0650789339211043,4.18364846619839,0.0902600805407799,0.764398044145869,0.96634014574972,TRUE,FALSE,FALSE,FALSE,"MLI_1",20,108,16,92,FALSE,0.972844252561084
"DUSP3",-0.0449258561869053,3.96874065327214,0.0895406219543008,0.765265636882548,0.933503733864925,TRUE,FALSE,FALSE,FALSE,"Astrocytes",20,108,16,92,FALSE,0.972844252561084
"CA13",0.0435467136202596,4.10457296617115,0.0892421533165818,0.765652139834601,0.933503733864925,TRUE,FALSE,TRUE,FALSE,"Astrocytes",20,108,16,92,FALSE,0.972844252561084
"MGLL",-0.025573156055449,7.35013297299951,0.087358149411157,0.768058001064972,0.962033203530668,TRUE,FALSE,TRUE,FALSE,"Golgi",20,106,16,90,FALSE,0.972844252561084
"KDM6B",0.0603649161993777,5.14647606093705,0.0864207896429445,0.769276306770045,0.966740248292608,TRUE,FALSE,TRUE,FALSE,"Purkinje",20,108,16,92,FALSE,0.972844252561084
"SIRT1",-0.0277327758388453,5.43910017341573,0.0864279821249902,0.769294642005651,0.937688790862014,TRUE,FALSE,FALSE,FALSE,"Oligodendrocytes",20,107,16,91,FALSE,0.972844252561084
"MAOB",-0.0558487885086272,4.94595100983895,0.0860152196019098,0.769858249111509,0.934242181527207,TRUE,TRUE,TRUE,TRUE,"Astrocytes",20,108,16,92,FALSE,0.972844252561084
"BRAF",-0.0213789252932518,8.5126445245416,0.0855264399972031,0.770444317359735,0.966740248292608,TRUE,FALSE,TRUE,FALSE,"Purkinje",20,108,16,92,FALSE,0.972844252561084
"HIF1A",-0.0356004944025481,6.48571316300924,0.0855222988745788,0.77044600481079,0.973121361149401,TRUE,FALSE,TRUE,FALSE,"MLI_2",20,104,16,88,FALSE,0.972844252561084
"ESR2",0.0523144457475758,5.0635916919397,0.0845210159913971,0.77175036541257,0.966740248292608,TRUE,TRUE,TRUE,TRUE,"Purkinje",20,108,16,92,FALSE,0.973438905833566
"PRKCG",0.0713394017996409,2.36035820953392,0.0833749902723103,0.773273125703956,0.900366406879199,TRUE,FALSE,TRUE,TRUE,"Bergmann",20,108,16,92,FALSE,0.973704534356866
"STS",0.0316392195061841,4.73992992005622,0.0811138873375396,0.776293309159559,0.93521584661172,TRUE,FALSE,TRUE,FALSE,"Astrocytes",20,108,16,92,FALSE,0.973704534356866
"PKM",-0.0361498284258196,6.20919350285758,0.0802238490578419,0.777511635200285,0.935630306489467,TRUE,FALSE,TRUE,FALSE,"Astrocytes",20,108,16,92,FALSE,0.973704534356866
"NR1H2",0.0314844344458399,4.24695537962605,0.0801999424778066,0.777543356493651,0.930568533597463,TRUE,FALSE,TRUE,FALSE,"Granule",20,109,16,93,FALSE,0.973704534356866
"POLA1",0.0241665300634213,6.85227162026709,0.0800841935812345,0.777688063299477,0.970143903108618,TRUE,FALSE,TRUE,FALSE,"MLI_1",20,108,16,92,FALSE,0.973704534356866
"MET",-0.078284674799743,2.24774033127308,0.0799163943806322,0.777779713320887,0.9402883448602,TRUE,FALSE,TRUE,TRUE,"Oligodendrocytes",20,107,16,91,FALSE,0.973704534356866
"STS",-0.0383275684400283,5.32955640969601,0.0799702537497727,0.777796515886092,0.962544514833568,TRUE,FALSE,TRUE,FALSE,"Golgi",20,106,16,90,FALSE,0.973704534356866
"DOT1L",-0.0547032683523262,5.6713103903311,0.0782275253353293,0.78016493164508,0.954258189070584,TRUE,FALSE,TRUE,FALSE,"UBC",20,103,16,87,FALSE,0.974058257644392
"TET2",-0.030704100970004,5.18641485330021,0.0781077308303926,0.780392737055487,0.931509934466535,TRUE,FALSE,TRUE,TRUE,"Granule",20,109,16,93,FALSE,0.974058257644392
"PRKCH",0.0485244897574443,1.91308386467099,0.0768862704841595,0.782058095549828,0.93214557399499,TRUE,FALSE,TRUE,TRUE,"Granule",20,109,16,93,FALSE,0.974058257644392
"DAB2IP",-0.0254721922715277,8.46727967884722,0.0764845514708176,0.782614976676612,0.970691085081049,TRUE,FALSE,FALSE,FALSE,"MLI_1",20,108,16,92,FALSE,0.974058257644392
"NR3C1",-0.0232632691317169,8.36239096080724,0.076001359912243,0.783238635476243,0.955013392373758,TRUE,FALSE,FALSE,FALSE,"UBC",20,103,16,87,FALSE,0.974058257644392
"SGMS1",-0.0267147529936981,7.41318405293474,0.0751718389259778,0.784413903835197,0.975252612283868,TRUE,FALSE,FALSE,FALSE,"MLI_2",20,104,16,88,FALSE,0.974058257644392
"LYPLA1",-0.0258123350759213,5.06390502001932,0.0745975391522204,0.785242859319696,0.938706981020552,TRUE,FALSE,FALSE,FALSE,"Astrocytes",20,108,16,92,FALSE,0.974058257644392
"STS",-0.0349343601546826,5.30852551644449,0.0743560748233658,0.785582248777679,0.970691085081049,TRUE,FALSE,TRUE,FALSE,"MLI_1",20,108,16,92,FALSE,0.974058257644392
"MGLL",0.021028092368608,7.36500141913229,0.0734089523314146,0.786918122657943,0.970691085081049,TRUE,FALSE,TRUE,FALSE,"MLI_1",20,108,16,92,FALSE,0.974058257644392
"OPRM1",0.0436464888619857,7.03388719528099,0.0728879256853267,0.787711316879244,0.970691085081049,TRUE,FALSE,TRUE,TRUE,"MLI_1",20,108,16,92,FALSE,0.974058257644392
"ADORA1",-0.0488464571194293,5.42109024425351,0.0727465859812887,0.787834253407165,0.967269084583294,TRUE,FALSE,TRUE,FALSE,"Purkinje",20,108,16,92,FALSE,0.974058257644392
"JUN",-0.0770264173415293,4.69424142685724,0.0720504495221532,0.788897112738702,0.934531036686696,TRUE,FALSE,TRUE,TRUE,"Granule",20,109,16,93,FALSE,0.974058257644392
"IGF1R",-0.0225251615991525,8.78695218896649,0.0716670230395866,0.789346171969479,0.977230267944756,TRUE,FALSE,TRUE,FALSE,"PLI",20,105,16,89,FALSE,0.974058257644392
"KDM1A",-0.0213957368610532,6.15097281110046,0.0705828792678356,0.790962256288481,0.97077004339311,TRUE,FALSE,TRUE,FALSE,"MLI_1",20,108,16,92,FALSE,0.974058257644392
"DRD4",0.0537982302072784,0.612619799181815,0.0698062923383364,0.792043881533536,0.935478958644512,TRUE,FALSE,TRUE,FALSE,"Granule",20,109,16,93,FALSE,0.974058257644392
"KAT2B",-0.022122508163416,6.94887475161947,0.0694319576268546,0.792633406959049,0.971140623028394,TRUE,FALSE,FALSE,FALSE,"MLI_1",20,108,16,92,FALSE,0.974058257644392
"ADORA1",0.0502274110312372,5.48076256363006,0.0692243213560424,0.792945414394915,0.978916606722366,TRUE,FALSE,TRUE,FALSE,"Endocytes",20,103,16,87,FALSE,0.974058257644392
"SIRT1",-0.0286851262737005,5.54451062656274,0.0691096221739942,0.793090242311487,0.961499741905823,TRUE,FALSE,FALSE,FALSE,"Microglia",20,107,16,91,FALSE,0.974058257644392
"MCL1",-0.0334008626031376,4.52930033992235,0.0668580876637224,0.796445229148132,0.913084579727442,TRUE,TRUE,TRUE,TRUE,"Bergmann",20,108,16,92,FALSE,0.976600711679194
"SHBG",0.0411330043884235,-0.328295903848564,0.0652773144800789,0.798714189303528,0.937352228115847,TRUE,FALSE,TRUE,FALSE,"Granule",20,109,16,93,FALSE,0.976600711679194
"TET1",-0.0261026698489206,5.91715068813581,0.0646485872956912,0.799740851548233,0.950157516842786,TRUE,FALSE,TRUE,TRUE,"OPC",20,107,16,91,FALSE,0.976600711679194
"SOAT1",0.0580530225985592,4.3636880461691,0.0646223510097176,0.79974315006597,0.980180349508457,TRUE,FALSE,TRUE,FALSE,"Endocytes",20,103,16,87,FALSE,0.976600711679194
"NR1H4",-0.0528869426179853,-0.807536007450699,0.064317529310684,0.800139896788759,0.937671015241192,TRUE,FALSE,FALSE,FALSE,"Granule",20,109,16,93,FALSE,0.976600711679194
"PTK2",-0.0158576601774346,8.76708442102931,0.0641111039515647,0.800556285548215,0.950396717937717,TRUE,FALSE,FALSE,FALSE,"OPC",20,107,16,91,FALSE,0.976600711679194
"FYN",-0.01404175143071,8.07963755817706,0.0638259167993442,0.801013254956051,0.937860269319529,TRUE,FALSE,TRUE,FALSE,"Granule",20,109,16,93,FALSE,0.976600711679194
"KAT2B",0.0318959882297205,6.93252970246994,0.0617385642077264,0.804170587712603,0.958629830334495,TRUE,FALSE,FALSE,FALSE,"UBC",20,103,16,87,FALSE,0.977652820805258
"SNCA",0.0233066272593095,7.82940551254229,0.0616880483812615,0.804290037024034,0.949376463653138,TRUE,TRUE,TRUE,TRUE,"Oligodendrocytes",20,107,16,91,FALSE,0.977652820805258
"MAP2K1",-0.0218935094595455,5.60922609222244,0.0603098409335202,0.806442124175262,0.9500378189024,TRUE,TRUE,TRUE,TRUE,"Oligodendrocytes",20,107,16,91,FALSE,0.977652820805258
"TET3",0.0389331676395368,7.24443321427102,0.0588590535212609,0.808632871112171,0.952308600297957,TRUE,FALSE,TRUE,FALSE,"Pericytes",20,101,16,85,FALSE,0.977652820805258
"FDPS",0.0489590481459318,4.60600301743626,0.0582373183416252,0.809675035369388,0.9692532625525,TRUE,FALSE,TRUE,FALSE,"Golgi",20,106,16,90,FALSE,0.977652820805258
"MAPK10",-0.0225507177810211,9.26246712480072,0.057446933604173,0.810899210855455,0.952631037203096,TRUE,FALSE,TRUE,FALSE,"Pericytes",20,101,16,85,FALSE,0.977652820805258
"ADCY10",-0.054844724470403,4.10164350614948,0.0570693112501123,0.811604992061966,0.954031651120051,TRUE,FALSE,FALSE,FALSE,"OPC",20,107,16,91,FALSE,0.977652820805258
"PDE4D",-0.0260140595185912,8.24590754592625,0.0569847679966169,0.811731727771691,0.985552779719928,TRUE,FALSE,TRUE,FALSE,"PLI",20,105,16,89,FALSE,0.977652820805258
"PPARG",-0.0401758297308995,5.34100378334249,0.0565024232711413,0.81249756076634,0.969286461949046,TRUE,TRUE,TRUE,TRUE,"Golgi",20,106,16,90,FALSE,0.977652820805258
"JUN",-0.06864753571286,4.83135477152188,0.0564230348523348,0.8127109774565,0.921989016698158,TRUE,FALSE,TRUE,TRUE,"Bergmann",20,108,16,92,FALSE,0.977652820805258
"TRPV1",0.0278608471603108,5.04155257318903,0.0563335053381287,0.812804267721967,0.97387118647415,TRUE,FALSE,TRUE,FALSE,"MLI_1",20,108,16,92,FALSE,0.977652820805258
"EGFR",0.0585558043679287,6.16557714055496,0.0563371930909289,0.812868401564227,0.980724410414607,TRUE,FALSE,FALSE,FALSE,"Endocytes",20,103,16,87,FALSE,0.977652820805258
"TDP1",0.0261629002513025,5.18093984354074,0.0560820694396567,0.813215924977744,0.9528752346916,TRUE,FALSE,TRUE,FALSE,"Oligodendrocytes",20,107,16,91,FALSE,0.977652820805258
"LYPLA1",-0.0281153995744223,5.57439106472917,0.0556192175011605,0.813888968577124,0.985746157087002,TRUE,FALSE,FALSE,FALSE,"PLI",20,105,16,89,FALSE,0.977652820805258
"TOP2B",-0.0225207984808122,7.41035978885256,0.0552445624592034,0.814583178674277,0.966003246125986,TRUE,FALSE,TRUE,FALSE,"Microglia",20,107,16,91,FALSE,0.977652820805258
"NR3C1",-0.0187498182152533,8.5127182781009,0.0548055909845435,0.815268705020823,0.985746157087002,TRUE,FALSE,FALSE,FALSE,"PLI",20,105,16,89,FALSE,0.977652820805258
"CA3",-0.0391453757924347,4.75488001856758,0.0537068658227414,0.817014984402821,0.985746157087002,TRUE,FALSE,TRUE,FALSE,"PLI",20,105,16,89,FALSE,0.977949405078679
"FDPS",0.0571456901427648,4.38631914287373,0.0536467686026208,0.817190598764376,0.984140204693623,TRUE,FALSE,TRUE,FALSE,"MLI_2",20,104,16,88,FALSE,0.977949405078679
"ADORA1",0.0456682709731886,5.43449843078453,0.0527850603067296,0.818666557484809,0.98450984232512,TRUE,FALSE,TRUE,FALSE,"MLI_2",20,104,16,88,FALSE,0.978712936686036
"BRAF",-0.0159117924050766,8.49948825330513,0.0515821358881261,0.820712476563814,0.984598319289122,TRUE,FALSE,TRUE,FALSE,"MLI_2",20,104,16,88,FALSE,0.97962868585232
"PPARD",-0.0184401700454319,5.47098417285938,0.050886179848089,0.82193993348288,0.944922802838951,TRUE,FALSE,TRUE,FALSE,"Granule",20,109,16,93,FALSE,0.97962868585232
"FDPS",-0.0459473220738408,4.31470514876893,0.0504669004212301,0.822601408081916,0.973935515062121,TRUE,FALSE,TRUE,FALSE,"Purkinje",20,108,16,92,FALSE,0.97962868585232
"TET2",0.0251222839156449,5.38119078204875,0.0503861204390462,0.822787449333155,0.976576758614529,TRUE,FALSE,TRUE,TRUE,"MLI_1",20,108,16,92,FALSE,0.97962868585232
"PTGFR",0.0475427066899623,-0.323191344129383,0.049527073081915,0.824216914928319,0.945531737283252,TRUE,FALSE,FALSE,FALSE,"Granule",20,109,16,93,FALSE,0.98033132040354
"HIF1A",0.0238526445789238,6.56483119681363,0.0483772428795174,0.826273510117183,0.973033224491895,TRUE,FALSE,TRUE,FALSE,"Golgi",20,106,16,90,FALSE,0.980984898283908
"PGR",0.053968854660899,-0.843299293931208,0.0482465268130678,0.826446181430964,0.946211127285411,TRUE,FALSE,TRUE,FALSE,"Granule",20,109,16,93,FALSE,0.980984898283908
"PTPN2",0.0174567777585313,6.47407070797292,0.0473466884137092,0.828125666248122,0.959154615983171,TRUE,FALSE,TRUE,FALSE,"OPC",20,107,16,91,FALSE,0.981737647027673
"MAOB",-0.0315104120529857,4.45141452094223,0.0469088168316919,0.82889666082314,0.959154615983171,TRUE,TRUE,TRUE,TRUE,"OPC",20,107,16,91,FALSE,0.981737647027673
"TDP1",0.0377205259898224,5.31685506606242,0.0465124730827104,0.829601932890679,0.984754889731557,TRUE,FALSE,TRUE,FALSE,"MLI_2",20,104,16,88,FALSE,0.981737647027673
"KAT2B",0.0183005433352782,7.03388063060142,0.0456230823633369,0.831213743401049,0.973738851499429,TRUE,FALSE,FALSE,FALSE,"Golgi",20,106,16,90,FALSE,0.982399881613414
"FDFT1",-0.0302639301827286,4.86657483242757,0.0451844617405923,0.832035566630612,0.977804682474474,TRUE,FALSE,TRUE,FALSE,"MLI_1",20,108,16,92,FALSE,0.982399881613414
"BACE1",0.0255874667269783,5.71996809439167,0.044817288929544,0.832684831162054,0.973931428741385,TRUE,FALSE,TRUE,FALSE,"Golgi",20,106,16,90,FALSE,0.982399881613414
"PDE4D",-0.0237954228562126,8.20237968179089,0.0434069805069821,0.835334839477484,0.984754889731557,TRUE,FALSE,TRUE,FALSE,"MLI_2",20,104,16,88,FALSE,0.983595429584292
"PRKCE",-0.0120190612297146,9.30073973730942,0.0431505643661047,0.835806185672116,0.97858037693774,TRUE,FALSE,TRUE,TRUE,"MLI_1",20,108,16,92,FALSE,0.983595429584292
"TOP2B",-0.0211205786261083,7.41321096770953,0.0429200304319606,0.836224539021577,0.977258884149276,TRUE,FALSE,TRUE,FALSE,"Purkinje",20,108,16,92,FALSE,0.983595429584292
"OPRM1",0.0316416351227353,7.1643918549683,0.0421840338569468,0.837669418597136,0.972333618014767,TRUE,FALSE,TRUE,TRUE,"Microglia",20,107,16,91,FALSE,0.984303703140297
"PTPN2",0.0198372667312814,6.65612813991094,0.040870161885172,0.840120452108492,0.973982171360452,TRUE,FALSE,TRUE,FALSE,"Golgi",20,106,16,90,FALSE,0.986173299818398
"IGF1R",0.0149110687332676,8.66857239820807,0.0401222536329061,0.841592412886773,0.979775781279592,TRUE,FALSE,TRUE,FALSE,"MLI_1",20,108,16,92,FALSE,0.986173299818398
"IGF1R",-0.0144490965753273,8.76923503582224,0.0399587429051544,0.841888701515621,0.974506531527373,TRUE,FALSE,TRUE,FALSE,"Golgi",20,106,16,90,FALSE,0.986173299818398
"JUN",0.053800246220813,4.47654296776288,0.0390098004749221,0.843808548221066,0.980356903806422,TRUE,FALSE,TRUE,TRUE,"MLI_1",20,108,16,92,FALSE,0.986173299818398
"PTK2",-0.0107723551453258,8.73467966816908,0.0387738873215453,0.844241809513913,0.980356903806422,TRUE,FALSE,FALSE,FALSE,"MLI_1",20,108,16,92,FALSE,0.986173299818398
"PTK2",0.0149077864585651,8.80209973430412,0.03840116605278,0.844995234324024,0.983968869404999,TRUE,FALSE,FALSE,FALSE,"Endocytes",20,103,16,87,FALSE,0.986173299818398
"KDM1A",-0.0250773967467797,6.25463680221853,0.0381021028202545,0.845562941493392,0.985298678625204,TRUE,FALSE,TRUE,FALSE,"MLI_2",20,104,16,88,FALSE,0.986173299818398
"ADORA1",0.0355219772016349,5.62638920906268,0.0378657791453558,0.846015108234619,0.967797459029807,TRUE,FALSE,TRUE,FALSE,"UBC",20,103,16,87,FALSE,0.986173299818398
"SIRT1",-0.018259563365107,5.39329265416693,0.0352031857598526,0.851498154233784,0.980838879981982,TRUE,FALSE,FALSE,FALSE,"MLI_1",20,108,16,92,FALSE,0.98743611192934
"IGF1R",-0.0149581663258839,8.74831703076103,0.0343527052945008,0.853275958090677,0.974077282921241,TRUE,FALSE,TRUE,FALSE,"Microglia",20,107,16,91,FALSE,0.98743611192934
"ACHE",0.0373837685831413,3.50716155774501,0.0338779799599146,0.854296961254372,0.940815694271235,TRUE,TRUE,TRUE,TRUE,"Bergmann",20,108,16,92,FALSE,0.98743611192934
"ADORA1",0.0233961222184801,5.26350428325627,0.0337519128051612,0.854570030662513,0.940815694271235,TRUE,FALSE,TRUE,FALSE,"Bergmann",20,108,16,92,FALSE,0.98743611192934
"BRAF",-0.013919162308114,8.55969614979315,0.0334256660868744,0.855216815302561,0.987558614829257,TRUE,FALSE,TRUE,FALSE,"PLI",20,105,16,89,FALSE,0.98743611192934
"FYN",0.0162036269185847,8.16445166046189,0.03323639203055,0.855630971868581,0.970410850962776,TRUE,FALSE,TRUE,FALSE,"UBC",20,103,16,87,FALSE,0.98743611192934
"SIRT1",0.0237369955696551,5.60093528970574,0.0324038389808134,0.857398837704525,0.987558614829257,TRUE,FALSE,FALSE,FALSE,"PLI",20,105,16,89,FALSE,0.98743611192934
"PTPN11",0.0205084892607062,6.43128191442821,0.0320838530940294,0.858143386788009,0.982144823661498,TRUE,FALSE,TRUE,TRUE,"Purkinje",20,108,16,92,FALSE,0.98743611192934
"CTNNB1",-0.0156714884596395,7.52485432791619,0.0318861708038796,0.858569443604798,0.978836715625828,TRUE,FALSE,TRUE,FALSE,"Golgi",20,106,16,90,FALSE,0.98743611192934
"FDFT1",-0.0256062157708065,5.16178012114909,0.0317325277431318,0.85885369863942,0.987558614829257,TRUE,FALSE,TRUE,FALSE,"PLI",20,105,16,89,FALSE,0.98743611192934
"ADORA1",0.022179413680795,5.47478184534083,0.0308518919090086,0.860873715093471,0.965354357990423,TRUE,FALSE,TRUE,FALSE,"OPC",20,107,16,91,FALSE,0.98743611192934
"CTNNB1",-0.0211311122266588,7.98392497818286,0.0300205876173825,0.862674087048087,0.967138926348108,TRUE,FALSE,TRUE,FALSE,"Pericytes",20,101,16,85,FALSE,0.98743611192934
"PKM",0.0205427548978449,6.2708569489935,0.0293100933300064,0.864356735914999,0.976454536429397,TRUE,FALSE,TRUE,FALSE,"Microglia",20,107,16,91,FALSE,0.98743611192934
"MAP2K1",-0.0198221107739214,5.84482423598404,0.0289776223682834,0.865077963118188,0.987558614829257,TRUE,TRUE,TRUE,TRUE,"PLI",20,105,16,89,FALSE,0.98743611192934
"SLC16A1",-0.019057888056571,3.7750854475877,0.0281932820244435,0.866953511287831,0.960579461968035,TRUE,FALSE,FALSE,FALSE,"Granule",20,109,16,93,FALSE,0.98743611192934
"TOP2B",0.0143091464260389,7.43121300123322,0.0280911710467375,0.867154152675648,0.987558614829257,TRUE,FALSE,TRUE,FALSE,"PLI",20,105,16,89,FALSE,0.98743611192934
"FDFT1",0.0246629282049947,5.19688701144238,0.0273989332934526,0.868820762990752,0.96288929297656,TRUE,FALSE,TRUE,FALSE,"Astrocytes",20,108,16,92,FALSE,0.98743611192934
"ESR2",0.0223879340110366,4.8666415171703,0.0273315429514714,0.868963188574337,0.976555595117213,TRUE,TRUE,TRUE,TRUE,"Microglia",20,107,16,91,FALSE,0.98743611192934
"SYNJ2",0.0344598573449905,3.49738633200562,0.0270291072675235,0.869662941795165,0.963293228305383,TRUE,FALSE,TRUE,FALSE,"Astrocytes",20,108,16,92,FALSE,0.98743611192934
"SRD5A1",-0.023379820446773,5.41706425713844,0.0269839306460597,0.869791596669,0.982297740051056,TRUE,FALSE,TRUE,FALSE,"Purkinje",20,108,16,92,FALSE,0.98743611192934
"MAP2K1",-0.0221227482294805,5.68328157920075,0.0266297616436864,0.870642526393014,0.982528898883496,TRUE,TRUE,TRUE,TRUE,"Purkinje",20,108,16,92,FALSE,0.98743611192934
"TRPV1",0.0365343664921104,5.27957125895864,0.0264973089258735,0.870938241392239,0.973741026697563,TRUE,FALSE,TRUE,FALSE,"UBC",20,103,16,87,FALSE,0.98743611192934
"GSK3B",-0.0097196424409512,8.18184678963568,0.0262704363391722,0.871512086945671,0.98258042431114,TRUE,FALSE,TRUE,FALSE,"Purkinje",20,108,16,92,FALSE,0.98743611192934
"AKR1B1",0.0243720048639939,3.57737368522004,0.026007053928176,0.872139715024915,0.968843662871583,TRUE,FALSE,TRUE,TRUE,"Oligodendrocytes",20,107,16,91,FALSE,0.98743611192934
"ESRRA",-0.0337768950027593,3.33645181956362,0.0249928850291085,0.874600775537321,0.97800516247926,TRUE,FALSE,TRUE,FALSE,"Microglia",20,107,16,91,FALSE,0.98743611192934
"LYPLA1",0.0187079638787862,5.2985882730337,0.0249164676685709,0.874839952346029,0.97800516247926,TRUE,FALSE,FALSE,FALSE,"Microglia",20,107,16,91,FALSE,0.98743611192934
"SRC",0.028462431105412,3.18993830442953,0.024257495852736,0.87647046245515,0.968879140930525,TRUE,FALSE,TRUE,FALSE,"Oligodendrocytes",20,107,16,91,FALSE,0.98743611192934
"CA13",-0.0242216651149981,4.16868441698584,0.0238157530960353,0.877598489333687,0.97800516247926,TRUE,FALSE,TRUE,FALSE,"Microglia",20,107,16,91,FALSE,0.98743611192934
"ESR2",0.0179955485866863,4.85717434638366,0.0237219099283478,0.877861419718119,0.965757005269748,TRUE,TRUE,TRUE,TRUE,"Astrocytes",20,108,16,92,FALSE,0.98743611192934
"HSP90AB1",0.0482839345747431,7.66010828812676,0.023663138356783,0.878063829587997,0.989422212858906,TRUE,FALSE,TRUE,FALSE,"Endocytes",20,103,16,87,FALSE,0.98743611192934
"CA9",0.0289702245957644,3.23309571585073,0.0232095587050748,0.87915010178428,0.969789119870931,TRUE,TRUE,TRUE,TRUE,"Oligodendrocytes",20,107,16,91,FALSE,0.98743611192934
"TET3",-0.0117630028870748,6.89098176660996,0.022852014634486,0.88010297250795,0.970572247227302,TRUE,FALSE,TRUE,FALSE,"OPC",20,107,16,91,FALSE,0.98743611192934
"PTK2",0.0107139945651219,8.94166659421521,0.0225786882957219,0.880808079692399,0.984347300060036,TRUE,FALSE,FALSE,FALSE,"Purkinje",20,108,16,92,FALSE,0.98743611192934
"SRC",-0.0247907586168761,3.51401739322044,0.0221093314687417,0.882024077518227,0.970572247227302,TRUE,FALSE,TRUE,FALSE,"OPC",20,107,16,91,FALSE,0.98743611192934
"CA3",-0.0152545796140247,4.69964838181665,0.0221195651301564,0.882038890551896,0.952329702117334,TRUE,FALSE,TRUE,FALSE,"Bergmann",20,108,16,92,FALSE,0.98743611192934
"EDNRA",0.0297684147964276,-0.636704803484878,0.0219807544314808,0.882348526762889,0.964734869400746,TRUE,FALSE,TRUE,FALSE,"Granule",20,109,16,93,FALSE,0.98743611192934
"HDAC6",0.0235459264442601,5.8235339747194,0.0219717421007392,0.882427959939508,0.989779411315223,TRUE,FALSE,FALSE,FALSE,"Endocytes",20,103,16,87,FALSE,0.98743611192934
"PPARD",-0.0151961707278391,5.50856948074269,0.0218565127290048,0.882727873959616,0.966877109092649,TRUE,FALSE,TRUE,FALSE,"Astrocytes",20,108,16,92,FALSE,0.98743611192934
"KIF11",-0.0288494089769222,2.29855954851874,0.0217858021469389,0.882904533500058,0.952334277622625,TRUE,FALSE,TRUE,FALSE,"Bergmann",20,108,16,92,FALSE,0.98743611192934
"DUSP3",-0.0316838959575071,4.2422009891653,0.021763099485717,0.882934011569338,0.981887158905837,TRUE,FALSE,FALSE,FALSE,"Golgi",20,106,16,90,FALSE,0.98743611192934
"DAB2IP",-0.0177111687998228,8.75775187589759,0.0215840165801058,0.883433442492885,0.96938822749009,TRUE,FALSE,FALSE,FALSE,"Pericytes",20,101,16,85,FALSE,0.98743611192934
"BCHE",0.0331276036156341,-0.0464700850002845,0.0214337276260571,0.883827165538709,0.965290312701956,TRUE,FALSE,FALSE,FALSE,"Granule",20,109,16,93,FALSE,0.98743611192934
"DOT1L",-0.021536723265587,5.56124767307036,0.0212651210849831,0.884262113134962,0.991447113853161,TRUE,FALSE,TRUE,FALSE,"PLI",20,105,16,89,FALSE,0.98743611192934
"MAP2K1",0.0162302419124198,5.84812180994754,0.021268821990202,0.884296381060008,0.978533807468884,TRUE,TRUE,TRUE,TRUE,"Microglia",20,107,16,91,FALSE,0.98743611192934
"CNR1",-0.02279220267119,5.78253012891432,0.0204184026838064,0.886612104670063,0.981887158905837,TRUE,TRUE,TRUE,TRUE,"Golgi",20,106,16,90,FALSE,0.988705520474309
"ALOX5",-0.0227588333186064,5.82205820945484,0.0202435013715098,0.887126186179003,0.953807103947569,TRUE,TRUE,TRUE,TRUE,"Bergmann",20,108,16,92,FALSE,0.988705520474309
"OPRM1",-0.0250772963536856,7.06442175361502,0.0197416725473556,0.888535229226036,0.989779411315223,TRUE,FALSE,TRUE,TRUE,"Endocytes",20,103,16,87,FALSE,0.989331885353679
"SGMS2",0.0189128899301704,3.90572525913952,0.0190847967841885,0.890353157874926,0.986063411091566,TRUE,FALSE,FALSE,FALSE,"MLI_1",20,108,16,92,FALSE,0.989537510624094
"TDP1",0.02334117674881,5.2751018163943,0.0190496226140318,0.890466914168002,0.989779411315223,TRUE,FALSE,TRUE,FALSE,"Endocytes",20,103,16,87,FALSE,0.989537510624094
"FDPS",0.0143975305739106,4.17315512034545,0.01865646791542,0.891598351477748,0.968414825959333,TRUE,FALSE,TRUE,FALSE,"Granule",20,109,16,93,FALSE,0.989537510624094
"STS",-0.0226468079568961,4.96637853598313,0.0184116055442311,0.892298002243154,0.989779411315223,TRUE,FALSE,TRUE,FALSE,"Endocytes",20,103,16,87,FALSE,0.989537510624094
"ESR1",0.0213046314559178,3.19651315154371,0.0181886067626977,0.89295593852551,0.956223206547483,TRUE,TRUE,TRUE,TRUE,"Bergmann",20,108,16,92,FALSE,0.989537510624094
"CA13",0.0175640511614638,4.17860810000649,0.0174524467036965,0.895114841663878,0.97315424772699,TRUE,FALSE,TRUE,FALSE,"OPC",20,107,16,91,FALSE,0.990052347502875
"SNCA",0.0132323416608177,7.82060192465796,0.0170769691383648,0.896260527973179,0.97398416543807,TRUE,TRUE,TRUE,TRUE,"OPC",20,107,16,91,FALSE,0.990052347502875
"ESRRB",-0.0207526542874821,0.780903114948875,0.016897187919105,0.89678821538223,0.969515423325943,TRUE,FALSE,FALSE,FALSE,"Granule",20,109,16,93,FALSE,0.990052347502875
"NR1H2",-0.0170275677559872,4.40194707720936,0.0168901313161688,0.896811116145583,0.974248101539324,TRUE,FALSE,TRUE,FALSE,"OPC",20,107,16,91,FALSE,0.990052347502875
"CDK2",0.0219074624689556,-0.190886728223446,0.0150262297169765,0.902619167870717,0.971772165687227,TRUE,FALSE,TRUE,TRUE,"Granule",20,109,16,93,FALSE,0.995073109401836
"SOAT1",0.0193200418440195,4.28959053991027,0.0148918019225911,0.903062924628379,0.98251292351969,TRUE,FALSE,TRUE,FALSE,"Microglia",20,107,16,91,FALSE,0.995073109401836
"ACLY",0.026614484500906,4.65427349616073,0.0143585880975134,0.904805730926308,0.991591480843593,TRUE,FALSE,FALSE,FALSE,"MLI_2",20,104,16,88,FALSE,0.995941387076213
"PRKCE",-0.00791422459039944,9.3149359847131,0.0139267181665513,0.906252357665938,0.991591480843593,TRUE,FALSE,TRUE,TRUE,"MLI_2",20,104,16,88,FALSE,0.995941387076213
"TET1",0.0185477769066527,6.08721133129958,0.0137357355779887,0.906886172306805,0.97907200452998,TRUE,FALSE,TRUE,TRUE,"UBC",20,103,16,87,FALSE,0.995941387076213
"PPARD",0.00995154107286268,5.60560696621131,0.013630308744033,0.907261674528331,0.976072779297085,TRUE,FALSE,TRUE,FALSE,"Oligodendrocytes",20,107,16,91,FALSE,0.995941387076213
"PKM",0.0219680786551263,6.30481537632417,0.0123100206291392,0.91186709703701,0.98997817509085,TRUE,FALSE,TRUE,FALSE,"Purkinje",20,108,16,92,FALSE,0.997908597175197
"OPRM1",0.0189486028735432,7.04196753659982,0.0122114524977158,0.912220445357215,0.977327120196312,TRUE,FALSE,TRUE,TRUE,"Astrocytes",20,108,16,92,FALSE,0.997908597175197
"NR1H2",-0.0160386658439335,4.40248355070392,0.0119233361126535,0.913232564734607,0.977372914703583,TRUE,FALSE,TRUE,FALSE,"Astrocytes",20,108,16,92,FALSE,0.997908597175197
"BACE1",0.016882165963969,5.5488488093846,0.0116750867305685,0.91413120343945,0.991786894252366,TRUE,FALSE,TRUE,FALSE,"MLI_2",20,104,16,88,FALSE,0.997908597175197
"ACLY",0.0177790555419446,4.68139052551738,0.011370243485591,0.915254796741341,0.985530473655622,TRUE,FALSE,FALSE,FALSE,"Microglia",20,107,16,91,FALSE,0.997908597175197
"SLCO2B1",0.0167233722772705,1.16986226964226,0.0107978707582837,0.917414202111447,0.976980116123103,TRUE,FALSE,TRUE,FALSE,"Granule",20,109,16,93,FALSE,0.997908597175197
"TET3",-0.00992436225364795,7.016845383934,0.010509171188747,0.918522218122976,0.986406431905614,TRUE,FALSE,TRUE,FALSE,"Microglia",20,107,16,91,FALSE,0.997908597175197
"SRD5A1",-0.0205833018852028,5.34329119729331,0.0104146877464197,0.91886983951882,0.982881825064214,TRUE,FALSE,TRUE,FALSE,"UBC",20,103,16,87,FALSE,0.997908597175197
"SRC",0.0161718600355268,3.27429347130596,0.0102958415729807,0.919356988736681,0.966117670109173,TRUE,FALSE,TRUE,FALSE,"Bergmann",20,108,16,92,FALSE,0.997908597175197
"JUN",-0.0262147157084575,4.66375009748001,0.00977737133357863,0.921405048648873,0.986613870700191,TRUE,FALSE,TRUE,TRUE,"Golgi",20,106,16,90,FALSE,0.997908597175197
"POLA1",0.0098370200608916,7.01779266120885,0.00965603177686771,0.921883128218209,0.993419652301052,TRUE,FALSE,TRUE,FALSE,"MLI_2",20,104,16,88,FALSE,0.997908597175197
"ALK",-0.0184162783087033,4.40087786466637,0.00902399734609688,0.924456073857275,0.987515221024138,TRUE,FALSE,FALSE,FALSE,"Golgi",20,106,16,90,FALSE,0.997908597175197
"KDM6B",0.0188089382341625,5.34376422582042,0.00866823919756756,0.925984801359621,0.987945234915687,TRUE,FALSE,TRUE,FALSE,"Golgi",20,106,16,90,FALSE,0.997908597175197
"PKM",0.0170425399105191,6.31624039197569,0.00866204441259667,0.926019024997616,0.993419652301052,TRUE,FALSE,TRUE,FALSE,"MLI_2",20,104,16,88,FALSE,0.997908597175197
"CTNNB1",-0.0092513171687991,7.83723122804605,0.00847119387874769,0.926831704298419,0.991088587623563,TRUE,FALSE,TRUE,FALSE,"Endocytes",20,103,16,87,FALSE,0.997908597175197
"PRKCG",-0.0256897789946709,4.6175928928977,0.00834065004824221,0.92739582587732,0.993419652301052,TRUE,FALSE,TRUE,TRUE,"MLI_2",20,104,16,88,FALSE,0.997908597175197
"ENPP1",0.0164498532781731,2.47971872725914,0.00828540459046686,0.927626123262137,0.96968620000338,TRUE,FALSE,TRUE,FALSE,"Bergmann",20,108,16,92,FALSE,0.997908597175197
"SLC22A2",-0.0186945451575614,-0.869260770715392,0.00823129342681011,0.927829305982091,0.979060439510459,TRUE,FALSE,FALSE,FALSE,"Granule",20,109,16,93,FALSE,0.997908597175197
"OPRM1",-0.0145210770402748,7.04206983982272,0.00793132652386785,0.929208995626125,0.983388780131009,TRUE,FALSE,TRUE,TRUE,"OPC",20,107,16,91,FALSE,0.997908597175197
"SLC16A1",-0.0127924265406006,3.88755069276836,0.0079133107376526,0.929258791294748,0.983651686873913,TRUE,FALSE,FALSE,FALSE,"Oligodendrocytes",20,107,16,91,FALSE,0.997908597175197
"EPHX2",-0.011159597628088,4.63374802973018,0.00772677300145787,0.930103872664502,0.982309766584449,TRUE,FALSE,TRUE,FALSE,"Astrocytes",20,108,16,92,FALSE,0.997908597175197
"BRAF",-0.00567605974722788,8.49305947076825,0.00755992876853569,0.930859967350715,0.988482938199326,TRUE,FALSE,TRUE,FALSE,"Microglia",20,107,16,91,FALSE,0.997908597175197
"MAPK10",0.006135187921848,8.93937006429827,0.00707340147629382,0.933119066731211,0.991190267082954,TRUE,FALSE,TRUE,FALSE,"MLI_1",20,108,16,92,FALSE,0.997908597175197
"MAOB",0.0208930139723002,4.41840180310014,0.00704823621264353,0.93322554702278,0.992511070653628,TRUE,TRUE,TRUE,TRUE,"Endocytes",20,103,16,87,FALSE,0.997908597175197
"CTNNB1",0.00857546000341075,7.58799807260279,0.00678136172360708,0.934504090531962,0.994014004385198,TRUE,FALSE,TRUE,FALSE,"MLI_2",20,104,16,88,FALSE,0.997908597175197
"PPARD",0.00818770736891126,5.5913241561961,0.00678137657175407,0.934511100358367,0.991644350921055,TRUE,FALSE,TRUE,FALSE,"MLI_1",20,108,16,92,FALSE,0.997908597175197
"PRKCH",0.0169166944200795,2.23313987437846,0.00651705964872496,0.935791225252606,0.973045213330694,TRUE,FALSE,TRUE,TRUE,"Bergmann",20,108,16,92,FALSE,0.997908597175197
"KDM1A",0.00896195723025554,6.41370223276043,0.00645975159552155,0.936061555840511,0.995157483239614,TRUE,FALSE,TRUE,FALSE,"PLI",20,105,16,89,FALSE,0.997908597175197
"PDE4B",0.012772680262047,8.51447955780654,0.00637805803469628,0.936498133900582,0.973452127607744,TRUE,FALSE,TRUE,FALSE,"Bergmann",20,108,16,92,FALSE,0.997908597175197
"SLC16A1",0.0193834338940897,4.11281133538663,0.00614810458509397,0.937615012454645,0.994691742598536,TRUE,FALSE,FALSE,FALSE,"MLI_2",20,104,16,88,FALSE,0.997908597175197
"PPARG",-0.012552331674421,5.16462394490457,0.00598884702730862,0.938452027838336,0.984311519035391,TRUE,TRUE,TRUE,TRUE,"Astrocytes",20,108,16,92,FALSE,0.997908597175197
"HIF1A",0.0083999109107799,6.56464161274895,0.00598232271065419,0.938466029194862,0.995218650661135,TRUE,FALSE,TRUE,FALSE,"PLI",20,105,16,89,FALSE,0.997908597175197
"PTK2",-0.00437000112216639,8.85225825880611,0.00550607012754753,0.940977670875272,0.987315438350074,TRUE,FALSE,FALSE,FALSE,"Oligodendrocytes",20,107,16,91,FALSE,0.997908597175197
"PRKCQ",0.012933249465112,3.46614248014808,0.00525596738030487,0.942311171748981,0.987675502215818,TRUE,FALSE,TRUE,FALSE,"Oligodendrocytes",20,107,16,91,FALSE,0.997908597175197
"HIF1A",-0.00764230441723436,6.53737744947962,0.00501695355307712,0.943649667683933,0.994231654985336,TRUE,FALSE,TRUE,FALSE,"Purkinje",20,108,16,92,FALSE,0.997908597175197
"OPRM1",0.0118629093988628,7.0941875614869,0.00491687689318301,0.944234162006404,0.987869087745647,TRUE,FALSE,TRUE,TRUE,"Oligodendrocytes",20,107,16,91,FALSE,0.997908597175197
"LYPLA1",-0.0095871987099579,5.19442669668773,0.00443761803051533,0.94699617446476,0.994231654985336,TRUE,FALSE,FALSE,FALSE,"Purkinje",20,108,16,92,FALSE,0.997908597175197
"PDE4B",-0.0101110843918982,8.44451477127862,0.00443290819586959,0.947042627596291,0.987350327915572,TRUE,FALSE,TRUE,FALSE,"Astrocytes",20,108,16,92,FALSE,0.997908597175197
"KDM1A",-0.00747734141238124,6.10802529855378,0.00436161035782236,0.947452889516556,0.994231654985336,TRUE,FALSE,TRUE,FALSE,"Purkinje",20,108,16,92,FALSE,0.997908597175197
"TET3",-0.00688715482051367,6.96949992915498,0.00401881350723253,0.949552396230792,0.989934417633802,TRUE,FALSE,TRUE,FALSE,"UBC",20,103,16,87,FALSE,0.997908597175197
"HDAC6",-0.00784914644993173,5.91895056321896,0.00385468804557646,0.950583923434466,0.997551945786141,TRUE,FALSE,FALSE,FALSE,"PLI",20,105,16,89,FALSE,0.997908597175197
"ADCY10",-0.0139550333353933,3.97763851189284,0.0035881789536506,0.9523446559402,0.980950251541474,TRUE,FALSE,FALSE,FALSE,"Bergmann",20,108,16,92,FALSE,0.997908597175197
"SLC5A2",0.00877098699331823,-0.270182297276644,0.00310696365150304,0.955627594793706,0.987131300934302,TRUE,FALSE,TRUE,FALSE,"Granule",20,109,16,93,FALSE,0.997908597175197
"TET1",0.00804172454145779,5.93054077401539,0.00307863867226342,0.955842322348408,0.997392813936867,TRUE,FALSE,TRUE,TRUE,"MLI_2",20,104,16,88,FALSE,0.997908597175197
"FDPS",0.00750149526369657,4.51407392970788,0.00307392065998072,0.955877024805882,0.990005995547424,TRUE,FALSE,TRUE,FALSE,"OPC",20,107,16,91,FALSE,0.997908597175197
"TET1",0.00499249720757852,5.98894449703636,0.0028853450584072,0.957255104998562,0.989815358975952,TRUE,FALSE,TRUE,TRUE,"Astrocytes",20,108,16,92,FALSE,0.997908597175197
"NR1H2",0.00643393392813892,4.41249806737918,0.00270037123317076,0.958642866954034,0.989742252274652,TRUE,FALSE,TRUE,FALSE,"Oligodendrocytes",20,107,16,91,FALSE,0.997908597175197
"YWHAG",0.00836285741512105,6.62775403314235,0.00257156897875167,0.959648259219667,0.99425365266874,TRUE,FALSE,TRUE,FALSE,"Endocytes",20,103,16,87,FALSE,0.997908597175197
"NR1H3",-0.0100868027622172,3.55463259840635,0.00252288985986187,0.960012516879424,0.99086832707888,TRUE,FALSE,TRUE,FALSE,"Microglia",20,107,16,91,FALSE,0.997908597175197
"TET1",-0.00564113384206979,5.94149838689196,0.0023472514664409,0.961436514791989,0.993767251627555,TRUE,FALSE,TRUE,TRUE,"Golgi",20,106,16,90,FALSE,0.997908597175197
"SRC",-0.00996646960167438,3.65301634850206,0.00232813770768337,0.961585948923846,0.991373530721338,TRUE,FALSE,TRUE,FALSE,"Microglia",20,107,16,91,FALSE,0.997908597175197
"LTB4R",-0.00901566488845948,1.5562055359164,0.00226569332323375,0.962109366669519,0.985815121861721,TRUE,FALSE,FALSE,FALSE,"Bergmann",20,108,16,92,FALSE,0.997908597175197
"CA9",-0.00905876882014246,2.96746340359822,0.00213736314895784,0.963205878733476,0.986333546462295,TRUE,TRUE,TRUE,TRUE,"Bergmann",20,108,16,92,FALSE,0.997908597175197
"ADORA1",0.00658607346641995,5.44300201583032,0.00212599851297968,0.963300496189562,0.992071595991714,TRUE,FALSE,TRUE,FALSE,"Microglia",20,107,16,91,FALSE,0.997908597175197
"PTPN2",0.00389473574375103,6.49394609113632,0.00206527591985837,0.96383121083343,0.991739663358453,TRUE,FALSE,TRUE,FALSE,"Astrocytes",20,108,16,92,FALSE,0.997908597175197
"PTK2",-0.00278815112839468,8.84897088592876,0.00206329795952815,0.96384278257705,0.994697505799791,TRUE,FALSE,FALSE,FALSE,"Golgi",20,106,16,90,FALSE,0.997908597175197
"FDPS",-0.00662635177247533,4.37100522020457,0.0020344329242107,0.964099117105924,0.991739663358453,TRUE,FALSE,TRUE,FALSE,"Astrocytes",20,108,16,92,FALSE,0.997908597175197
"DUSP3",-0.00697042136114117,3.85954314316991,0.00202597208111064,0.964178778774793,0.986809032008691,TRUE,FALSE,FALSE,FALSE,"Bergmann",20,108,16,92,FALSE,0.997908597175197
"OPRM1",0.00714495444654328,7.69559709653666,0.00187148493198011,0.965557605612402,0.992401634010131,TRUE,FALSE,TRUE,TRUE,"Pericytes",20,101,16,85,FALSE,0.997908597175197
"HIF1A",0.0056264888458736,6.63998433644482,0.0018087621788521,0.966143334444603,0.992949285453272,TRUE,FALSE,TRUE,FALSE,"UBC",20,103,16,87,FALSE,0.997908597175197
"NR3C1",-0.00291171375803077,8.29217592138508,0.00177786687676655,0.96644277920801,0.990537118114974,TRUE,FALSE,FALSE,FALSE,"Granule",20,109,16,93,FALSE,0.997908597175197
"EIF4A1",0.0100561005115287,4.23073020987048,0.0016100089910098,0.968051893900777,0.998210541138051,TRUE,FALSE,TRUE,FALSE,"MLI_2",20,104,16,88,FALSE,0.997908597175197
"PTPN11",0.00308391853420687,6.29623558733361,0.00156093709952995,0.968553354600699,0.992175786351167,TRUE,FALSE,TRUE,TRUE,"Oligodendrocytes",20,107,16,91,FALSE,0.997908597175197
"SNCA",-0.00431119014401062,7.81589994547198,0.00129034568419854,0.971406519846957,0.998436496876523,TRUE,TRUE,TRUE,TRUE,"MLI_2",20,104,16,88,FALSE,0.997908597175197
"MAPK10",-0.00282838782210457,8.781585204961,0.0012869034621235,0.971445382248012,0.992846540844501,TRUE,FALSE,TRUE,FALSE,"Oligodendrocytes",20,107,16,91,FALSE,0.997908597175197
"PTPN11",0.00263584422932505,6.14296115056018,0.00125113427305214,0.971846969385185,0.990166925067226,TRUE,FALSE,TRUE,TRUE,"Bergmann",20,108,16,92,FALSE,0.997908597175197
"IGF1R",0.00258171935731743,8.75408554449567,0.00124570132748958,0.971905001804708,0.993091773551339,TRUE,FALSE,TRUE,FALSE,"OPC",20,107,16,91,FALSE,0.997908597175197
"OPRM1",0.00580078833202369,7.22878545463677,0.0011836098134832,0.972623810347819,0.999870493915564,TRUE,FALSE,TRUE,TRUE,"PLI",20,105,16,89,FALSE,0.997908597175197
"PKM",0.00395934944557753,6.12543693404346,0.00109983557029304,0.973603578007547,0.9907529210132,TRUE,FALSE,TRUE,FALSE,"Bergmann",20,108,16,92,FALSE,0.997908597175197
"PTPN2",0.00449189324040507,7.11869565053222,0.000848233865432136,0.976803180085412,0.993085396722768,TRUE,FALSE,TRUE,FALSE,"Pericytes",20,101,16,85,FALSE,0.997908597175197
"PRKCE",-0.00184610407999633,9.3159129672588,0.000818593138848405,0.977220774018981,0.995246225099023,TRUE,FALSE,TRUE,TRUE,"Golgi",20,106,16,90,FALSE,0.997908597175197
"CA3",-0.00472569361226196,4.67946018223502,0.000582228179152356,0.980786332882691,0.998895219200942,TRUE,FALSE,TRUE,FALSE,"MLI_2",20,104,16,88,FALSE,0.997908597175197
"MAOB",0.00407397792059316,4.3735114482499,0.000546637681279861,0.98138143141608,0.995979932875106,TRUE,TRUE,TRUE,TRUE,"Golgi",20,106,16,90,FALSE,0.997908597175197
"PLK1",0.00475435363990301,1.89976240791225,0.00054101615827255,0.981480379018833,0.994400862047654,TRUE,FALSE,TRUE,FALSE,"Bergmann",20,108,16,92,FALSE,0.997908597175197
"NR3C1",0.00164230958015325,8.25920103238257,0.000482747427033927,0.982508705797061,0.99617838735813,TRUE,FALSE,FALSE,FALSE,"Oligodendrocytes",20,107,16,91,FALSE,0.997908597175197
"KDM1A",0.00208456788640207,6.24327378680723,0.000472904724039796,0.982685213304647,0.996295033365232,TRUE,FALSE,TRUE,FALSE,"Golgi",20,106,16,90,FALSE,0.997908597175197
"SNCA",-0.0026151683745257,7.75094890496529,0.0004670165416775,0.982797659548049,0.996295033365232,TRUE,TRUE,TRUE,TRUE,"Golgi",20,106,16,90,FALSE,0.997908597175197
"IGF1R",-0.00167072968642183,8.74898252634447,0.000464995079221855,0.9828297390796,0.995988273236331,TRUE,FALSE,TRUE,FALSE,"UBC",20,103,16,87,FALSE,0.997908597175197
"CA3",0.00422321010132774,4.98620190162568,0.000432786039686928,0.983432090109324,0.995988273236331,TRUE,FALSE,TRUE,FALSE,"UBC",20,103,16,87,FALSE,0.997908597175197
"PPARG",0.00312691455840616,5.28197404274902,0.000426970871576193,0.983541766687618,0.999870493915564,TRUE,TRUE,TRUE,TRUE,"PLI",20,105,16,89,FALSE,0.997908597175197
"SGMS1",-0.0016607797927148,7.42795022504073,0.000425523411284078,0.983576240793252,0.997497612849127,TRUE,FALSE,FALSE,FALSE,"Purkinje",20,108,16,92,FALSE,0.997908597175197
"MGLL",-0.00136034790060199,7.32497828098171,0.000424384722933121,0.983601128235372,0.99498016006414,TRUE,FALSE,TRUE,FALSE,"Bergmann",20,108,16,92,FALSE,0.997908597175197
"KDM1A",0.00361656208955713,6.81390187662333,0.00042004866174237,0.983674341370757,0.994407089650506,TRUE,FALSE,TRUE,FALSE,"Pericytes",20,101,16,85,FALSE,0.997908597175197
"KDM6B",-0.00326203332012678,5.34823231474371,0.000403684216029484,0.984006711087704,0.997812095038268,TRUE,FALSE,TRUE,FALSE,"MLI_1",20,108,16,92,FALSE,0.997908597175197
"YWHAG",0.00230874969374569,6.27936674929629,0.000396554644254537,0.984147884725625,0.995231839104006,TRUE,FALSE,TRUE,FALSE,"Bergmann",20,108,16,92,FALSE,0.997908597175197
"POLA1",-0.00286313311574545,7.49039016661976,0.000368659217509181,0.984706280334149,0.994988117986803,TRUE,FALSE,TRUE,FALSE,"Pericytes",20,101,16,85,FALSE,0.997908597175197
"IGF1R",0.00143569004554132,8.71546016818158,0.000358044863839394,0.984937092459656,0.995450311168207,TRUE,FALSE,TRUE,FALSE,"Granule",20,109,16,93,FALSE,0.997908597175197
"YWHAG",-0.00201924623587166,6.35773300793438,0.000348047002596723,0.985147326882672,0.996479074074005,TRUE,FALSE,TRUE,FALSE,"OPC",20,107,16,91,FALSE,0.997908597175197
"PRKCD",0.00385861301713893,3.84348528510301,0.000318260810976233,0.985797176207459,0.997812095038268,TRUE,FALSE,TRUE,TRUE,"MLI_1",20,108,16,92,FALSE,0.997908597175197
"PPARD",-0.00148542069046098,5.49254513956306,0.00027638885804706,0.986765610607226,0.996317388755898,TRUE,FALSE,TRUE,FALSE,"Bergmann",20,108,16,92,FALSE,0.997908597175197
"PRKCH",-0.00194466055684026,4.57470406585226,0.000274476479107646,0.986801737788829,0.996432949096744,TRUE,FALSE,TRUE,TRUE,"UBC",20,103,16,87,FALSE,0.997908597175197
"HSP90AB1",-0.00270675325473469,7.28260384205506,0.000173297670060669,0.989522517110689,0.997338557008255,TRUE,FALSE,TRUE,FALSE,"Microglia",20,107,16,91,FALSE,0.99825105015768
"ERCC5",0.00116642667126574,6.0346443512134,0.000171326864929319,0.989580073537252,0.996583794482458,TRUE,FALSE,FALSE,FALSE,"Bergmann",20,108,16,92,FALSE,0.99825105015768
"ALOX5",0.0019892592100378,6.38641555840506,0.00016728185082156,0.9897043802077,0.997338557008255,TRUE,TRUE,TRUE,TRUE,"Microglia",20,107,16,91,FALSE,0.99825105015768
"SGMS1",-0.000564163226955484,7.40757565673265,7.88477021463432e-05,0.992931066892527,0.99776814679902,TRUE,FALSE,FALSE,FALSE,"Bergmann",20,108,16,92,FALSE,0.998867554445679
"ADCY10",-0.00332949369989363,4.55002886340093,7.10889489594006e-05,0.993285994876911,0.997956949167686,TRUE,FALSE,FALSE,FALSE,"Purkinje",20,108,16,92,FALSE,0.998867554445679
"NR1H3",0.00101569760595069,3.23616468212721,7.09157777432552e-05,0.99329378728733,0.998482237683514,TRUE,FALSE,TRUE,FALSE,"Oligodendrocytes",20,107,16,91,FALSE,0.998867554445679
"TET3",-0.000903648551640797,6.86783176510319,6.18639441949731e-05,0.993736385501609,0.999870493915564,TRUE,FALSE,TRUE,FALSE,"PLI",20,105,16,89,FALSE,0.998867554445679
"MAOB",-0.000828402909288269,4.13988535519833,3.96463905818591e-05,0.994987186114914,0.99843195803798,TRUE,TRUE,TRUE,TRUE,"Granule",20,109,16,93,FALSE,0.999264861033723
"SIRT1",0.000427157596931353,5.39393232841484,1.99556547713152e-05,0.996443298385892,0.998699508048848,TRUE,FALSE,FALSE,FALSE,"OPC",20,107,16,91,FALSE,0.999445992613199
"DOT1L",0.000691321287315872,5.68384415861861,1.53713547491404e-05,0.996878922426693,0.999611922278623,TRUE,FALSE,TRUE,FALSE,"Endocytes",20,103,16,87,FALSE,0.999445992613199
"PTK2",-0.000174484375291034,8.75393029439054,7.82364473187213e-06,0.997772968577182,0.99925984170813,TRUE,FALSE,FALSE,FALSE,"Microglia",20,107,16,91,FALSE,0.999484414492409
"POLA1",0.000177284355161913,7.06876967645251,1.92601830510147e-06,0.998894867171402,0.999383587214104,TRUE,FALSE,TRUE,FALSE,"UBC",20,103,16,87,FALSE,0.999750818214394
"CA13",2.11599556357868e-05,3.9209618584747,9.55420821021167e-08,0.999753916525835,0.999892258857458,TRUE,FALSE,TRUE,FALSE,"Granule",20,109,16,93,FALSE,0.999753916525835
"NR4A1",-2.72118528655867,3.06429577593488,44.229594775854,4.61776064478792e-10,5.60873207915941e-06,TRUE,FALSE,TRUE,FALSE,"Astrocytes",30,107,16,91,TRUE,5.41201547569145e-07
"NR4A1",-2.66859759574186,3.20255872805668,41.6497009589709,1.71318008720643e-09,3.9886586504347e-06,TRUE,FALSE,TRUE,FALSE,"OPC",30,106,16,90,TRUE,1.00392353110297e-06
"TLR4",1.04195992299004,3.92336336868961,30.1659980343848,2.54666553425451e-07,0.000170406040418467,TRUE,FALSE,TRUE,FALSE,"Bergmann",30,108,16,92,TRUE,7.58696695717906e-05
"PPARA",0.774070075969459,4.80353668311907,30.0231552725619,2.68612365828644e-07,0.000172542120065546,TRUE,FALSE,TRUE,TRUE,"Bergmann",30,108,16,92,TRUE,7.58696695717906e-05
"EGFR",1.26553857420795,3.89827916510755,29.3725920595365,3.34475901668293e-07,9.07700701947413e-05,TRUE,FALSE,FALSE,FALSE,"Oligodendrocytes",30,106,16,90,TRUE,7.58696695717906e-05
"MAOA",1.13054084883886,2.82587904637451,28.9063127087716,3.88411277671283e-07,0.000196085689507637,TRUE,FALSE,TRUE,FALSE,"Bergmann",30,108,16,92,TRUE,7.58696695717906e-05
"TLR4",1.46885237307347,2.23774441149273,26.2700571457126,8.80276991718804e-07,0.000208193047616578,TRUE,FALSE,TRUE,FALSE,"Oligodendrocytes",30,106,16,90,TRUE,0.00014738351918492
"TLR4",1.13019732684452,0.896642164294777,26.0045371721863,1.28154923214406e-06,0.000796313819150739,TRUE,FALSE,TRUE,FALSE,"Granule",30,109,16,93,TRUE,0.000172168020300635
"EGFR",1.17367113285423,2.95647160652638,26.1582107379888,1.32210937090931e-06,0.000796313819150739,TRUE,FALSE,FALSE,FALSE,"Granule",30,109,16,93,TRUE,0.000172168020300635
"NR4A1",-3.07370542290374,3.36106251399607,23.0306040265873,3.87855634809051e-06,0.012514162057114,TRUE,FALSE,TRUE,FALSE,"MLI_1",30,108,16,92,TRUE,0.000454566803996208
"EGFR",1.33933732447892,4.33877323611054,22.7737722865076,4.95178651939562e-06,0.00128833833972276,TRUE,FALSE,FALSE,FALSE,"Golgi",30,105,16,89,TRUE,0.000527590345521061
"CBS",1.65738598559166,0.977636124804095,21.5647753531914,7.16403065612211e-06,0.00109022160638918,TRUE,FALSE,FALSE,FALSE,"Bergmann",30,108,16,92,TRUE,0.00069968699408126
"PRKCA",0.826399916745674,6.60717836567687,22.1599536984244,7.96468148321602e-06,0.0018065531384751,TRUE,FALSE,TRUE,TRUE,"Golgi",30,105,16,89,TRUE,0.000718046669102244
"PRKCA",0.935534689590895,6.99695570484929,20.8889557635351,1.4506627665867e-05,0.00293672170467812,TRUE,FALSE,TRUE,TRUE,"Endocytes",30,99,16,83,TRUE,0.00121441197317115
"ERBB2",0.986065506178964,2.61257919412471,20.0370182953909,1.74515752403048e-05,0.00167505033384098,TRUE,FALSE,FALSE,FALSE,"Bergmann",30,108,16,92,TRUE,0.00136354974544248
"NR4A1",-2.35312109709979,3.55267627961187,19.0214477041787,2.50035396544398e-05,0.00251430905636904,TRUE,FALSE,TRUE,FALSE,"Oligodendrocytes",30,106,16,90,TRUE,0.00183150927968772
"EGFR",0.984252215824572,3.90991743361395,18.2354455241575,3.7445430808852e-05,0.00967638757389607,TRUE,FALSE,FALSE,FALSE,"Microglia",30,105,16,89,TRUE,0.00258153205341027
"NR4A1",-2.39681577411881,3.41386334733682,17.9586428777636,4.59964896100688e-05,0.0029890559259835,TRUE,FALSE,TRUE,FALSE,"Bergmann",30,108,16,92,TRUE,0.00296043787834824
"TLR4",0.94437174971557,3.40487414313572,17.6199091756275,4.79934468332905e-05,0.0088322485641992,TRUE,FALSE,TRUE,FALSE,"Astrocytes",30,107,16,91,TRUE,0.00296043787834824
"EGFR",0.717867679667226,5.52919447989705,17.3796714525253,6.31056943410201e-05,0.00901831146829774,TRUE,FALSE,FALSE,FALSE,"OPC",30,106,16,90,TRUE,0.0035902782170981
"KAT2B",0.398410760309868,7.2643289795075,17.1997168723421,6.59616920097786e-05,0.00367208739418437,TRUE,FALSE,FALSE,FALSE,"Bergmann",30,108,16,92,TRUE,0.0035902782170981
"EGFR",0.996243205650694,5.50439231806123,17.263654128651,6.73943010035479e-05,0.0110617727025553,TRUE,FALSE,FALSE,FALSE,"Astrocytes",30,107,16,91,TRUE,0.0035902782170981
"NR4A1",-2.34029395269452,3.67331297568146,15.1305735237867,0.000175735097173577,0.0154545190602241,TRUE,FALSE,TRUE,FALSE,"Granule",30,109,16,93,TRUE,0.0089548492994536
"HDAC1",0.643858628437229,2.56110359423089,14.8827702174225,0.000185693681551739,0.00691549116154956,TRUE,FALSE,TRUE,FALSE,"Bergmann",30,108,16,92,TRUE,0.00906804144910991
"PDE4B",-0.645131005029674,8.53905531216071,15.0864924287081,0.000199675387499988,0.0413452849242162,TRUE,FALSE,TRUE,FALSE,"Pericytes",30,91,16,75,TRUE,0.00936078216599942
"MME",-1.44024554369716,3.45063832182916,14.6382190208611,0.000209669628494654,0.0204346236150698,TRUE,FALSE,TRUE,FALSE,"Astrocytes",30,107,16,91,TRUE,0.00945126171522057
"AR",0.803112601460068,1.68581890499723,13.8072568795706,0.000298177153405131,0.00920491060816838,TRUE,FALSE,TRUE,FALSE,"Bergmann",30,108,16,92,TRUE,0.0129430971774375
"NR4A1",-1.96223492943768,3.39452409174222,13.5401464691261,0.000320272502563984,0.0446907947109534,TRUE,FALSE,TRUE,FALSE,"Microglia",30,105,16,89,TRUE,0.0134056918930353
"CA12",0.856901079323845,0.704429296720319,13.4821649100555,0.000359294915081606,0.0228369999405773,TRUE,TRUE,TRUE,TRUE,"Granule",30,109,16,93,TRUE,0.014520470361229
"HSD11B1",0.68489572727103,2.72435526338406,13.0907946838856,0.000410286829656317,0.0210604577544736,TRUE,FALSE,TRUE,FALSE,"Oligodendrocytes",30,106,16,90,TRUE,0.0160285388119068
"PDE4B",-0.57562141054188,8.13284185061303,13.2097176804268,0.000456729507397953,0.0845937111945451,TRUE,FALSE,TRUE,FALSE,"PLI",30,98,16,82,TRUE,0.0172673220216258
"PPARA",0.552697204676207,4.69955017347176,12.8741827171615,0.000490779054405113,0.030258895405099,TRUE,FALSE,TRUE,TRUE,"Astrocytes",30,107,16,91,TRUE,0.0172835924018533
"PRKCA",0.570785422768425,5.93069196640947,12.8691169637427,0.000491863604537441,0.0864292636383355,TRUE,FALSE,TRUE,TRUE,"PLI",30,98,16,82,TRUE,0.0172835924018533
"EGFR",1.14004405360702,3.94656299372954,12.7352730206949,0.000501401144763662,0.11396290908095,TRUE,FALSE,FALSE,FALSE,"MLI_2",30,98,15,83,TRUE,0.0172835924018533
"EGFR",0.712343523217787,6.31957364765156,12.6547179647477,0.0005655193844929,0.0130994996399666,TRUE,FALSE,FALSE,FALSE,"Bergmann",30,108,16,92,TRUE,0.0185665673487266
"PRKCA",0.567635053700811,6.34200295320975,12.5885192012188,0.000570304116513785,0.119042255177612,TRUE,FALSE,TRUE,TRUE,"MLI_2",30,98,15,83,TRUE,0.0185665673487266
"MME",-1.6904668168362,3.67634891713923,12.1520131171582,0.000680777084832446,0.136169921232265,TRUE,FALSE,TRUE,FALSE,"MLI_2",30,98,15,83,TRUE,0.0215640741465845
"PRKCG",-0.608509027864795,5.04033204338727,11.9393292685827,0.000712354452030645,0.104816056710255,TRUE,FALSE,TRUE,TRUE,"PLI",30,98,16,82,TRUE,0.0219705109942083
"PPARA",0.493712755253077,4.39856111550863,11.9959058834292,0.000737232856273272,0.0424352597316925,TRUE,FALSE,TRUE,TRUE,"OPC",30,106,16,90,TRUE,0.0221547925013404
"MME",-1.38771651609209,3.15403933168726,11.9746542314886,0.000776599620564092,0.0161117891466347,TRUE,FALSE,TRUE,FALSE,"Bergmann",30,108,16,92,TRUE,0.0227543688825279
"ALK",0.574436625514865,4.81082905447827,11.4937728747587,0.000975641833543156,0.0183080834404542,TRUE,FALSE,FALSE,FALSE,"Bergmann",30,108,16,92,TRUE,0.0278890787539653
"PRKCA",0.471616236931507,6.47984435764121,11.0436544639023,0.00118679076118224,0.183855263948616,TRUE,FALSE,TRUE,TRUE,"Purkinje",30,105,16,89,TRUE,0.0324828002127408
"APEX1",-0.550600511609962,3.34537073627228,10.9805330938382,0.00119177509312957,0.0485748331582273,TRUE,FALSE,FALSE,FALSE,"Astrocytes",30,107,16,91,TRUE,0.0324828002127408
"PRKCA",0.504455673049443,5.71756672169904,10.9270154354648,0.00128773662232987,0.0491584387006663,TRUE,FALSE,TRUE,TRUE,"Granule",30,109,16,93,TRUE,0.033732289077937
"MAOA",0.832485166734227,2.64350802764533,10.7470341683588,0.00129518174787301,0.0629023229347856,TRUE,FALSE,TRUE,FALSE,"OPC",30,106,16,90,TRUE,0.033732289077937
"TRPV3",0.691348229949554,2.0924371926522,10.623275290063,0.00144198339054364,0.0231515435032274,TRUE,FALSE,TRUE,FALSE,"Bergmann",30,108,16,92,TRUE,0.0367392289938511
"PRKCA",0.669656935327347,7.73507401383642,10.6030203026556,0.00153338307782746,0.0572047561862505,TRUE,FALSE,TRUE,TRUE,"Astrocytes",30,107,16,91,TRUE,0.0382367014300805
"PDE4B",-0.639749354694688,8.02027871402585,10.451992837812,0.00164061186297869,0.0568842187419223,TRUE,FALSE,TRUE,FALSE,"Granule",30,109,16,93,TRUE,0.0400582729877298
"KAT2B",0.290041397534081,7.06535188827954,10.2734766630147,0.00175316716118366,0.0606665764664863,TRUE,FALSE,FALSE,FALSE,"Astrocytes",30,107,16,91,TRUE,0.0412479157606486
"MME",-1.34584682779995,3.3303199306669,10.1899881183022,0.00175972336862835,0.107617295837973,TRUE,FALSE,TRUE,FALSE,"Microglia",30,105,16,89,TRUE,0.0412479157606486
"PPARA",0.389744591254751,3.73428507244483,10.1429203444661,0.00186962848327996,0.061986474622262,TRUE,FALSE,TRUE,TRUE,"Granule",30,109,16,93,TRUE,0.0424222477890596
"PPARA",0.61648373358672,4.42412627838015,10.0361293717583,0.00190457661270499,0.0979528181162113,TRUE,FALSE,TRUE,TRUE,"Golgi",30,105,16,89,TRUE,0.0424222477890596
"EGFR",0.890253883197099,4.13911432433155,10.040462370998,0.00191841222936874,0.221720493409292,TRUE,FALSE,FALSE,FALSE,"Purkinje",30,105,16,89,TRUE,0.0424222477890596
"NR4A1",-1.36046510088334,4.86833170748662,10.0533999518033,0.00196489750365113,0.110492736288649,TRUE,FALSE,TRUE,FALSE,"Endocytes",30,99,16,83,TRUE,0.0426455532273912
"MAOA",0.882606410227935,3.49383992498143,9.72423017793773,0.00224320359269425,0.0700410047220164,TRUE,FALSE,TRUE,FALSE,"Astrocytes",30,107,16,91,TRUE,0.0478006292843212
"F3",0.778530068772031,-0.0382325264139029,9.39008089674045,0.00264523875959827,0.0731590714596548,TRUE,FALSE,TRUE,FALSE,"Granule",30,109,16,93,TRUE,0.0553610683258782
"PRKCA",0.402851244653544,7.6712060748013,9.3140120076221,0.00288899242108196,0.0955288371577448,TRUE,FALSE,TRUE,TRUE,"OPC",30,106,16,90,TRUE,0.0594017389036502
"PRKCA",0.550176226122163,6.79640928923553,9.10897127848764,0.00321587095123407,0.235021315513223,TRUE,FALSE,TRUE,TRUE,"UBC",30,101,15,86,TRUE,0.0639054948579703
"YWHAG",0.430086420699605,6.67262640180022,9.02861909781694,0.0032170854919968,0.235021315513223,TRUE,FALSE,TRUE,FALSE,"UBC",30,101,15,86,TRUE,0.0639054948579703
"STS",0.571226007824323,5.81029396561903,9.04846274512171,0.00328504401735466,0.271116627344693,TRUE,FALSE,TRUE,FALSE,"Purkinje",30,105,16,89,TRUE,0.064167859805661
"FYN",0.223352118916963,8.40197968936542,8.90417628857752,0.00349723200284357,0.0418090706367147,TRUE,FALSE,TRUE,FALSE,"Bergmann",30,108,16,92,TRUE,0.0671927197923388
"PTPN1",-0.236531687871722,5.88123208312969,8.78748994419305,0.00368294110486298,0.317051182676051,TRUE,TRUE,TRUE,TRUE,"MLI_1",30,108,16,92,TRUE,0.0696194673370872
"POLA1",-0.222637579602029,6.83757570211105,8.74359290570564,0.00379413654037543,0.0445297781874983,TRUE,FALSE,TRUE,FALSE,"Bergmann",30,108,16,92,TRUE,0.0705720945197941
"EGFR",0.682456300558142,3.45302704809744,8.67664704292826,0.00385376625364063,0.320881982383781,TRUE,FALSE,FALSE,FALSE,"MLI_1",30,108,16,92,TRUE,0.0705720945197941
"PDE4D",0.415560305477585,8.94183146352144,8.65433911840028,0.00400367869084881,0.0462416582405713,TRUE,FALSE,TRUE,FALSE,"Bergmann",30,108,16,92,TRUE,0.0721894065488432
"PRKCA",0.606716764157063,8.35687397053892,8.62582685388506,0.00408411362570512,0.0469312916171684,TRUE,FALSE,TRUE,TRUE,"Bergmann",30,108,16,92,TRUE,0.0725239571110061
"CA12",0.890131909591582,3.88574965942392,8.12128779056895,0.00507280121505159,0.291323726921534,TRUE,TRUE,TRUE,TRUE,"Purkinje",30,105,16,89,TRUE,0.0887361645379173
"HSD11B1",0.558244155448495,1.05287763347799,8.07446438459982,0.0052798792259217,0.106452069652881,TRUE,FALSE,TRUE,FALSE,"Granule",30,109,16,93,TRUE,0.0910002713644151
"APEX1",-0.497854804720148,3.38173051432087,7.95029333043646,0.00558675269014261,0.357717426612718,TRUE,FALSE,FALSE,FALSE,"MLI_1",30,108,16,92,TRUE,0.0948628443096446
"KDR",0.463127955609736,-0.447812658868036,7.8873239670167,0.00566586954067843,0.110186122237409,TRUE,FALSE,TRUE,FALSE,"Granule",30,109,16,93,TRUE,0.0948628443096446
"PDE4D",0.414436329026498,8.53834785988986,7.94166232570532,0.00580991246835849,0.200502500079913,TRUE,FALSE,TRUE,FALSE,"Pericytes",30,91,16,75,TRUE,0.0950223828075691
"YWHAG",0.378430775132451,6.7861815954033,7.90617291436001,0.00583755252742745,0.181251975821897,TRUE,FALSE,TRUE,FALSE,"Golgi",30,105,16,89,TRUE,0.0950223828075691
"MAOA",0.48088452301173,0.647627453220543,7.80989336078015,0.00602560310489092,0.113731039816819,TRUE,FALSE,TRUE,FALSE,"Granule",30,109,16,93,TRUE,0.0967398197113993
"PPARA",0.397862093951048,4.24007014021018,7.76963114384756,0.00618916204116287,0.126068109206489,TRUE,FALSE,TRUE,TRUE,"Oligodendrocytes",30,106,16,90,TRUE,0.0980229447600389
"PDE4B",-0.424421241062268,8.21575027862601,7.75767786585488,0.0063601317025797,0.358444802417002,TRUE,FALSE,TRUE,FALSE,"MLI_1",30,108,16,92,TRUE,0.099387658072312
"TOP2B",-0.258247848513572,7.2633351381193,7.52340695909707,0.00709907583966441,0.0661616437490152,TRUE,FALSE,TRUE,FALSE,"Bergmann",30,108,16,92,TRUE,0.109475222159035
"TRPV3",0.370789606106212,0.774894081553966,7.39052386182179,0.00751157896219322,0.128643776563319,TRUE,FALSE,TRUE,FALSE,"Granule",30,109,16,93,TRUE,0.114332084982993
"MME",-1.08631785247969,3.36217972037314,7.33260584732391,0.00779605220170837,0.163730265242973,TRUE,FALSE,TRUE,FALSE,"OPC",30,106,16,90,TRUE,0.11511276271651
"SGMS2",-0.318701014292652,3.74804775346113,7.33783532011447,0.00781089406028557,0.0702097641016304,TRUE,FALSE,FALSE,FALSE,"Bergmann",30,108,16,92,TRUE,0.11511276271651
"PDE4B",-0.481906571655108,8.16952942361621,7.35999742383206,0.00785752646529075,0.244653930727969,TRUE,FALSE,TRUE,FALSE,"Microglia",30,105,16,89,TRUE,0.11511276271651
"PRKCE",-0.177674443149226,9.10487511246893,7.16321714301238,0.00856505570500177,0.0739250621856509,TRUE,FALSE,TRUE,TRUE,"Bergmann",30,108,16,92,TRUE,0.123166072683076
"AKR1C3",0.627254879288026,1.23552507275779,7.09620514806396,0.00861742146758724,0.0740707956408515,TRUE,TRUE,TRUE,TRUE,"Bergmann",30,108,16,92,TRUE,0.123166072683076
"NR1H3",0.448344802909164,3.4543330495799,6.84414754921975,0.00994921900666951,0.157758765084867,TRUE,FALSE,TRUE,FALSE,"Astrocytes",30,107,16,91,TRUE,0.140487767178514
"PTPN1",-0.176648453685318,5.78888235994293,6.83976570001694,0.0101513500112184,0.0819814780161306,TRUE,TRUE,TRUE,TRUE,"Bergmann",30,108,16,92,TRUE,0.140786257996734
"CA12",0.682711455516241,3.6289896267991,6.83359443689437,0.0102310695925461,0.0823862551905077,TRUE,TRUE,TRUE,TRUE,"Bergmann",30,108,16,92,TRUE,0.140786257996734
"HDAC6",0.194574495747586,5.59472458862073,6.8054710812133,0.0103307322420812,0.150031219206674,TRUE,FALSE,FALSE,FALSE,"Granule",30,109,16,93,TRUE,0.140786257996734
"GSK3B",-0.139940413179075,8.05252565712091,6.70887918655091,0.0108756018941331,0.0851539743243866,TRUE,FALSE,TRUE,FALSE,"Bergmann",30,108,16,92,TRUE,0.146508108274988
"MME",-1.07212565172415,3.28358024605939,6.60517595035108,0.0114292845420307,0.176231774944107,TRUE,FALSE,TRUE,FALSE,"Oligodendrocytes",30,106,16,90,TRUE,0.152217289582499
"PRKCA",0.584057470751662,7.73045755304964,6.57574121347538,0.0120986534519924,0.279291821359403,TRUE,FALSE,TRUE,TRUE,"Pericytes",30,91,16,75,TRUE,0.159321593772304
"PRKCA",0.402165692194666,6.61791677648757,6.43564645200766,0.0126877226658986,0.185201320780192,TRUE,FALSE,TRUE,TRUE,"Oligodendrocytes",30,106,16,90,TRUE,0.165222344049257
"HSD11B1",0.640464903796543,3.94596623058208,6.33015370076469,0.0133597292915408,0.0966309393235266,TRUE,FALSE,TRUE,FALSE,"Bergmann",30,108,16,92,TRUE,0.172061568458086
"ADRA2A",-0.584518661959426,0.446658507223261,6.21422080500947,0.0139504414876344,0.177301625062066,TRUE,FALSE,TRUE,FALSE,"Granule",30,109,16,93,TRUE,0.177716493733777
"NR3C1",-0.18291820413133,8.16951029927828,6.1863777366786,0.0143561067538988,0.101207825621302,TRUE,FALSE,FALSE,FALSE,"Bergmann",30,108,16,92,TRUE,0.180917818446982
"MAPK10",0.17471567810748,8.99164021206966,6.0819038415993,0.0150970694148572,0.398821439456484,TRUE,FALSE,TRUE,FALSE,"Purkinje",30,105,16,89,TRUE,0.188231546321411
"SGMS2",-0.525662040522916,4.174420904065,6.0210064594038,0.0154980600487699,0.417763362621091,TRUE,FALSE,FALSE,FALSE,"MLI_2",30,98,15,83,TRUE,0.190016130124715
"MAPK10",0.25633570282903,9.2012633722563,6.02403032941743,0.0156754287435132,0.201261900125488,TRUE,FALSE,TRUE,FALSE,"Astrocytes",30,107,16,91,TRUE,0.190016130124715
"ERCC5",0.224602820968693,6.0857590316702,6.00855095417907,0.0157265909744858,0.217254117317536,TRUE,FALSE,FALSE,FALSE,"OPC",30,106,16,90,TRUE,0.190016130124715
"TRPV1",0.265275270945002,5.16293973836957,5.98199134133511,0.0159752550493924,0.208832597076305,TRUE,FALSE,TRUE,FALSE,"Oligodendrocytes",30,106,16,90,TRUE,0.191051009366203
"PPARA",0.573688524297213,4.7348554910631,5.85938219844385,0.0170878348148641,0.350837858004168,TRUE,FALSE,TRUE,TRUE,"Endocytes",30,99,16,83,TRUE,0.20229234750526
"MME",-0.998785669776881,3.11916499365134,5.79402416012137,0.0178000446163351,0.198130578755644,TRUE,FALSE,TRUE,FALSE,"Granule",30,109,16,93,TRUE,0.207857217579274
"SGMS2",-0.19291714021942,3.89333022752575,5.77087123287963,0.0179126100473607,0.198264921980638,TRUE,FALSE,FALSE,FALSE,"Granule",30,109,16,93,TRUE,0.207857217579274
"APP",-0.222910136781575,8.34311586314989,5.66894887720216,0.0189652288141129,0.12041164724743,TRUE,TRUE,TRUE,TRUE,"Bergmann",30,108,16,92,TRUE,0.21626401317648
"ACLY",0.506439790540367,4.91945580150878,5.6664956276857,0.0190061376767726,0.368544301847303,TRUE,FALSE,FALSE,FALSE,"Endocytes",30,99,16,83,TRUE,0.21626401317648
"YWHAG",0.260140495456811,6.45588281981866,5.61128824918047,0.0194938770693776,0.348798504143819,TRUE,FALSE,TRUE,FALSE,"Microglia",30,105,16,89,TRUE,0.219680999281832
"ALK",0.728551350443718,4.16193787773497,5.55430561223991,0.0199774182799329,0.373858797517289,TRUE,FALSE,FALSE,FALSE,"Endocytes",30,99,16,83,TRUE,0.220956097163054
"HDAC6",0.323493308716704,5.76361291952856,5.55770747536317,0.019984083873109,0.344227606782867,TRUE,FALSE,FALSE,FALSE,"Golgi",30,105,16,89,TRUE,0.220956097163054
"TET2",0.269172096724463,5.83633639262404,5.50729922274336,0.0207067627411561,0.127846079312402,TRUE,FALSE,TRUE,TRUE,"Bergmann",30,108,16,92,TRUE,0.226806784417149
"PPARD",0.334014760327596,5.65857454357825,5.40629789121565,0.021778030708589,0.46095757981635,TRUE,FALSE,TRUE,FALSE,"Purkinje",30,105,16,89,TRUE,0.236157972190571
"MME",-0.9418597159911,3.16433646799724,5.3942432829954,0.0219634974136282,0.502034461451786,TRUE,FALSE,TRUE,FALSE,"MLI_1",30,108,16,92,TRUE,0.236157972190571
"PRKCE",-0.179003230636053,9.10056660757725,5.3548315824782,0.0223979385304895,0.47046881039219,TRUE,FALSE,TRUE,TRUE,"Purkinje",30,105,16,89,TRUE,0.237620576352379
"PDE4D",0.283967222626922,8.282845392143,5.36060080913188,0.0225050204565819,0.239567027577252,TRUE,FALSE,TRUE,FALSE,"Astrocytes",30,107,16,91,TRUE,0.237620576352379
"JUN",0.669308029034063,4.56098722399252,5.22282471186123,0.0240692340512311,0.484606546999984,TRUE,FALSE,TRUE,TRUE,"MLI_2",30,98,15,83,TRUE,0.249889331283443
"HDAC6",0.249413223008759,5.67818889311904,5.22749929556338,0.024093425285861,0.24615952872816,TRUE,FALSE,FALSE,FALSE,"Astrocytes",30,107,16,91,TRUE,0.249889331283443
"PRKCA",0.345472267517667,6.79910630156836,5.20297224341269,0.0245962203097588,0.390287703986918,TRUE,FALSE,TRUE,TRUE,"Microglia",30,105,16,89,TRUE,0.252830049943804
"PTPN11",-0.174837429393849,6.19160537872145,5.16077327096415,0.0249919081797693,0.250706834692237,TRUE,FALSE,TRUE,TRUE,"Astrocytes",30,107,16,91,TRUE,0.252830049943804
"BACE1",0.366079805050208,5.93629803816352,5.14562850606924,0.0250241346360762,0.486162932958103,TRUE,FALSE,TRUE,FALSE,"UBC",30,101,15,86,TRUE,0.252830049943804
"KDM1A",-0.179932102228519,6.05408435152687,5.0936098673617,0.0259665655745232,0.147856168215956,TRUE,FALSE,TRUE,FALSE,"Bergmann",30,108,16,92,TRUE,0.258682976871469
"DAB2IP",-0.233513829749142,8.29053267134897,5.08155186742265,0.0260448730979807,0.484741063497515,TRUE,FALSE,FALSE,FALSE,"Purkinje",30,105,16,89,TRUE,0.258682976871469
"CNR1",-0.319349437524006,5.41052394435985,5.05968041306649,0.0264851450704945,0.149334371310712,TRUE,TRUE,TRUE,TRUE,"Bergmann",30,108,16,92,TRUE,0.260845294307728
"TET3",-0.168709280115114,6.73752146163923,4.87586980607541,0.029202892039081,0.546604588619419,TRUE,FALSE,TRUE,FALSE,"MLI_1",30,108,16,92,TRUE,0.285214912248358
"CTNNB1",0.189139360847811,7.65739040712761,4.79392691558415,0.0305562534983754,0.419694205327078,TRUE,FALSE,TRUE,FALSE,"Microglia",30,105,16,89,TRUE,0.295352943987386
"KAT2B",0.241603845155993,6.89196431157793,4.79297011390053,0.0307449310294037,0.44739260310602,TRUE,FALSE,FALSE,FALSE,"Endocytes",30,99,16,83,TRUE,0.295352943987386
"NR1H3",0.263601914396608,3.35711595131229,4.74121005216707,0.0315096076959694,0.165467851527889,TRUE,FALSE,TRUE,FALSE,"Bergmann",30,108,16,92,TRUE,0.300237887964846
"MCL1",-0.381475468494045,4.61906751215211,4.65674981807628,0.0327829069409337,0.436086608721053,TRUE,TRUE,TRUE,TRUE,"Golgi",30,105,16,89,TRUE,0.309402953871949
"AR",0.447995965758948,2.98357586488547,4.62697106942232,0.0329994618037489,0.28407368359487,TRUE,FALSE,TRUE,FALSE,"Astrocytes",30,107,16,91,TRUE,0.309402953871949
"GSK3B",-0.149414284997048,8.18363370588566,4.62457744959081,0.0335880538479673,0.544097615792457,TRUE,FALSE,TRUE,FALSE,"MLI_2",30,98,15,83,TRUE,0.309479683287048
"CA4",0.510590149373099,6.60059226389946,4.59135936974582,0.0337939655058295,0.392840027090572,TRUE,FALSE,TRUE,FALSE,"Pericytes",30,91,16,75,TRUE,0.309479683287048
"F2",0.270757852706946,0.928603270048044,4.60910968903214,0.0337998288914183,0.2699380073122,TRUE,FALSE,TRUE,FALSE,"Granule",30,109,16,93,TRUE,0.309479683287048
"SGMS1",-0.149051321722034,7.54996527328472,4.58073580965196,0.0344669215437622,0.296913544055709,TRUE,FALSE,FALSE,FALSE,"Oligodendrocytes",30,106,16,90,TRUE,0.312673120277979
"PTK2",0.153067321435042,8.95062753418369,4.56032227700133,0.0346821720444857,0.520460253569109,TRUE,FALSE,FALSE,FALSE,"UBC",30,101,15,86,TRUE,0.312673120277979
"TET2",0.321399294996811,5.75483291403497,4.5563008214368,0.0350761258872139,0.466544738804703,TRUE,FALSE,TRUE,TRUE,"Endocytes",30,99,16,83,TRUE,0.313810836181792
"TDP1",-0.225603713234418,5.02660321295695,4.51732841166157,0.0357675778811607,0.178527889477963,TRUE,FALSE,TRUE,FALSE,"Bergmann",30,108,16,92,TRUE,0.317572736944851
"HTR2C",0.342839273711253,0.472693280685813,4.46110591332435,0.0366597861808379,0.280210701317471,TRUE,FALSE,FALSE,FALSE,"Granule",30,109,16,93,TRUE,0.322282420067012
"BRAF",-0.159819902795911,8.47729818594643,4.46805186374294,0.0368479900076618,0.472856126854921,TRUE,FALSE,TRUE,FALSE,"Endocytes",30,99,16,83,TRUE,0.322282420067012
"CA12",0.591988815208211,3.80287155971163,4.43814854588711,0.0372799824374393,0.303690587984667,TRUE,TRUE,TRUE,TRUE,"Astrocytes",30,107,16,91,TRUE,0.323645477160584
"PPARA",0.54183118258066,4.25364257779515,4.40424380911817,0.037853290441789,0.565128754021832,TRUE,FALSE,TRUE,TRUE,"MLI_2",30,98,15,83,TRUE,0.32422616962624
"HSD17B3",0.427832087700013,2.24815903497094,4.40010433944772,0.0379716156595711,0.18510331381509,TRUE,FALSE,TRUE,FALSE,"Bergmann",30,108,16,92,TRUE,0.32422616962624
"PTPN1",-0.141211348528266,5.82715251111525,4.40087669231028,0.0381768015430214,0.286024274915955,TRUE,TRUE,TRUE,TRUE,"Granule",30,109,16,93,TRUE,0.32422616962624
"ALK",0.244897716016139,3.0038959297647,4.34663830760659,0.0393201003390153,0.28915350337677,TRUE,FALSE,FALSE,FALSE,"Granule",30,109,16,93,TRUE,0.331533507894431
"PRKCE",-0.119109109919008,9.1834871374009,4.28317014245426,0.0407063197583204,0.334396522147899,TRUE,FALSE,TRUE,TRUE,"OPC",30,106,16,90,TRUE,0.340770048262511
"DYRK1A",-0.159796375149883,8.11304475978451,4.21951954278361,0.0421745749027412,0.542345089778505,TRUE,FALSE,TRUE,TRUE,"Purkinje",30,105,16,89,TRUE,0.350557459475267
"ERCC5",0.241642438166526,6.29657193052505,4.17386830013266,0.0432870544120141,0.547290207659096,TRUE,FALSE,FALSE,FALSE,"Purkinje",30,105,16,89,TRUE,0.354164439187494
"PDE4D",0.195011697492892,8.44831011442223,4.17288840667923,0.0433696384550101,0.479989470091515,TRUE,FALSE,TRUE,FALSE,"Golgi",30,105,16,89,TRUE,0.354164439187494
"TRPV1",0.269632422769013,5.21632208261176,4.1680452685713,0.0435150846783269,0.327671555178524,TRUE,FALSE,TRUE,FALSE,"Astrocytes",30,107,16,91,TRUE,0.354164439187494
"FYN",0.165204941838545,8.32637509219214,4.08864201745395,0.0455238863858999,0.332091966392276,TRUE,FALSE,TRUE,FALSE,"Astrocytes",30,107,16,91,TRUE,0.367958585132929
"KAT2B",0.180060321513333,6.90697342283312,4.07313119924248,0.0459226781209113,0.330921306119302,TRUE,FALSE,FALSE,FALSE,"Oligodendrocytes",30,106,16,90,TRUE,0.368639580532247
"ALK",0.286095088580315,6.37256375659904,4.06379443188804,0.0463573574767527,0.35446557534346,TRUE,FALSE,FALSE,FALSE,"OPC",30,106,16,90,TRUE,0.369597435120777
"SGMS2",-0.494254172873376,4.10362752185651,4.01965261365958,0.0471327668368085,0.521984768165153,TRUE,FALSE,FALSE,FALSE,"Endocytes",30,99,16,83,TRUE,0.372007008563287
"PPARA",0.32480579415781,3.92896506408305,4.00732276884286,0.0475375312729642,0.611492361423173,TRUE,FALSE,TRUE,TRUE,"MLI_1",30,108,16,92,TRUE,0.372007008563287
"AR",0.430834480198391,-0.12179661507231,3.99674747666824,0.0476118185021271,0.313654389260293,TRUE,FALSE,TRUE,FALSE,"Granule",30,109,16,93,TRUE,0.372007008563287
"PRKCE",-0.137454482867694,9.2080866924485,3.94475675184232,0.0492172511069318,0.560960154615626,TRUE,FALSE,TRUE,TRUE,"UBC",30,101,15,86,TRUE,0.382004094684265
"GSK3B",-0.10901415879246,8.1280474585243,3.93245508545982,0.0497693405740222,0.342955975758635,TRUE,FALSE,TRUE,FALSE,"Oligodendrocytes",30,106,16,90,TRUE,0.383747810215487
"CA2",0.485574689165422,1.66440071913375,3.87565158258577,0.0511284329712631,0.218655307157854,TRUE,TRUE,TRUE,TRUE,"Bergmann",30,108,16,92,FALSE,0.391650480015166
"BACE1",0.224750639869138,5.55162518641047,3.87025285107408,0.0515208326619788,0.507837480935238,TRUE,FALSE,TRUE,FALSE,"Microglia",30,105,16,89,FALSE,0.392093609609345
"TOP2B",-0.177880602332904,7.36103468323234,3.85365006881571,0.0520765011273824,0.350051671367016,TRUE,FALSE,TRUE,FALSE,"Oligodendrocytes",30,106,16,90,FALSE,0.393765544008336
"PRKCB",-0.300201505922663,7.33406561613542,3.83593443267055,0.05279689965214,0.222056369665553,TRUE,FALSE,TRUE,TRUE,"Bergmann",30,108,16,92,FALSE,0.396653630719924
"MET",0.450605582206405,-0.572083184271335,3.77815294454569,0.053896860836696,0.333612798607502,TRUE,FALSE,TRUE,TRUE,"Granule",30,109,16,93,FALSE,0.399921160178015
"DOT1L",0.292395431714071,5.54154089152848,3.78283587756016,0.0543729239513873,0.358972731187352,TRUE,FALSE,TRUE,FALSE,"Oligodendrocytes",30,106,16,90,FALSE,0.399921160178015
"DOT1L",0.338404376799015,5.47924821949471,3.76936935669662,0.0548114431517682,0.36232417926851,TRUE,FALSE,TRUE,FALSE,"Astrocytes",30,107,16,91,FALSE,0.399921160178015
"MGLL",0.264972771964452,7.84271628208152,3.73842105613468,0.055175450478346,0.452466008501882,TRUE,FALSE,TRUE,FALSE,"Pericytes",30,91,16,75,FALSE,0.399921160178015
"TRPV1",0.223104749684035,5.12659425837411,3.75529638468659,0.0551762846923734,0.227848514103853,TRUE,FALSE,TRUE,FALSE,"Bergmann",30,108,16,92,FALSE,0.399921160178015
"MAPK10",0.131694235440318,9.03124078453698,3.72420733283049,0.0559452792604622,0.530366463382019,TRUE,FALSE,TRUE,FALSE,"Golgi",30,105,16,89,FALSE,0.399921160178015
"HIF1A",0.154511618294286,6.64327725675904,3.72221929143591,0.0562381030812834,0.229753561536329,TRUE,FALSE,TRUE,FALSE,"Bergmann",30,108,16,92,FALSE,0.399921160178015
"HDAC6",0.20765506054403,5.62282255149946,3.71449279959,0.0564924771672678,0.230229590329561,TRUE,FALSE,FALSE,FALSE,"Bergmann",30,108,16,92,FALSE,0.399921160178015
"GSK3B",-0.107714069778955,8.11849015526282,3.70369082408091,0.056795520263602,0.365938805129063,TRUE,FALSE,TRUE,FALSE,"Astrocytes",30,107,16,91,FALSE,0.399921160178015
"PRKCB",-0.260234776902611,7.67408913278319,3.71345830734324,0.0568647635643799,0.54980965639882,TRUE,FALSE,TRUE,TRUE,"PLI",30,98,16,82,FALSE,0.399921160178015
"TET2",0.268560304080633,5.58082526312396,3.68999305386774,0.0569853530287786,0.54980965639882,TRUE,FALSE,TRUE,TRUE,"PLI",30,98,16,82,FALSE,0.399921160178015
"TOP2B",-0.171339605012935,7.34273620719916,3.61486769181339,0.0597411167147524,0.397392366039587,TRUE,FALSE,TRUE,FALSE,"OPC",30,106,16,90,FALSE,0.416765409462439
"CNR1",-0.245732092615652,5.54502709183389,3.60084978406697,0.0603034850893339,0.37554046624259,TRUE,TRUE,TRUE,TRUE,"Oligodendrocytes",30,106,16,90,FALSE,0.418199316714197
"HSP90AB1",0.351840947758417,7.90691241056252,3.56445419343267,0.0619423868107276,0.597204701201238,TRUE,FALSE,TRUE,FALSE,"Purkinje",30,105,16,89,FALSE,0.426244825555424
"TRPV1",0.271465319622114,5.25217364646888,3.54046232798475,0.0623699188994057,0.538863225969642,TRUE,FALSE,TRUE,FALSE,"Microglia",30,105,16,89,FALSE,0.426244825555424
"YWHAG",0.202470305454722,6.40934109924584,3.53745970143839,0.0625547013613763,0.382314134556491,TRUE,FALSE,TRUE,FALSE,"Oligodendrocytes",30,106,16,90,FALSE,0.426244825555424
"LYPLA1",-0.154840464229746,5.00918840971079,3.52653878758002,0.0630140300848161,0.244402535171044,TRUE,FALSE,FALSE,FALSE,"Bergmann",30,108,16,92,FALSE,0.426892735603494
"PDE4D",0.261300600321742,8.33971348708639,3.49800257116515,0.0643198991304929,0.565597815084001,TRUE,FALSE,TRUE,FALSE,"Endocytes",30,99,16,83,FALSE,0.433235182649067
"ESRRB",0.502499239669733,1.44744138308733,3.42331938020459,0.0664967400049819,0.251942389932668,TRUE,FALSE,FALSE,FALSE,"Bergmann",30,108,16,92,FALSE,0.44533816734765
"KDM6B",0.335811548977525,5.54183205104287,3.39477932106397,0.0681468793480727,0.55718693321812,TRUE,FALSE,TRUE,FALSE,"Microglia",30,105,16,89,FALSE,0.453796264749666
"KAT2B",0.176474537510543,6.84677321949901,3.3704705054791,0.0689302995287598,0.558623879938037,TRUE,FALSE,FALSE,FALSE,"Microglia",30,105,16,89,FALSE,0.45641983642772
"F3",0.617976684274619,2.61440562606559,3.35713065246569,0.0695019860042829,0.258346910362236,TRUE,FALSE,TRUE,FALSE,"Bergmann",30,108,16,92,FALSE,0.457619817960784
"CA4",0.38705375485203,6.18565379421008,3.33022999200716,0.0709717611536613,0.420787747459929,TRUE,FALSE,TRUE,FALSE,"OPC",30,106,16,90,FALSE,0.464686614927883
"POLA1",-0.183285528682033,6.95603478635576,3.2933028332597,0.0723585798725597,0.58593083637604,TRUE,FALSE,TRUE,FALSE,"Endocytes",30,99,16,83,FALSE,0.471134753392444
"ERCC5",0.168801631019488,6.07877407998405,3.27316945030005,0.0730145401340493,0.690003002657458,TRUE,FALSE,FALSE,FALSE,"MLI_1",30,108,16,92,FALSE,0.472779232249203
"FDFT1",-0.304062215731765,5.20173395560096,3.23289659679887,0.0749464146218085,0.591178328030259,TRUE,FALSE,TRUE,FALSE,"Endocytes",30,99,16,83,FALSE,0.482621966685492
"SIRT1",-0.173381210606328,5.42938970638662,3.2084143154975,0.0759343558433597,0.411161975412296,TRUE,FALSE,FALSE,FALSE,"Astrocytes",30,107,16,91,FALSE,0.48631183086567
"DYRK1A",-0.151997016238267,8.23986636382524,3.19221996136227,0.0764274518069323,0.615977563777323,TRUE,FALSE,TRUE,TRUE,"UBC",30,101,15,86,FALSE,0.486809638683286
"HDAC6",0.290709650178251,5.68104882298346,3.16561576527934,0.0778180412805949,0.659821424679997,TRUE,FALSE,FALSE,FALSE,"MLI_2",30,98,15,83,FALSE,0.490858190917708
"CA4",0.390139296994242,6.1797569346331,3.17135202630409,0.0779007026541755,0.415071717527542,TRUE,FALSE,TRUE,FALSE,"Astrocytes",30,107,16,91,FALSE,0.490858190917708
"CA4",0.356182229195299,6.19119521740943,3.15782076994237,0.0785625309289056,0.419831402371037,TRUE,FALSE,TRUE,FALSE,"Oligodendrocytes",30,106,16,90,FALSE,0.492381209885975
"PTPN1",-0.161196956218496,5.94612573231882,3.07783064209018,0.082002539038349,0.587925647759745,TRUE,TRUE,TRUE,TRUE,"Microglia",30,105,16,89,FALSE,0.511207317834814
"CTNNB1",0.159734746530946,7.63567860098975,3.03617918956481,0.0840141963553893,0.619880882599955,TRUE,FALSE,TRUE,FALSE,"PLI",30,98,16,82,FALSE,0.51984350859353
"HIF1A",0.146252305836755,6.636346705128,3.03008323485711,0.0844479001497378,0.430245048329998,TRUE,FALSE,TRUE,FALSE,"Astrocytes",30,107,16,91,FALSE,0.51984350859353
"CA3",-0.292366994801252,4.6669169931992,3.01421581746779,0.0851024334126155,0.639557957254812,TRUE,FALSE,TRUE,FALSE,"Purkinje",30,105,16,89,FALSE,0.51984350859353
"SYNJ2",-0.363673436414196,3.31462736677984,3.0099545316405,0.0851620764931381,0.705838500139555,TRUE,FALSE,TRUE,FALSE,"MLI_1",30,108,16,92,FALSE,0.51984350859353
"TOP2B",-0.153361816764331,7.31623268108249,2.9889446766939,0.0865548584975798,0.4353834310264,TRUE,FALSE,TRUE,FALSE,"Astrocytes",30,107,16,91,FALSE,0.525607741757324
"PPARD",-0.330623817754435,6.31237875693223,2.95968429762264,0.0884571772265461,0.622502106314105,TRUE,FALSE,TRUE,FALSE,"Endocytes",30,99,16,83,FALSE,0.534390782007794
"PTPN1",-0.206899571821321,5.94911647858694,2.93149900144913,0.0895403800882537,0.680692472032442,TRUE,TRUE,TRUE,TRUE,"MLI_2",30,98,15,83,FALSE,0.538160643402222
"PTPN1",-0.145535853767308,5.88450128444734,2.90599624296527,0.0909247199446208,0.465595981495663,TRUE,TRUE,TRUE,TRUE,"OPC",30,106,16,90,FALSE,0.54290470749067
"LYPLA1",-0.140521558975706,5.11348703189185,2.89961480667523,0.0912561667027832,0.466319880627358,TRUE,FALSE,FALSE,FALSE,"OPC",30,106,16,90,FALSE,0.54290470749067
"SOAT1",-0.23121146869942,3.76956543249657,2.84738943449219,0.0940634747570998,0.449010442892187,TRUE,FALSE,TRUE,FALSE,"Astrocytes",30,107,16,91,FALSE,0.551005669039099
"HIF1A",0.207996165267419,6.59670691928391,2.85375902547518,0.0940706635276701,0.636348967401704,TRUE,FALSE,TRUE,FALSE,"Endocytes",30,99,16,83,FALSE,0.551005669039099
"EPHX2",-0.187107226572599,4.69950303397073,2.83814478082237,0.0947094108634903,0.724990367989583,TRUE,FALSE,TRUE,FALSE,"MLI_1",30,108,16,92,FALSE,0.551005669039099
"PRKCE",-0.10116795621446,9.19122088461508,2.82793099464071,0.0953770077737485,0.458763069295283,TRUE,FALSE,TRUE,TRUE,"Oligodendrocytes",30,106,16,90,FALSE,0.551005669039099
"MAPK10",0.138588234464779,9.1384055408588,2.81024039562484,0.0961770922880194,0.637392680639428,TRUE,FALSE,TRUE,FALSE,"UBC",30,101,15,86,FALSE,0.551005669039099
"MGLL",-0.146548963909985,7.33428951001801,2.80590495778056,0.0965728306861055,0.657279898326746,TRUE,FALSE,TRUE,FALSE,"Purkinje",30,105,16,89,FALSE,0.551005669039099
"APP",0.170992134139775,8.68992078503588,2.80150171301284,0.0968323227412413,0.637921296214633,TRUE,TRUE,TRUE,TRUE,"UBC",30,101,15,86,FALSE,0.551005669039099
"APEX1",-0.262071380667856,3.37763689787356,2.79752784256433,0.0968688666687678,0.462625129034167,TRUE,FALSE,FALSE,FALSE,"Oligodendrocytes",30,106,16,90,FALSE,0.551005669039099
"APP",-0.126430891090637,8.4349295984016,2.79247400764986,0.0974627372503698,0.454427027502108,TRUE,TRUE,TRUE,TRUE,"Astrocytes",30,107,16,91,FALSE,0.551005669039099
"ERCC5",0.199232540289788,6.19642989415393,2.78525850593573,0.0977299348952699,0.646232092270756,TRUE,FALSE,FALSE,FALSE,"PLI",30,98,16,82,FALSE,0.551005669039099
"ALK",0.311329946198025,3.6616458800134,2.78290040183629,0.097789402013765,0.46449189919813,TRUE,FALSE,FALSE,FALSE,"Oligodendrocytes",30,106,16,90,FALSE,0.551005669039099
"ERCC5",0.164632860028691,6.08013033890062,2.74996249644643,0.100012516072604,0.467955113996264,TRUE,FALSE,FALSE,FALSE,"Oligodendrocytes",30,106,16,90,FALSE,0.560835736062642
"YWHAG",0.170341698566355,6.40858074627529,2.73113018006555,0.10123401409892,0.435873138940999,TRUE,FALSE,TRUE,FALSE,"Granule",30,109,16,93,FALSE,0.564165747918111
"NR1H3",0.169004981649954,3.14300475383445,2.72454606609056,0.101569089428943,0.436027117013664,TRUE,FALSE,TRUE,FALSE,"Granule",30,109,16,93,FALSE,0.564165747918111
"YWHAG",0.305355882749906,6.94666375509992,2.72154879654763,0.102124873917049,0.669678428536903,TRUE,FALSE,TRUE,FALSE,"Purkinje",30,105,16,89,FALSE,0.564577133164062
"TET1",0.174182305609862,5.84126705317768,2.69486133551884,0.103371740538562,0.619293021908355,TRUE,FALSE,TRUE,TRUE,"Microglia",30,105,16,89,FALSE,0.567262704573831
"MAP2K1",-0.230176826264202,5.64832358871826,2.69151946079525,0.103578684964846,0.709579899410883,TRUE,TRUE,TRUE,TRUE,"MLI_2",30,98,15,83,FALSE,0.567262704573831
"YWHAG",0.318624455397268,6.9026950400263,2.6752177334802,0.104129543220273,0.541571705947826,TRUE,FALSE,TRUE,FALSE,"Pericytes",30,91,16,75,FALSE,0.567627091414699
"ALOX5",0.286228277893524,6.05696553947543,2.63853546245021,0.106830737817921,0.652981461635744,TRUE,TRUE,TRUE,TRUE,"UBC",30,101,15,86,FALSE,0.578978400244634
"APEX1",-0.219886410833508,3.15084484999171,2.63655911568001,0.107199925642565,0.447605620586892,TRUE,FALSE,FALSE,FALSE,"Granule",30,109,16,93,FALSE,0.578978400244634
"PRKCD",-0.592742985914792,3.36242686058207,2.60404592075014,0.108642750651949,0.71691828908587,TRUE,FALSE,TRUE,TRUE,"MLI_2",30,98,15,83,FALSE,0.580499516434601
"POLA1",-0.157450711710255,6.92730578317103,2.60568524127694,0.109064066169983,0.63681896326051,TRUE,FALSE,TRUE,FALSE,"Golgi",30,105,16,89,FALSE,0.580499516434601
"BRAF",-0.0896788455241938,8.46112465414244,2.60102821975179,0.1095047888335,0.501053687285356,TRUE,FALSE,TRUE,FALSE,"OPC",30,106,16,90,FALSE,0.580499516434601
"CNR1",-0.248605383493255,5.50317814625113,2.59499354011176,0.110075344127655,0.474684055496359,TRUE,TRUE,TRUE,TRUE,"Astrocytes",30,107,16,91,FALSE,0.580499516434601
"FABP7",-0.303562872961162,3.48046029584895,2.57467938131117,0.111028372402429,0.501785588871358,TRUE,FALSE,TRUE,TRUE,"OPC",30,106,16,90,FALSE,0.580499516434601
"FABP3",-0.334014529250507,2.19041510135768,2.56621514544609,0.111784761966591,0.337964755540195,TRUE,FALSE,TRUE,TRUE,"Bergmann",30,108,16,92,FALSE,0.580499516434601
"STS",-0.299814220256648,5.21047521291046,2.56488601663411,0.111967408191496,0.721221805969134,TRUE,FALSE,TRUE,FALSE,"MLI_2",30,98,15,83,FALSE,0.580499516434601
"DOT1L",0.30731499508516,5.30044903220754,2.55548283180345,0.11261862584116,0.679276422101329,TRUE,FALSE,TRUE,FALSE,"Purkinje",30,105,16,89,FALSE,0.580499516434601
"ALOX5",0.235263081043199,6.0125853614979,2.54243001148855,0.113760717502237,0.457910017831971,TRUE,TRUE,TRUE,TRUE,"Granule",30,109,16,93,FALSE,0.580499516434601
"LTB4R",-0.193415193379113,1.57703690484018,2.53780543991342,0.113884642131969,0.458051980706502,TRUE,FALSE,FALSE,FALSE,"Granule",30,109,16,93,FALSE,0.580499516434601
"CA3",-0.227648264933944,4.59820148147426,2.53528652533694,0.113940294760102,0.639539505215656,TRUE,FALSE,TRUE,FALSE,"Microglia",30,105,16,89,FALSE,0.580499516434601
"CA9",0.33459444179266,2.97868647626118,2.51637420413948,0.115101067459983,0.74170443929704,TRUE,TRUE,TRUE,TRUE,"MLI_1",30,108,16,92,FALSE,0.580499516434601
"PRKCB",-0.225420333245389,7.42995877361182,2.51040304658047,0.116094454351005,0.681323633761198,TRUE,FALSE,TRUE,TRUE,"Purkinje",30,105,16,89,FALSE,0.580499516434601
"SLC16A1",-0.212282609132802,3.61636308676083,2.49767170406577,0.116820547145634,0.345802899305076,TRUE,FALSE,FALSE,FALSE,"Bergmann",30,108,16,92,FALSE,0.580499516434601
"CNR1",-0.196422814837278,6.39283531953133,2.48790614406305,0.11735017718522,0.67171167780477,TRUE,TRUE,TRUE,TRUE,"PLI",30,98,16,82,FALSE,0.580499516434601
"DAB2IP",-0.145154852742668,8.38245449680938,2.4876570242469,0.117359781444817,0.648728545386264,TRUE,FALSE,FALSE,FALSE,"Golgi",30,105,16,89,FALSE,0.580499516434601
"FABP7",-0.220172222752569,3.37486241295163,2.48289119288527,0.117879857908079,0.347706023829534,TRUE,FALSE,TRUE,TRUE,"Bergmann",30,108,16,92,FALSE,0.580499516434601
"BRAF",-0.0959066844906932,8.38059415257657,2.48085524176847,0.118076101039203,0.347732139561935,TRUE,FALSE,TRUE,FALSE,"Bergmann",30,108,16,92,FALSE,0.580499516434601
"SYNJ2",0.313523168929193,4.09759199407729,2.47848707292454,0.118339918732584,0.348202075890218,TRUE,FALSE,TRUE,FALSE,"Bergmann",30,108,16,92,FALSE,0.580499516434601
"DAB2IP",-0.163946246508867,8.43525448180827,2.47652759076552,0.118394120974551,0.348238854243745,TRUE,FALSE,FALSE,FALSE,"Bergmann",30,108,16,92,FALSE,0.580499516434601
"CNR1",-0.310992432009967,5.62757632563667,2.47554559349829,0.118603723566312,0.680945484933757,TRUE,TRUE,TRUE,TRUE,"Endocytes",30,99,16,83,FALSE,0.580499516434601
"CA4",0.335413933501184,6.28374233093961,2.47540702482646,0.118664558564119,0.466909643378478,TRUE,FALSE,TRUE,FALSE,"Granule",30,109,16,93,FALSE,0.580499516434601
"ABHD16A",-0.194728718785577,0.905777364871816,2.46697232629011,0.118873621112888,0.467134356803809,TRUE,FALSE,FALSE,FALSE,"Granule",30,109,16,93,FALSE,0.580499516434601
"PGR",-0.443493129687909,3.9957868679513,2.44596534963825,0.120117541742033,0.685271555332764,TRUE,FALSE,TRUE,FALSE,"Endocytes",30,99,16,83,FALSE,0.582283911331624
"ADORA1",-0.231610032535644,5.45272936603596,2.43939048971864,0.12088392948973,0.650587180298859,TRUE,FALSE,TRUE,FALSE,"Golgi",30,105,16,89,FALSE,0.582283911331624
"SGMS1",-0.178409303628104,7.7031329263675,2.44398357400312,0.120918068233234,0.685676575157867,TRUE,FALSE,FALSE,FALSE,"Endocytes",30,99,16,83,FALSE,0.582283911331624
"PPARD",-0.24339518048833,5.5660697103145,2.43693300991235,0.121226343314775,0.73465341276143,TRUE,FALSE,TRUE,FALSE,"MLI_2",30,98,15,83,FALSE,0.582283911331624
"DYRK1A",-0.10257910936375,8.06624044722021,2.42074850894939,0.122511873675916,0.502832309107232,TRUE,FALSE,TRUE,TRUE,"Oligodendrocytes",30,106,16,90,FALSE,0.584414917717335
"HDAC6",0.161887370331303,5.59699431045396,2.41807720240896,0.122667295015755,0.746955715863934,TRUE,FALSE,FALSE,FALSE,"MLI_1",30,108,16,92,FALSE,0.584414917717335
"CNR1",-0.202825349443835,5.58720056034317,2.39430446312698,0.124663388246011,0.475307938691448,TRUE,TRUE,TRUE,TRUE,"Granule",30,109,16,93,FALSE,0.591520206576216
"SNCA",0.147906968884692,8.08948391098692,2.36922268091637,0.12629164437772,0.685357923727514,TRUE,TRUE,TRUE,TRUE,"UBC",30,101,15,86,FALSE,0.594818948325575
"EIF4A1",0.354915163603183,4.75192991974523,2.37062571618528,0.126436371892149,0.692901438165853,TRUE,FALSE,TRUE,FALSE,"Endocytes",30,99,16,83,FALSE,0.594818948325575
"CYP19A1",0.376078208584898,-1.01750591352055,2.35565418341107,0.126881174984124,0.479882176378993,TRUE,TRUE,TRUE,TRUE,"Granule",30,109,16,93,FALSE,0.594818948325575
"ESRRA",0.219897300747126,3.07582050959599,2.35141647164419,0.127908499503605,0.363872533405376,TRUE,FALSE,TRUE,FALSE,"Bergmann",30,108,16,92,FALSE,0.597246061427193
"SYNJ2",0.284562481362072,3.62993225696876,2.3369047317447,0.128793528102394,0.531813329424466,TRUE,FALSE,TRUE,FALSE,"OPC",30,106,16,90,FALSE,0.598992122761929
"TET3",-0.143807541563367,6.77428294537312,2.32718398578059,0.129816460712058,0.693394424862604,TRUE,FALSE,TRUE,FALSE,"Purkinje",30,105,16,89,FALSE,0.601363209306453
"KDM6B",0.243826788655421,5.30864419771255,2.29458902757387,0.132741440924298,0.371235305275296,TRUE,FALSE,TRUE,FALSE,"Bergmann",30,108,16,92,FALSE,0.603639188339877
"TET2",0.190640527341055,5.64782528251135,2.28750796984225,0.133208170096518,0.506206769358982,TRUE,FALSE,TRUE,TRUE,"Astrocytes",30,107,16,91,FALSE,0.603639188339877
"PLK1",-0.162471029937355,1.73181927474247,2.28505651425671,0.133380063612397,0.489933918229308,TRUE,FALSE,TRUE,FALSE,"Granule",30,109,16,93,FALSE,0.603639188339877
"NR1H2",0.205045040115864,4.3161579304075,2.27458894555183,0.134335655902279,0.373827142598777,TRUE,FALSE,TRUE,FALSE,"Bergmann",30,108,16,92,FALSE,0.603639188339877
"ALOX5",-0.266908403768022,5.90925527649487,2.2740165680929,0.1343528313936,0.673322120264144,TRUE,TRUE,TRUE,TRUE,"Golgi",30,105,16,89,FALSE,0.603639188339877
"ACHE",-0.306185782100888,3.72324325266764,2.26571209698993,0.134876890025107,0.757506352062813,TRUE,TRUE,TRUE,TRUE,"MLI_1",30,108,16,92,FALSE,0.603639188339877
"EPHX2",0.224755058849514,4.65929064277979,2.26484865280831,0.134975753944219,0.662833340074222,TRUE,FALSE,TRUE,FALSE,"Microglia",30,105,16,89,FALSE,0.603639188339877
"PRKCB",-0.255466361146234,7.53003521569321,2.2617886406751,0.135820038216784,0.701771529775542,TRUE,FALSE,TRUE,TRUE,"Endocytes",30,99,16,83,FALSE,0.603639188339877
"DOT1L",0.259179811383269,5.46639071985332,2.25352383038362,0.136266058733849,0.376971914347195,TRUE,FALSE,TRUE,FALSE,"Bergmann",30,108,16,92,FALSE,0.603639188339877
"PRKCE",-0.0869548490414635,9.23806174034453,2.24960726682925,0.136474780949837,0.49426802661355,TRUE,FALSE,TRUE,TRUE,"Granule",30,109,16,93,FALSE,0.603639188339877
"ACLY",0.20296249332706,4.55252171378707,2.24257992731862,0.137086154598897,0.378050836848773,TRUE,FALSE,FALSE,FALSE,"Bergmann",30,108,16,92,FALSE,0.603639188339877
"MGLL",0.111944564944219,7.59971409810585,2.23147165006356,0.137934194683487,0.544943070384429,TRUE,FALSE,TRUE,FALSE,"OPC",30,106,16,90,FALSE,0.603639188339877
"TET2",0.287581908633927,5.64433327428296,2.22705850385853,0.138112683363985,0.697649051255131,TRUE,FALSE,TRUE,TRUE,"UBC",30,101,15,86,FALSE,0.603639188339877
"ALOX5",0.232448497765938,5.83793777012484,2.22761221912772,0.138205026049571,0.699030510859149,TRUE,TRUE,TRUE,TRUE,"PLI",30,98,16,82,FALSE,0.603639188339877
"APP",-0.16723846262681,8.72740493169187,2.23064542081661,0.13822717357291,0.704998334070526,TRUE,TRUE,TRUE,TRUE,"Endocytes",30,99,16,83,FALSE,0.603639188339877
"TET3",-0.159896130837408,6.84849206065638,2.21283096840917,0.139446610234659,0.681140096154496,TRUE,FALSE,TRUE,FALSE,"Golgi",30,105,16,89,FALSE,0.603639188339877
"KDM1A",-0.178834170979129,6.27243904858761,2.21555340446096,0.139569545399845,0.704998334070526,TRUE,FALSE,TRUE,FALSE,"Endocytes",30,99,16,83,FALSE,0.603639188339877
"PRKCE",-0.0912521347015787,9.17809937795747,2.21028074834266,0.139865873293333,0.516984448271703,TRUE,FALSE,TRUE,TRUE,"Astrocytes",30,107,16,91,FALSE,0.603639188339877
"ADCY10",0.323398923903057,3.94612070565396,2.19850285151871,0.140875225686655,0.532164793246721,TRUE,FALSE,FALSE,FALSE,"Oligodendrocytes",30,106,16,90,FALSE,0.603639188339877
"HDAC6",0.128900169845924,5.70609423359347,2.19737814162185,0.141010085038835,0.532377808539776,TRUE,FALSE,FALSE,FALSE,"Oligodendrocytes",30,106,16,90,FALSE,0.603639188339877
"YWHAG",0.171777367929498,6.31582096803095,2.19250876597961,0.141459510773584,0.518957771078168,TRUE,FALSE,TRUE,FALSE,"Astrocytes",30,107,16,91,FALSE,0.603639188339877
"DAB2IP",-0.158705185516767,8.72451396045082,2.19217358224567,0.141638888049033,0.704998334070526,TRUE,FALSE,FALSE,FALSE,"Endocytes",30,99,16,83,FALSE,0.603639188339877
"PTK2",-0.111625312728517,8.8685952832376,2.16438746124732,0.143875769541875,0.699030510859149,TRUE,FALSE,FALSE,FALSE,"PLI",30,98,16,82,FALSE,0.610950731532892
"PKM",0.286587123384014,6.36871575349892,2.15602393306682,0.145040443720917,0.701187092981897,TRUE,FALSE,TRUE,FALSE,"UBC",30,101,15,86,FALSE,0.61129930517649
"KDM1A",-0.138494417301214,6.16388701023892,2.15306092464329,0.14505875540066,0.52290370264625,TRUE,FALSE,TRUE,FALSE,"Astrocytes",30,107,16,91,FALSE,0.61129930517649
"CA1",0.214016902002317,0.599031632841073,2.13889505037077,0.146115784841986,0.506430396855624,TRUE,TRUE,TRUE,TRUE,"Granule",30,109,16,93,FALSE,0.61129930517649
"DYRK1A",-0.156663321283744,8.53024859652983,2.13150216051623,0.146512307167221,0.608773927621632,TRUE,FALSE,TRUE,TRUE,"Pericytes",30,91,16,75,FALSE,0.61129930517649
"KDM6B",0.211983363459787,5.36606907322918,2.13653182292975,0.146565789039756,0.556728326013817,TRUE,FALSE,TRUE,FALSE,"OPC",30,106,16,90,FALSE,0.61129930517649
"KAT2B",0.145115651338599,7.00205972996675,2.11813442584975,0.148227176985707,0.716644888144572,TRUE,FALSE,FALSE,FALSE,"Purkinje",30,105,16,89,FALSE,0.616036352578896
"TET2",0.183632873879477,5.63410184192932,2.09994681100945,0.149854269795424,0.687744161705976,TRUE,FALSE,TRUE,TRUE,"Golgi",30,105,16,89,FALSE,0.617519370401012
"DYRK1A",-0.101038813487208,8.12450303530434,2.09539373290917,0.150431852474677,0.685419240534938,TRUE,FALSE,TRUE,TRUE,"Microglia",30,105,16,89,FALSE,0.617519370401012
"BACE1",0.125812782935586,5.72166624415311,2.0939571313937,0.150631858965989,0.545774017172097,TRUE,FALSE,TRUE,FALSE,"Oligodendrocytes",30,106,16,90,FALSE,0.617519370401012
"CA4",0.456456973264088,6.23010922084968,2.09698828526707,0.150963441305755,0.764899118091225,TRUE,FALSE,TRUE,FALSE,"MLI_2",30,98,15,83,FALSE,0.617519370401012
"HSP90AB1",0.267281297269901,7.44209515655828,2.09281213746474,0.151218480635743,0.70837181707645,TRUE,FALSE,TRUE,FALSE,"UBC",30,101,15,86,FALSE,0.617519370401012
"HDAC6",0.212135061863747,5.67060739237588,2.06989709528408,0.152889609814145,0.723579540550293,TRUE,FALSE,FALSE,FALSE,"Purkinje",30,105,16,89,FALSE,0.618794359657193
"ACLY",0.186840096468518,4.60645700032186,2.06944932646272,0.152963315727011,0.54810402387032,TRUE,FALSE,FALSE,FALSE,"Oligodendrocytes",30,106,16,90,FALSE,0.618794359657193
"PPARA",0.23184570486499,4.23653060961492,2.0662928433723,0.153114645307667,0.68671705030477,TRUE,FALSE,TRUE,TRUE,"Microglia",30,105,16,89,FALSE,0.618794359657193
"FYN",0.154807302883958,8.58876092419651,2.04274736471834,0.155133462104301,0.617827487255271,TRUE,FALSE,TRUE,FALSE,"Pericytes",30,91,16,75,FALSE,0.623621301450452
"TOP2B",-0.107871737269985,7.37779430328652,2.04383637050401,0.155620860434615,0.519196291561418,TRUE,FALSE,TRUE,FALSE,"Granule",30,109,16,93,FALSE,0.623621301450452
"DYRK1A",-0.0907187843030766,8.05366997788094,2.04102320273553,0.155905325362613,0.407120532620098,TRUE,FALSE,TRUE,TRUE,"Bergmann",30,108,16,92,FALSE,0.623621301450452
"STS",-0.11164517641843,4.53234538884048,2.02284565459812,0.157694239558544,0.522015377286247,TRUE,FALSE,TRUE,FALSE,"Granule",30,109,16,93,FALSE,0.62395613875159
"MCL1",-0.219611069112086,4.72497348198962,2.01914259960593,0.157930546884859,0.688608274754049,TRUE,TRUE,TRUE,TRUE,"Microglia",30,105,16,89,FALSE,0.62395613875159
"YWHAG",0.203603665886826,6.49610881243265,2.01640613163426,0.158289349322829,0.769169709686072,TRUE,FALSE,TRUE,FALSE,"MLI_2",30,98,15,83,FALSE,0.62395613875159
"DYRK1A",-0.0883664524452922,8.07603701349459,2.00775554526202,0.15917017637655,0.572755877967465,TRUE,FALSE,TRUE,TRUE,"OPC",30,106,16,90,FALSE,0.62395613875159
"GSK3B",-0.0952364356974715,8.3113838849588,2.00483111569343,0.159299991908101,0.716294320637126,TRUE,FALSE,TRUE,FALSE,"UBC",30,101,15,86,FALSE,0.62395613875159
"PRKCH",-0.248497980382469,4.29517073836169,2.0009474110442,0.159590545104668,0.690390971741165,TRUE,FALSE,TRUE,TRUE,"Microglia",30,105,16,89,FALSE,0.62395613875159
"PTPN11",0.188955535527098,6.50203060038103,1.99940184242321,0.159867102798956,0.716294320637126,TRUE,FALSE,TRUE,TRUE,"UBC",30,101,15,86,FALSE,0.62395613875159
"YWHAG",0.187338126524184,6.73837558775876,1.99849311166425,0.160248120959239,0.719646378069244,TRUE,FALSE,TRUE,FALSE,"PLI",30,98,16,82,FALSE,0.62395613875159
"AKR1B1",0.225083289016629,3.51224488981729,1.98139698888548,0.161692663248586,0.544172648328436,TRUE,FALSE,TRUE,TRUE,"Astrocytes",30,107,16,91,FALSE,0.625535617766462
"ESR2",-0.143680979106952,4.71149291547721,1.98435468840184,0.161721239064196,0.415268513777851,TRUE,TRUE,TRUE,TRUE,"Bergmann",30,108,16,92,FALSE,0.625535617766462
"MAPK10",0.120186171798304,9.13760122426673,1.97893141826637,0.162287392659031,0.416082552164335,TRUE,FALSE,TRUE,FALSE,"Bergmann",30,108,16,92,FALSE,0.62566060590916
"PPARD",-0.254216670931885,5.62588463658363,1.96960982802013,0.16295583662594,0.71961694865517,TRUE,FALSE,TRUE,FALSE,"UBC",30,101,15,86,FALSE,0.626177837788858
"CA4",0.326882794489315,6.33125213117355,1.95265965353254,0.165401032172278,0.697841631017337,TRUE,FALSE,TRUE,FALSE,"Microglia",30,105,16,89,FALSE,0.633049255188163
"TET3",-0.110427606411018,6.91411717587157,1.94517545823817,0.165824335616694,0.561522310125239,TRUE,FALSE,TRUE,FALSE,"Oligodendrocytes",30,106,16,90,FALSE,0.633049255188163
"ADCY10",-0.484588895154626,4.42161007212215,1.93446126581894,0.167078528827937,0.772608572593171,TRUE,FALSE,FALSE,FALSE,"MLI_2",30,98,15,83,FALSE,0.635766349955656
"HDAC6",0.148798142029907,5.67738633972591,1.91329761230438,0.169246188870718,0.5879401693852,TRUE,FALSE,FALSE,FALSE,"OPC",30,106,16,90,FALSE,0.640188094306595
"PTPN11",-0.121624726645207,6.2328724685879,1.9118032951184,0.169417813155509,0.588371975129175,TRUE,FALSE,TRUE,TRUE,"OPC",30,106,16,90,FALSE,0.640188094306595
"ALK",0.304688454926661,3.65215765570458,1.90434787112544,0.169879263932893,0.705595281765011,TRUE,FALSE,FALSE,FALSE,"Microglia",30,105,16,89,FALSE,0.640188094306595
"OPRK1",-0.438671628202787,1.64766631705153,1.89690984031563,0.171239898732486,0.538252170057631,TRUE,FALSE,TRUE,TRUE,"Granule",30,109,16,93,FALSE,0.64210554936653
"PDE4B",-0.210592725401115,8.09410075237154,1.89680280963717,0.171483819924679,0.727662232399456,TRUE,FALSE,TRUE,FALSE,"Purkinje",30,105,16,89,FALSE,0.64210554936653
"APP",-0.139279272634925,8.74605095823768,1.87791755062826,0.173326118158877,0.731146257290845,TRUE,TRUE,TRUE,TRUE,"PLI",30,98,16,82,FALSE,0.646936976057976
"DYRK1A",-0.108799697747375,8.17141111257073,1.86888532939082,0.174455880156847,0.741595977617802,TRUE,FALSE,TRUE,TRUE,"Endocytes",30,99,16,83,FALSE,0.648643423452774
"DAB2IP",-0.130509529737001,8.63017462033473,1.86265122223935,0.174890206323444,0.732189088988541,TRUE,FALSE,FALSE,FALSE,"PLI",30,98,16,82,FALSE,0.648643423452774
"APP",-0.109973479428386,8.48240854702934,1.85438835883086,0.175903542415441,0.707402073033093,TRUE,TRUE,TRUE,TRUE,"Microglia",30,105,16,89,FALSE,0.649229554222161
"GSK3B",-0.0813056902304041,8.14765962808492,1.84591143162866,0.176889213427607,0.596701624367758,TRUE,FALSE,TRUE,FALSE,"OPC",30,106,16,90,FALSE,0.649229554222161
"APEX1",-0.266741970329635,3.41462726628341,1.8416067680118,0.177127274881573,0.596885008559217,TRUE,FALSE,FALSE,FALSE,"OPC",30,106,16,90,FALSE,0.649229554222161
"KDM1A",-0.125552589273631,6.11399319575486,1.84321285462466,0.17726404210844,0.576809541335592,TRUE,FALSE,TRUE,FALSE,"Oligodendrocytes",30,106,16,90,FALSE,0.649229554222161
"TET3",-0.0940349230428573,6.80187686634484,1.82754077217003,0.17915804532901,0.439500369424177,TRUE,FALSE,TRUE,FALSE,"Bergmann",30,108,16,92,FALSE,0.654122209114018
"PRKCH",0.312907831905421,2.94086797121567,1.80658292669044,0.181111911554583,0.601034325586698,TRUE,FALSE,TRUE,TRUE,"OPC",30,106,16,90,FALSE,0.656072879847932
"SIRT1",0.231091007556543,5.68099846489871,1.80684779815588,0.181310105494059,0.736158697706336,TRUE,FALSE,FALSE,FALSE,"UBC",30,101,15,86,FALSE,0.656072879847932
"DUSP3",0.259670038018092,4.1726955017082,1.80654983903871,0.181371683507449,0.708782819802216,TRUE,FALSE,FALSE,FALSE,"Microglia",30,105,16,89,FALSE,0.656072879847932
"SRD5A1",-0.122731562978353,5.03705885436462,1.80162453210805,0.182250497309532,0.443245311717854,TRUE,FALSE,TRUE,FALSE,"Bergmann",30,108,16,92,FALSE,0.657223331836222
"JUN",-0.375781048162524,5.36834928785316,1.7873601574102,0.184361790381949,0.748539928698792,TRUE,FALSE,TRUE,TRUE,"Endocytes",30,99,16,83,FALSE,0.658704831201763
"PDE4D",0.127964902438922,8.29078122924676,1.78061909551088,0.184647256690001,0.739108820769017,TRUE,FALSE,TRUE,FALSE,"Purkinje",30,105,16,89,FALSE,0.658704831201763
"BACE1",0.0882596023201757,5.41389638365442,1.77529591735806,0.185436542353904,0.556283971757014,TRUE,FALSE,TRUE,FALSE,"Granule",30,109,16,93,FALSE,0.658704831201763
"PKM",0.306003148558707,6.63924684850204,1.76290131238379,0.186351782017605,0.6411043134209,TRUE,FALSE,TRUE,FALSE,"Pericytes",30,91,16,75,FALSE,0.658704831201763
"APEX1",-0.210860186259613,3.12764153431642,1.7646548105708,0.186691444045261,0.449658754975468,TRUE,FALSE,FALSE,FALSE,"Bergmann",30,108,16,92,FALSE,0.658704831201763
"HSD17B1",0.184516164532531,-0.0374769492289079,1.76084061782336,0.186787756263609,0.557753594003477,TRUE,FALSE,TRUE,FALSE,"Granule",30,109,16,93,FALSE,0.658704831201763
"EIF4A1",-0.157887041790401,3.85176224487536,1.75962122934868,0.187332169031317,0.558493526894823,TRUE,FALSE,TRUE,FALSE,"Granule",30,109,16,93,FALSE,0.658704831201763
"DOT1L",0.19999243856714,5.48082926714439,1.75494655536475,0.187971819489299,0.611474000970816,TRUE,FALSE,TRUE,FALSE,"OPC",30,106,16,90,FALSE,0.658704831201763
"EIF4A1",-0.202722475101463,4.12207581901176,1.74964404275317,0.18839070319485,0.611493513345421,TRUE,FALSE,TRUE,FALSE,"OPC",30,106,16,90,FALSE,0.658704831201763
"GSK3B",-0.060112731209973,8.14821129959523,1.7510694623413,0.188449884215052,0.559594472669814,TRUE,FALSE,TRUE,FALSE,"Granule",30,109,16,93,FALSE,0.658704831201763
"HDAC6",0.223874329171373,5.8507981630648,1.74207525228667,0.189290297848031,0.739028616208425,TRUE,FALSE,FALSE,FALSE,"UBC",30,101,15,86,FALSE,0.658704831201763
"ALOX5",0.212158192374891,5.90502757480343,1.73511478170263,0.19058955523663,0.614122821180147,TRUE,TRUE,TRUE,TRUE,"OPC",30,106,16,90,FALSE,0.658704831201763
"CA13",0.172742998310369,4.01564195593036,1.73218336552338,0.190635265537661,0.589635267399253,TRUE,FALSE,TRUE,FALSE,"Oligodendrocytes",30,106,16,90,FALSE,0.658704831201763
"TET2",0.149028481695097,5.54737854138712,1.73117577026616,0.190900650676314,0.589713052528525,TRUE,FALSE,TRUE,TRUE,"Oligodendrocytes",30,106,16,90,FALSE,0.658704831201763
"TET1",0.0951724843748556,5.81694047060329,1.73010629923956,0.19109184522918,0.562955106448009,TRUE,FALSE,TRUE,TRUE,"Granule",30,109,16,93,FALSE,0.658704831201763
"KDM1A",-0.109888667435414,6.19414376438419,1.72382961009041,0.191791210215261,0.615247405848128,TRUE,FALSE,TRUE,FALSE,"OPC",30,106,16,90,FALSE,0.65917682807122
"CA4",0.289179374710135,6.06891626210117,1.71960989440917,0.192658778917836,0.800536185386298,TRUE,FALSE,TRUE,FALSE,"MLI_1",30,108,16,92,FALSE,0.660222482139486
"AKR1B1",-0.352153753032793,3.82777272204576,1.70488161558384,0.19388508090987,0.790288120137163,TRUE,FALSE,TRUE,TRUE,"MLI_2",30,98,15,83,FALSE,0.662487798327603
"MAOB",0.234130338109877,4.792889459815,1.69338539530702,0.195645145903577,0.749041415745124,TRUE,TRUE,TRUE,TRUE,"Purkinje",30,105,16,89,FALSE,0.66321114600078
"ADCY10",0.405901991076972,4.22646520302197,1.68766401032987,0.196314959009205,0.758551107386301,TRUE,FALSE,FALSE,FALSE,"Endocytes",30,99,16,83,FALSE,0.66321114600078
"STS",-0.146935019843005,4.67153413798624,1.68729778598596,0.196532536685023,0.596397946782863,TRUE,FALSE,TRUE,FALSE,"Oligodendrocytes",30,106,16,90,FALSE,0.66321114600078
"NR1H3",0.239677664018207,3.37294337074062,1.68513985217574,0.196548343097325,0.621328642188926,TRUE,FALSE,TRUE,FALSE,"OPC",30,106,16,90,FALSE,0.66321114600078
"EPHX2",-0.145094900439778,4.55787569892727,1.68426439620231,0.196926176457569,0.59711537169894,TRUE,FALSE,TRUE,FALSE,"Oligodendrocytes",30,106,16,90,FALSE,0.66321114600078
"TDP1",0.183924212394258,5.23865758845442,1.65612214163802,0.200643883306164,0.757118571810575,TRUE,FALSE,TRUE,FALSE,"Purkinje",30,105,16,89,FALSE,0.670915550838764
"PRKCE",-0.0773999678645611,9.2455671681174,1.65159884377877,0.201292288573515,0.733520542534367,TRUE,FALSE,TRUE,TRUE,"Microglia",30,105,16,89,FALSE,0.670915550838764
"TET2",0.147205506854576,5.62312731436301,1.64939053496285,0.201595120314274,0.625799168134857,TRUE,FALSE,TRUE,TRUE,"OPC",30,106,16,90,FALSE,0.670915550838764
"ERCC5",-0.183115306625666,6.18087762082602,1.64763443122356,0.201840553967591,0.798025576670026,TRUE,FALSE,FALSE,FALSE,"MLI_2",30,98,15,83,FALSE,0.670915550838764
"PTPN2",-0.147726915838948,6.7251058083353,1.64470346915265,0.202076100209969,0.745074137225789,TRUE,FALSE,TRUE,FALSE,"UBC",30,101,15,86,FALSE,0.670915550838764
"JUN",-0.259926607279372,4.64228970773489,1.63749757487975,0.203391074223438,0.627830530613639,TRUE,FALSE,TRUE,TRUE,"OPC",30,106,16,90,FALSE,0.671835451364622
"TYR",0.307219665637899,-0.790630320018215,1.63143897746665,0.203499646104472,0.576359735931719,TRUE,TRUE,TRUE,TRUE,"Granule",30,109,16,93,FALSE,0.671835451364622
"CTNNB1",0.105293906218874,7.6288696240195,1.62838694477027,0.204578805243695,0.576869531685896,TRUE,FALSE,TRUE,FALSE,"Granule",30,109,16,93,FALSE,0.673501010521379
"SYNJ2",0.352935155749972,4.846715185465,1.6121441594113,0.207003835372549,0.759762537673691,TRUE,FALSE,TRUE,FALSE,"Purkinje",30,105,16,89,FALSE,0.67957561640512
"MGLL",-0.13382372004446,7.38715754070475,1.60349611126118,0.207942181010773,0.806229199157764,TRUE,FALSE,TRUE,FALSE,"MLI_2",30,98,15,83,FALSE,0.680034062777008
"ESR1",0.21099322762079,3.14779550771248,1.59335048032143,0.209135866075206,0.808809800314932,TRUE,TRUE,TRUE,TRUE,"MLI_1",30,108,16,92,FALSE,0.680034062777008
"GSK3B",-0.0743303424416778,8.19057082199845,1.58485424375922,0.210581894722171,0.743017884472409,TRUE,FALSE,TRUE,FALSE,"Microglia",30,105,16,89,FALSE,0.680034062777008
"TDP1",-0.150875913746892,5.15842763290928,1.58472415304607,0.21066841851086,0.605412750208104,TRUE,FALSE,TRUE,FALSE,"Astrocytes",30,107,16,91,FALSE,0.680034062777008
"CNR1",-0.173241137689517,5.56825452791008,1.5807117576446,0.211235436732581,0.632604156387279,TRUE,TRUE,TRUE,TRUE,"OPC",30,106,16,90,FALSE,0.680034062777008
"EIF4A1",-0.18916650386204,4.06827699643982,1.57537993913434,0.211860218917958,0.810575008656516,TRUE,FALSE,TRUE,FALSE,"MLI_1",30,108,16,92,FALSE,0.680034062777008
"BACE1",0.102726890886193,5.44943996451526,1.57434560762944,0.212099197421689,0.811067330940537,TRUE,FALSE,TRUE,FALSE,"MLI_1",30,108,16,92,FALSE,0.680034062777008
"TET1",0.148351512632402,5.91251629590132,1.57355269273486,0.212178104805462,0.762023689226033,TRUE,FALSE,TRUE,TRUE,"Purkinje",30,105,16,89,FALSE,0.680034062777008
"PDE4D",0.138176831886427,8.13040456073847,1.57238199086347,0.212580853444906,0.633425049219299,TRUE,FALSE,TRUE,FALSE,"OPC",30,106,16,90,FALSE,0.680034062777008
"HIF1A",0.109113237764571,6.4701539657045,1.56847529231387,0.212945819999285,0.633425049219299,TRUE,FALSE,TRUE,FALSE,"OPC",30,106,16,90,FALSE,0.680034062777008
"SRD5A1",0.16956386875544,5.47779844429474,1.54142771998064,0.216768827082132,0.741220349581965,TRUE,FALSE,TRUE,FALSE,"Golgi",30,105,16,89,FALSE,0.69036159059853
"CYP1B1",0.260686524971865,-0.964082129763399,1.53128414902515,0.217746882989465,0.592317252454675,TRUE,FALSE,TRUE,FALSE,"Granule",30,109,16,93,FALSE,0.69159714597196
"LYPLA1",-0.162225766423762,5.32884933426307,1.52167048628605,0.21971330818609,0.742547313450046,TRUE,FALSE,FALSE,FALSE,"Golgi",30,105,16,89,FALSE,0.695655904943707
"APP",-0.100357808332279,8.53050705910056,1.51550192024471,0.220785222357778,0.641510322405761,TRUE,TRUE,TRUE,TRUE,"OPC",30,106,16,90,FALSE,0.695655904943707
"TRPV1",0.161488160109783,5.1684621121551,1.50705468772459,0.222045509103108,0.642297344053994,TRUE,FALSE,TRUE,FALSE,"OPC",30,106,16,90,FALSE,0.695655904943707
"NR1H3",0.228947248121073,3.30853904372935,1.50336303269691,0.222426094002353,0.817721539902518,TRUE,FALSE,TRUE,FALSE,"MLI_1",30,108,16,92,FALSE,0.695655904943707
"SNCA",0.12730065830725,7.81852471717854,1.50155488865461,0.222853148620417,0.761076028531776,TRUE,TRUE,TRUE,TRUE,"PLI",30,98,16,82,FALSE,0.695655904943707
"TET1",0.120220697385919,5.83542387588651,1.49870068033002,0.223355168936704,0.818017955794314,TRUE,FALSE,TRUE,TRUE,"MLI_1",30,108,16,92,FALSE,0.695655904943707
"BRAF",-0.0737984641616836,8.46086471685319,1.49513408877701,0.223945291172189,0.625929484893771,TRUE,FALSE,TRUE,FALSE,"Oligodendrocytes",30,106,16,90,FALSE,0.695655904943707
"NR1H2",0.244351521546754,4.73400937715527,1.4933145942921,0.22422590429621,0.783271200824105,TRUE,FALSE,TRUE,FALSE,"Endocytes",30,99,16,83,FALSE,0.695655904943707
"PTPN2",0.0896720206834358,6.71659727508884,1.48312106332439,0.225760316103178,0.821527658457294,TRUE,FALSE,TRUE,FALSE,"MLI_1",30,108,16,92,FALSE,0.695655904943707
"YWHAG",0.151301349099242,6.50106910806009,1.47922556256241,0.226472335881681,0.82217013293236,TRUE,FALSE,TRUE,FALSE,"MLI_1",30,108,16,92,FALSE,0.695655904943707
"NR3C1",-0.100938369026067,8.2362060719109,1.4729855048594,0.227303296239921,0.7734571681904,TRUE,FALSE,FALSE,FALSE,"Purkinje",30,105,16,89,FALSE,0.695655904943707
"MCL1",-0.130111661301559,4.39859872679493,1.46909319502558,0.228014548639777,0.603741538424262,TRUE,TRUE,TRUE,TRUE,"Granule",30,109,16,93,FALSE,0.695655904943707
"PTPN1",-0.144982662439861,6.11281786736816,1.46982105963117,0.228046525587455,0.783966090674005,TRUE,TRUE,TRUE,TRUE,"Endocytes",30,99,16,83,FALSE,0.695655904943707
"AOX1",-0.211138893617333,-0.0551613686580818,1.4629507183726,0.22857624815762,0.604088842893313,TRUE,FALSE,FALSE,FALSE,"Granule",30,109,16,93,FALSE,0.695655904943707
"ACHE",-0.204034827227965,3.55787195816274,1.46528232551615,0.228643483254797,0.604088842893313,TRUE,TRUE,TRUE,TRUE,"Granule",30,109,16,93,FALSE,0.695655904943707
"PPARG",-0.235072944811884,5.07287616248021,1.45631210372591,0.229913802520826,0.77473485524551,TRUE,TRUE,TRUE,TRUE,"Purkinje",30,105,16,89,FALSE,0.695655904943707
"ACHE",-0.230296419194549,3.70512289598091,1.45405227354009,0.230135500390671,0.649007763602741,TRUE,TRUE,TRUE,TRUE,"OPC",30,106,16,90,FALSE,0.695655904943707
"MCL1",-0.349229567960561,5.70371652723723,1.45524328317908,0.230678045875939,0.786655010420011,TRUE,TRUE,TRUE,TRUE,"Endocytes",30,99,16,83,FALSE,0.695655904943707
"MAP2K1",0.174431533944959,5.91448438448334,1.45106448363905,0.231019067201811,0.787327890311622,TRUE,TRUE,TRUE,TRUE,"Endocytes",30,99,16,83,FALSE,0.695655904943707
"ESR1",0.144415191820526,3.02843177123094,1.44726204838946,0.23146619607141,0.606269493058375,TRUE,TRUE,TRUE,TRUE,"Granule",30,109,16,93,FALSE,0.695655904943707
"CA4",0.25839932842513,6.18174057569381,1.45008088258883,0.231489592942019,0.768406760587046,TRUE,FALSE,TRUE,FALSE,"PLI",30,98,16,82,FALSE,0.695655904943707
"TOP2B",-0.114569785105725,7.39012415902652,1.44181536701149,0.23216927433913,0.753668793553508,TRUE,FALSE,TRUE,FALSE,"Golgi",30,105,16,89,FALSE,0.695914039707058
"PTPN2",-0.122211275194794,6.58690780381049,1.42706450171437,0.234884291542892,0.791707891773942,TRUE,FALSE,TRUE,FALSE,"Endocytes",30,99,16,83,FALSE,0.70218827471177
"TDP1",-0.0997482740772294,5.21422699937261,1.41744772310291,0.236338821373802,0.611082120659212,TRUE,FALSE,TRUE,FALSE,"Granule",30,109,16,93,FALSE,0.70218827471177
"SRD5A1",0.0780199803335833,5.12506965066206,1.41556654285622,0.236647531262173,0.611184760931993,TRUE,FALSE,TRUE,FALSE,"Granule",30,109,16,93,FALSE,0.70218827471177
"PDE4D",-0.136869037053765,8.17343064655776,1.41566519199821,0.23665901750098,0.825441752979102,TRUE,FALSE,TRUE,FALSE,"MLI_2",30,98,15,83,FALSE,0.70218827471177
"APP",-0.0928122023204981,8.61651000623312,1.411321263817,0.237308124142274,0.635580859253738,TRUE,TRUE,TRUE,TRUE,"Oligodendrocytes",30,106,16,90,FALSE,0.70233616539077
"PDE4B",-0.192885069160219,8.98817768539588,1.40562341061375,0.238564757188994,0.636845404347328,TRUE,FALSE,TRUE,FALSE,"Oligodendrocytes",30,106,16,90,FALSE,0.704276814673807
"AKR1B1",-0.163624289735535,3.3625661632181,1.39375007978712,0.240239705637982,0.513337170401733,TRUE,FALSE,TRUE,TRUE,"Bergmann",30,108,16,92,FALSE,0.707439535195265
"ALK",-0.285254048610868,3.97918351913871,1.38413795761839,0.241544435654409,0.829418108997361,TRUE,FALSE,FALSE,FALSE,"MLI_2",30,98,15,83,FALSE,0.708384851685923
"SGMS1",-0.0930903035985114,7.43939856571765,1.37909335573676,0.242540089090931,0.758111107083771,TRUE,FALSE,FALSE,FALSE,"Golgi",30,105,16,89,FALSE,0.708384851685923
"CA3",-0.177221844775689,4.93622947722188,1.37615593124628,0.242964879572228,0.758111107083771,TRUE,FALSE,TRUE,FALSE,"Golgi",30,105,16,89,FALSE,0.708384851685923
"ACLY",0.16608910294503,4.57634156179226,1.37736264945363,0.242978421824011,0.640848180837747,TRUE,FALSE,FALSE,FALSE,"Astrocytes",30,107,16,91,FALSE,0.708384851685923
"PDE4D",-0.125437564934554,7.712214086841,1.37097193602445,0.24418612204383,0.619091163971912,TRUE,FALSE,TRUE,FALSE,"Granule",30,109,16,93,FALSE,0.709254485758701
"GSK3B",-0.0904753707335485,8.16911645385673,1.36567141756477,0.245143005048193,0.795079494736446,TRUE,FALSE,TRUE,FALSE,"Endocytes",30,99,16,83,FALSE,0.709254485758701
"PPARG",0.284577046777021,5.21135476409087,1.3627693963541,0.245604717467579,0.834002749726783,TRUE,TRUE,TRUE,TRUE,"MLI_2",30,98,15,83,FALSE,0.709254485758701
"ESR2",0.134197345317663,4.86586915275346,1.36110501876065,0.245697373052929,0.665904040340809,TRUE,TRUE,TRUE,TRUE,"OPC",30,106,16,90,FALSE,0.709254485758701
"PRKCG",0.480374171621021,6.51473117528538,1.35604255054337,0.247026393766295,0.78139104918343,TRUE,FALSE,TRUE,TRUE,"Purkinje",30,105,16,89,FALSE,0.710251111103689
"APP",-0.0925007844992575,8.47057339167607,1.35112967103985,0.247562920388961,0.62171725767823,TRUE,TRUE,TRUE,TRUE,"Granule",30,109,16,93,FALSE,0.710251111103689
"PRKCB",-0.169559594398409,7.51361049570473,1.34837164756342,0.248280669399843,0.836434350007112,TRUE,FALSE,TRUE,TRUE,"MLI_2",30,98,15,83,FALSE,0.710251111103689
"MAP2K1",0.101316930874773,5.62234092241908,1.34573757659966,0.248466685625011,0.646780189370206,TRUE,TRUE,TRUE,TRUE,"Astrocytes",30,107,16,91,FALSE,0.710251111103689
"DRD4",0.321152422576052,1.13443847869075,1.3373784391542,0.249403195472591,0.522816965932941,TRUE,FALSE,TRUE,FALSE,"Bergmann",30,108,16,92,FALSE,0.71053900473339
"TRPV3",0.245249460565936,2.30978254716907,1.33180864404222,0.250292259994328,0.644443202251049,TRUE,FALSE,TRUE,FALSE,"Oligodendrocytes",30,106,16,90,FALSE,0.71053900473339
"DAB2IP",-0.128199307677633,8.44323553530446,1.33461408014363,0.250386185115094,0.777946145237395,TRUE,FALSE,FALSE,FALSE,"UBC",30,101,15,86,FALSE,0.71053900473339
"KDR",-0.353249698723579,3.75198606053279,1.32509347051307,0.251511737186079,0.797307173127934,TRUE,FALSE,TRUE,FALSE,"Endocytes",30,99,16,83,FALSE,0.712009072420495
"PRKCB",-0.170397937523142,7.518769632564,1.3182809692607,0.253584689747728,0.675276180259848,TRUE,FALSE,TRUE,TRUE,"OPC",30,106,16,90,FALSE,0.714939869871814
"PRKCE",-0.0835028141606297,9.2055658494042,1.31650807825474,0.253767052787265,0.799346217800179,TRUE,FALSE,TRUE,TRUE,"Endocytes",30,99,16,83,FALSE,0.714939869871814
"SIGMAR1",-0.185658310880612,2.131070985287,1.30917276200833,0.254943493697689,0.628836278012512,TRUE,FALSE,TRUE,FALSE,"Granule",30,109,16,93,FALSE,0.716531833605975
"POLA1",-0.130059744181499,6.98179620118749,1.30290869885871,0.256000516217044,0.78649454442979,TRUE,FALSE,TRUE,FALSE,"Purkinje",30,105,16,89,FALSE,0.717760753271311
"SRC",-0.196227958802572,3.40195804523036,1.29565344986262,0.257097880377418,0.656721525775841,TRUE,FALSE,TRUE,FALSE,"Astrocytes",30,107,16,91,FALSE,0.717760753271311
"CTNNB1",0.0879260884566842,7.5703939555721,1.29693323955694,0.257218017383917,0.531723989148261,TRUE,FALSE,TRUE,FALSE,"Bergmann",30,108,16,92,FALSE,0.717760753271311
"ADORA1",0.14159347412461,5.45681814119941,1.28811206206999,0.258776733823474,0.652099107290456,TRUE,FALSE,TRUE,FALSE,"Oligodendrocytes",30,106,16,90,FALSE,0.719190130279623
"ERCC5",0.158894103802723,6.17476698470182,1.28799213522418,0.258957538377134,0.801779375194192,TRUE,FALSE,FALSE,FALSE,"Endocytes",30,99,16,83,FALSE,0.719190130279623
"DOT1L",0.156933581629223,5.40445321984947,1.26120380727405,0.263886031354208,0.637957500039391,TRUE,FALSE,TRUE,FALSE,"Granule",30,109,16,93,FALSE,0.730478578797784
"PTPN1",-0.0832789341744611,5.87019754912768,1.25865914492112,0.264268700861997,0.6582027717848,TRUE,TRUE,TRUE,TRUE,"Oligodendrocytes",30,106,16,90,FALSE,0.730478578797784
"PPARG",0.247841158278124,5.14302865826502,1.25453152516536,0.265153364626487,0.802821690322622,TRUE,TRUE,TRUE,TRUE,"Endocytes",30,99,16,83,FALSE,0.731199396099396
"KAT2B",0.115060494864078,6.88723746216105,1.24308710811325,0.2671288249362,0.801192726176467,TRUE,FALSE,FALSE,FALSE,"PLI",30,98,16,82,FALSE,0.732674275738238
"OPRK1",-0.400165809578624,1.61041401087124,1.24158315703167,0.26728288726587,0.542920396524847,TRUE,FALSE,TRUE,TRUE,"Bergmann",30,108,16,92,FALSE,0.732674275738238
"SLC6A4",-0.175739896726383,-0.354183143438085,1.23549371245932,0.268197137586519,0.640527483103367,TRUE,FALSE,TRUE,FALSE,"Granule",30,109,16,93,FALSE,0.732674275738238
"CA4",0.291384691088715,6.06057528737605,1.23433587780668,0.269228425609663,0.794679990240216,TRUE,FALSE,TRUE,FALSE,"Purkinje",30,105,16,89,FALSE,0.732674275738238
"ACHE",-0.257509716286554,3.82207252901773,1.23022033723501,0.269436927382258,0.783763574669402,TRUE,TRUE,TRUE,TRUE,"Microglia",30,105,16,89,FALSE,0.732674275738238
"KYNU",-0.178913023663281,-0.178829328118481,1.22657478152053,0.27003962341547,0.641613831354338,TRUE,FALSE,FALSE,FALSE,"Granule",30,109,16,93,FALSE,0.732674275738238
"SNCA",-0.115595060668702,7.67132910365103,1.2254252476911,0.270683942886633,0.54639768470791,TRUE,TRUE,TRUE,TRUE,"Bergmann",30,108,16,92,FALSE,0.732674275738238
"STS",-0.205093849764597,5.32923338103106,1.22321269695563,0.270773975624769,0.792822524678701,TRUE,FALSE,TRUE,FALSE,"UBC",30,101,15,86,FALSE,0.732674275738238
"CA4",0.262913599397797,6.099163846153,1.2231014989372,0.271314535554945,0.546853012105133,TRUE,FALSE,TRUE,FALSE,"Bergmann",30,108,16,92,FALSE,0.732674275738238
"ADCY10",-0.24131846009169,4.12156745764026,1.21456002179606,0.272721245520187,0.669939638772151,TRUE,FALSE,FALSE,FALSE,"Astrocytes",30,107,16,91,FALSE,0.734779999424504
"MAOB",0.278482852132251,4.32182155292607,1.20444926953085,0.274562156009093,0.847686030218114,TRUE,TRUE,TRUE,TRUE,"MLI_2",30,98,15,83,FALSE,0.73804322670334
"PRKCB",-0.173521382797337,7.6194807185773,1.20154732402322,0.27562635402146,0.790044849103179,TRUE,FALSE,TRUE,TRUE,"Microglia",30,105,16,89,FALSE,0.738239274543533
"KAT2B",0.114495883442731,7.46398890235734,1.19894519769083,0.275894882465928,0.698408979399467,TRUE,FALSE,FALSE,FALSE,"OPC",30,106,16,90,FALSE,0.738239274543533
"PTPN1",-0.11751511522262,6.12850878316705,1.18898606355846,0.277702877651387,0.805472932313857,TRUE,TRUE,TRUE,TRUE,"PLI",30,98,16,82,FALSE,0.740410002995511
"MAP2K1",0.0884130303752886,5.58486892850136,1.187849692033,0.278119211075037,0.553817687392894,TRUE,TRUE,TRUE,TRUE,"Bergmann",30,108,16,92,FALSE,0.740410002995511
"LCK",-0.221372460890559,-0.71191970776023,1.18136356465944,0.278799624151818,0.649703612220431,TRUE,FALSE,FALSE,FALSE,"Granule",30,109,16,93,FALSE,0.740410002995511
"SLC5A1",-0.217928606445578,-0.908681100850926,1.17903584711117,0.2792331239966,0.649985591184164,TRUE,FALSE,TRUE,FALSE,"Granule",30,109,16,93,FALSE,0.740410002995511
"PRKCB",0.148008393447701,7.992113045887,1.17928465399381,0.280081840886177,0.792822524678701,TRUE,FALSE,TRUE,TRUE,"UBC",30,101,15,86,FALSE,0.740787378365691
"SGMS1",-0.110598238702001,7.45615053914626,1.17420624165692,0.28063958702591,0.792822524678701,TRUE,FALSE,FALSE,FALSE,"UBC",30,101,15,86,FALSE,0.740787378365691
"TRPV1",0.104955251561028,4.98481931986107,1.16962798280237,0.281797310737552,0.651217107411002,TRUE,FALSE,TRUE,FALSE,"Granule",30,109,16,93,FALSE,0.742004414378671
"SGMS1",-0.0975534023643183,7.43463625107216,1.16622731119001,0.282366867587788,0.808804800249828,TRUE,FALSE,FALSE,FALSE,"PLI",30,98,16,82,FALSE,0.742004414378671
"ADORA1",0.126301057364113,5.38374405522879,1.15569319828784,0.28468573386159,0.653641375215217,TRUE,FALSE,TRUE,FALSE,"Granule",30,109,16,93,FALSE,0.746424340236653
"FDFT1",0.218725809399569,4.9616954980073,1.14596138932314,0.286569485694355,0.853044300890891,TRUE,FALSE,TRUE,FALSE,"MLI_2",30,98,15,83,FALSE,0.748062985573576
"OPRM1",-0.18097087953555,6.95892411935975,1.14720492354905,0.286587270070423,0.562233524896762,TRUE,FALSE,TRUE,TRUE,"Bergmann",30,108,16,92,FALSE,0.748062985573576
"MAP2K1",0.172410847940959,5.85637200977831,1.13884506166258,0.287954415296842,0.795980529201715,TRUE,TRUE,TRUE,TRUE,"UBC",30,101,15,86,FALSE,0.749961277173108
"HIF1A",-0.0881339359371567,6.40393091306125,1.12969846322135,0.290049927046305,0.845173349440947,TRUE,FALSE,TRUE,FALSE,"MLI_1",30,108,16,92,FALSE,0.753743934585962
"MCL1",-0.148305192948444,4.5032552928257,1.11765263984506,0.292554208922227,0.709844557085956,TRUE,TRUE,TRUE,TRUE,"OPC",30,106,16,90,FALSE,0.757252937116715
"SNCA",0.145060546763371,8.26737428923469,1.10796457283018,0.29431783608791,0.724538230358552,TRUE,TRUE,TRUE,TRUE,"Pericytes",30,91,16,75,FALSE,0.757252937116715
"KAT2B",-0.166909585037536,7.30499782599533,1.09918469128077,0.296236947019386,0.724538230358552,TRUE,FALSE,FALSE,FALSE,"Pericytes",30,91,16,75,FALSE,0.757252937116715
"PPARG",0.187151365535093,5.09134687148458,1.10159065822201,0.296240984166093,0.711745663295935,TRUE,TRUE,TRUE,TRUE,"OPC",30,106,16,90,FALSE,0.757252937116715
"FYN",0.0944821003623618,8.34666249271696,1.10156507006993,0.296277420497282,0.817713032591181,TRUE,FALSE,TRUE,FALSE,"Endocytes",30,99,16,83,FALSE,0.757252937116715
"EPHX2",-0.180947803245457,4.66035431539084,1.09889643964524,0.296594757161026,0.807883845269214,TRUE,FALSE,TRUE,FALSE,"Purkinje",30,105,16,89,FALSE,0.757252937116715
"HSD17B3",0.172721862722945,0.671849445321707,1.09831953775115,0.296649300947647,0.662844887927434,TRUE,FALSE,TRUE,FALSE,"Granule",30,109,16,93,FALSE,0.757252937116715
"TDP1",0.120576577187915,5.08294308997171,1.09775287724991,0.296930104554053,0.848954348554411,TRUE,FALSE,TRUE,FALSE,"MLI_1",30,108,16,92,FALSE,0.757252937116715
"PTPN1",-0.147386224392646,6.06309724764438,1.09581641720986,0.297215316615776,0.805220958551247,TRUE,TRUE,TRUE,TRUE,"UBC",30,101,15,86,FALSE,0.757252937116715
"TDP1",-0.14841666504555,5.28620829430993,1.08322407004982,0.300013141805088,0.792450359034879,TRUE,FALSE,TRUE,FALSE,"Golgi",30,105,16,89,FALSE,0.761275473608276
"CTNNB1",0.0985700495089471,7.57207518777966,1.08329986582294,0.300093232770498,0.81012030078716,TRUE,FALSE,TRUE,FALSE,"Purkinje",30,105,16,89,FALSE,0.761275473608276
"PTPN11",-0.0578993669747536,6.17789142425837,1.07709250861029,0.301593837782583,0.667365438843133,TRUE,FALSE,TRUE,TRUE,"Granule",30,109,16,93,FALSE,0.763429757842736
"CTNNB1",0.0916440853703343,7.5563799853592,1.06964797360117,0.303171598522239,0.717694684772848,TRUE,FALSE,TRUE,FALSE,"OPC",30,106,16,90,FALSE,0.765458377299067
"FABP7",0.211814623192394,3.4618221206208,1.0651726882686,0.303851518241838,0.803687619298926,TRUE,FALSE,TRUE,TRUE,"Microglia",30,105,16,89,FALSE,0.765458377299067
"CBS",0.262972743946527,-0.683330651650691,1.062360299088,0.304354610769083,0.66980367993923,TRUE,FALSE,FALSE,FALSE,"Granule",30,109,16,93,FALSE,0.765458377299067
"MME",-0.270845444751527,4.08202989317755,1.05865783535091,0.305296088625614,0.796181957541917,TRUE,FALSE,TRUE,FALSE,"Golgi",30,105,16,89,FALSE,0.766182046829164
"ESR2",0.107936952888731,4.9398274343013,1.05005757779566,0.307613695594893,0.85068756626308,TRUE,TRUE,TRUE,TRUE,"MLI_1",30,108,16,92,FALSE,0.768791063016625
"KAT2B",0.123615574750237,6.92997103388276,1.04908787731806,0.307847150537064,0.860019552004681,TRUE,FALSE,FALSE,FALSE,"MLI_2",30,98,15,83,FALSE,0.768791063016625
"SRC",-0.156134435861371,3.68658319649065,1.04258814231733,0.30921445996868,0.85068756626308,TRUE,FALSE,TRUE,FALSE,"MLI_1",30,108,16,92,FALSE,0.768791063016625
"EIF4A1",-0.148244412259089,4.00833043950333,1.04242462668908,0.309306113746811,0.697500703172518,TRUE,FALSE,TRUE,FALSE,"Oligodendrocytes",30,106,16,90,FALSE,0.768791063016625
"CA4",0.240649520663137,6.41919980228106,1.04328312423498,0.309624297677951,0.827284138285833,TRUE,FALSE,TRUE,FALSE,"Endocytes",30,99,16,83,FALSE,0.768791063016625
"ERBB2",0.129112305831537,0.983164024446147,1.03649925958349,0.310666086752157,0.674278591294215,TRUE,FALSE,FALSE,FALSE,"Granule",30,109,16,93,FALSE,0.768791063016625
"SYNJ2",0.269921531608351,4.36201358546291,1.03531011829453,0.310927443574983,0.827284138285833,TRUE,FALSE,TRUE,FALSE,"Endocytes",30,99,16,83,FALSE,0.768791063016625
"F3",0.311408665653907,3.23384997133911,1.02172789525453,0.313923046296234,0.70840576023163,TRUE,FALSE,TRUE,FALSE,"Astrocytes",30,107,16,91,FALSE,0.774563811071972
"DYRK1A",-0.0664736389824174,8.07667069143666,1.01365592433378,0.316123873911941,0.85590288161983,TRUE,FALSE,TRUE,TRUE,"MLI_1",30,108,16,92,FALSE,0.776384837503058
"ACHE",-0.187774264270861,3.59897065220672,1.00727902795902,0.317514525250973,0.703698583948925,TRUE,TRUE,TRUE,TRUE,"Oligodendrocytes",30,106,16,90,FALSE,0.776384837503058
"SGMS2",-0.186595797302132,4.29083181010138,1.00642714325034,0.317714346189144,0.820114390465603,TRUE,FALSE,FALSE,FALSE,"Purkinje",30,105,16,89,FALSE,0.776384837503058
"PRKCQ",0.233078280216945,2.11568200857214,1.00597215705624,0.317807915590038,0.591890330968048,TRUE,FALSE,TRUE,FALSE,"Bergmann",30,108,16,92,FALSE,0.776384837503058
"TET1",0.125655371841195,5.8753809382928,1.00545357490139,0.317973312287942,0.832341905694906,TRUE,FALSE,TRUE,TRUE,"PLI",30,98,16,82,FALSE,0.776384837503058
"SRD5A1",-0.0907646314657429,5.1858368981994,0.998623616169567,0.319754405322516,0.705602134626968,TRUE,FALSE,TRUE,FALSE,"Oligodendrocytes",30,106,16,90,FALSE,0.779110526066506
"BCHE",0.18735626837419,3.25791427679951,0.986957790911461,0.322181421003944,0.734179180231311,TRUE,FALSE,FALSE,FALSE,"OPC",30,106,16,90,FALSE,0.783395488416229
"MCL1",-0.121220001455705,4.42923296970449,0.983130809613068,0.323468209214175,0.707569201995238,TRUE,TRUE,TRUE,TRUE,"Oligodendrocytes",30,106,16,90,FALSE,0.783520049598099
"ERCC5",0.0802261134712624,6.09297665869303,0.983145783574974,0.323569713315256,0.684610168937413,TRUE,FALSE,FALSE,FALSE,"Granule",30,109,16,93,FALSE,0.783520049598099
"FABP3",-0.178656327975932,2.69245424118175,0.975363535966441,0.325029846154579,0.708132652900734,TRUE,FALSE,TRUE,TRUE,"Oligodendrocytes",30,106,16,90,FALSE,0.783603104474364
"PKM",-0.134320423710743,6.60465859609302,0.975787642074506,0.325447307141251,0.837409405964842,TRUE,FALSE,TRUE,FALSE,"PLI",30,98,16,82,FALSE,0.783603104474364
"APP",0.109322118427904,8.96208421823081,0.975522073286098,0.325609822422368,0.808177466090984,TRUE,TRUE,TRUE,TRUE,"Golgi",30,105,16,89,FALSE,0.783603104474364
"ADORA1",0.137956998801767,5.24499901702281,0.964204380377202,0.328172546864114,0.861482530628636,TRUE,FALSE,TRUE,FALSE,"MLI_1",30,108,16,92,FALSE,0.787929956963067
"STS",-0.106233455850072,4.94259538020963,0.960117139233865,0.329168776638906,0.739115642855269,TRUE,FALSE,TRUE,FALSE,"OPC",30,106,16,90,FALSE,0.787929956963067
"DYRK1A",-0.0661306055292364,8.12686709529854,0.95879452729934,0.329424640709815,0.812609380113274,TRUE,FALSE,TRUE,TRUE,"Golgi",30,105,16,89,FALSE,0.787929956963067
"BACE1",-0.137711756316335,5.5719808916856,0.955980620802364,0.330402314251042,0.834986495498023,TRUE,FALSE,TRUE,FALSE,"Endocytes",30,99,16,83,FALSE,0.78865888452591
"PRKCG",-0.223176601426197,5.13635926125087,0.953479770555298,0.331091838968256,0.862447909266807,TRUE,FALSE,TRUE,TRUE,"MLI_1",30,108,16,92,FALSE,0.78869844567235
"PTK2",0.0502392767426471,8.83064885577221,0.948144292218193,0.33230227854196,0.604719338231526,TRUE,FALSE,FALSE,FALSE,"Bergmann",30,108,16,92,FALSE,0.789976207811719
"BRAF",-0.0479330060583007,8.47822602580099,0.944352102569808,0.33326475647029,0.692571303173363,TRUE,FALSE,TRUE,FALSE,"Granule",30,109,16,93,FALSE,0.790442566802412
"DUSP3",0.216560354849974,4.3652083453225,0.941283610721923,0.33384732983549,0.826575271525597,TRUE,FALSE,FALSE,FALSE,"Purkinje",30,105,16,89,FALSE,0.790442566802412
"SGMS1",0.0639897835177742,7.35979206124502,0.933537466256121,0.336000368560169,0.725984616412478,TRUE,FALSE,FALSE,FALSE,"Astrocytes",30,107,16,91,FALSE,0.792722227438679
"HIF1A",-0.177214683967356,7.06743096140385,0.925462852966717,0.337683995377857,0.755183209504577,TRUE,FALSE,TRUE,FALSE,"Pericytes",30,91,16,75,FALSE,0.792722227438679
"ERCC5",0.114295797884234,6.18006196528315,0.92604995735828,0.337793359367139,0.817067318811132,TRUE,FALSE,FALSE,FALSE,"Golgi",30,105,16,89,FALSE,0.792722227438679
"LYPLA1",-0.0856907767281608,5.07543533230257,0.924043469475688,0.338440573833662,0.718696439945164,TRUE,FALSE,FALSE,FALSE,"Oligodendrocytes",30,106,16,90,FALSE,0.792722227438679
"STS",0.138261951642712,4.67140700827656,0.922274377297795,0.338804489273647,0.822016071466374,TRUE,FALSE,TRUE,FALSE,"Microglia",30,105,16,89,FALSE,0.792722227438679
"PTK2",-0.0859336526106477,9.14776359536057,0.918041823167872,0.339618767904665,0.758049289932645,TRUE,FALSE,FALSE,FALSE,"Pericytes",30,91,16,75,FALSE,0.792722227438679
"SGMS2",-0.121813968614454,3.9648788379571,0.9177490125296,0.339983306419718,0.720030198971306,TRUE,FALSE,FALSE,FALSE,"Oligodendrocytes",30,106,16,90,FALSE,0.792722227438679
"DAB2IP",-0.101045963303336,8.59668878077065,0.915393293158837,0.34079668268049,0.823664990145949,TRUE,FALSE,FALSE,FALSE,"Microglia",30,105,16,89,FALSE,0.792722227438679
"POLA1",-0.0753384413947889,6.89230790611192,0.914544577092643,0.340897613164756,0.747809489786324,TRUE,FALSE,TRUE,FALSE,"OPC",30,106,16,90,FALSE,0.792722227438679
"APEX1",-0.203842069338954,3.50622789681881,0.905068232914224,0.343089390604027,0.825111684379478,TRUE,FALSE,FALSE,FALSE,"Microglia",30,105,16,89,FALSE,0.792862614937042
"DOT1L",-0.14934125267321,5.45012912955484,0.905065488848271,0.343283973024615,0.819398279917902,TRUE,FALSE,TRUE,FALSE,"Golgi",30,105,16,89,FALSE,0.792862614937042
"PRKCB",-0.152922788741695,7.51652224631603,0.905505369243803,0.343566197774037,0.722009163870221,TRUE,FALSE,TRUE,TRUE,"Oligodendrocytes",30,106,16,90,FALSE,0.792862614937042
"POLA1",0.0892708462065713,6.93813114053624,0.901654714117258,0.344267890417362,0.847742670869631,TRUE,FALSE,TRUE,FALSE,"PLI",30,98,16,82,FALSE,0.792862614937042
"MAPK10",-0.0785944042766452,8.80779143175031,0.899236727035625,0.344950823482575,0.82592591639382,TRUE,FALSE,TRUE,FALSE,"Microglia",30,105,16,89,FALSE,0.792862614937042
"FDPS",0.112493039906679,4.21420286188255,0.899303029846927,0.345017008206392,0.616534245030489,TRUE,FALSE,TRUE,FALSE,"Bergmann",30,108,16,92,FALSE,0.792862614937042
"BACE1",0.0770498452942904,5.35510609222475,0.886659039438208,0.348425075306334,0.619442961751234,TRUE,FALSE,TRUE,FALSE,"Bergmann",30,108,16,92,FALSE,0.797618144910751
"NR3C1",-0.066360014052334,8.23048690626041,0.883476423325091,0.349247211514573,0.736834572009034,TRUE,FALSE,FALSE,FALSE,"Astrocytes",30,107,16,91,FALSE,0.797618144910751
"PTPN1",-0.0783110262299207,5.80656299205833,0.879538401944786,0.350326093791375,0.737915228926616,TRUE,TRUE,TRUE,TRUE,"Astrocytes",30,107,16,91,FALSE,0.797618144910751
"TET2",0.125530584894105,5.52036712864353,0.874797425648388,0.351546408623149,0.836007740259681,TRUE,FALSE,TRUE,TRUE,"Purkinje",30,105,16,89,FALSE,0.797618144910751
"GSK3B",-0.0458139874062773,8.20326068975273,0.874584494844174,0.351631715782498,0.86933403666749,TRUE,FALSE,TRUE,FALSE,"MLI_1",30,108,16,92,FALSE,0.797618144910751
"HSP90AB1",-0.156736720590671,7.3890062169725,0.875634186447293,0.351815745682413,0.852119806699176,TRUE,FALSE,TRUE,FALSE,"PLI",30,98,16,82,FALSE,0.797618144910751
"TET1",0.0823470357672431,5.88659307207739,0.872573484315136,0.352222909609471,0.729464482198463,TRUE,FALSE,TRUE,TRUE,"Oligodendrocytes",30,106,16,90,FALSE,0.797618144910751
"HIF1A",-0.0976126830212388,6.65603814898249,0.871302743601482,0.352530886573182,0.82871478614928,TRUE,FALSE,TRUE,FALSE,"Microglia",30,105,16,89,FALSE,0.797618144910751
"PTPN11",-0.0935262511334143,6.42413074782354,0.860347495319538,0.355512695070652,0.853354991004966,TRUE,FALSE,TRUE,TRUE,"PLI",30,98,16,82,FALSE,0.799453772626732
"FDFT1",-0.150777661235849,5.01246738964838,0.860366039998747,0.355522463941299,0.839846883393268,TRUE,FALSE,TRUE,FALSE,"Purkinje",30,105,16,89,FALSE,0.799453772626732
"FDPS",0.190288895269471,4.84200583854291,0.859186173062051,0.355952354249102,0.851053971682373,TRUE,FALSE,TRUE,FALSE,"Endocytes",30,99,16,83,FALSE,0.799453772626732
"PRKCH",-0.241792904519146,6.9026644596357,0.860209198295691,0.356070707603374,0.851053971682373,TRUE,FALSE,TRUE,TRUE,"Endocytes",30,99,16,83,FALSE,0.799453772626732
"POLA1",-0.0746676386257289,6.8587997499083,0.850009726696933,0.358507149160067,0.745924934799229,TRUE,FALSE,TRUE,FALSE,"Astrocytes",30,107,16,91,FALSE,0.800633373701728
"EPHX2",-0.205918967307829,5.09029099355748,0.84785931496487,0.358833990242878,0.833926566558564,TRUE,FALSE,TRUE,FALSE,"UBC",30,101,15,86,FALSE,0.800633373701728
"PRKCB",-0.142903350512983,7.52314716911874,0.844776047558874,0.360126243317686,0.712951146441706,TRUE,FALSE,TRUE,TRUE,"Granule",30,109,16,93,FALSE,0.800633373701728
"DAB2IP",-0.0897849262535934,8.53488616039622,0.840040589164174,0.361370210432869,0.737859911681517,TRUE,FALSE,FALSE,FALSE,"Oligodendrocytes",30,106,16,90,FALSE,0.800633373701728
"TDP1",-0.108886104197189,5.25665371846897,0.83836027751644,0.3617499093386,0.83383785909938,TRUE,FALSE,TRUE,FALSE,"Microglia",30,105,16,89,FALSE,0.800633373701728
"CTNNB1",0.0790154435576743,7.58784617347786,0.836452533189009,0.362352523035177,0.748627757470939,TRUE,FALSE,TRUE,FALSE,"Astrocytes",30,107,16,91,FALSE,0.800633373701728
"PDE4D",-0.0764715001826196,8.24461858255042,0.83526723828379,0.362649346094393,0.869719535241114,TRUE,FALSE,TRUE,FALSE,"MLI_1",30,108,16,92,FALSE,0.800633373701728
"SGMS2",0.151562318346239,4.01576966488208,0.834619786235621,0.362659615256859,0.83383785909938,TRUE,FALSE,FALSE,FALSE,"Microglia",30,105,16,89,FALSE,0.800633373701728
"SOAT1",-0.119997138106933,3.78866418579139,0.834600121110575,0.362744301566227,0.869719535241114,TRUE,FALSE,TRUE,FALSE,"MLI_1",30,108,16,92,FALSE,0.800633373701728
"MAPK10",0.0918050793444788,8.7897021243041,0.827126887642346,0.365139512013635,0.852055343849226,TRUE,FALSE,TRUE,FALSE,"Endocytes",30,99,16,83,FALSE,0.804201914029196
"ALK",0.183282274281646,4.31886684994304,0.819800128128502,0.367145743394688,0.751773729894317,TRUE,FALSE,FALSE,FALSE,"Astrocytes",30,107,16,91,FALSE,0.804201914029196
"APP",-0.0877386274644853,8.63375547322654,0.814113250642087,0.368772577133726,0.88769092386399,TRUE,TRUE,TRUE,TRUE,"MLI_2",30,98,15,83,FALSE,0.804201914029196
"OPRM1",-0.140661535830692,7.15378551615688,0.813311388150212,0.369224580181803,0.842943946600519,TRUE,FALSE,TRUE,TRUE,"Purkinje",30,105,16,89,FALSE,0.804201914029196
"HTR2B",-0.154078778643552,-0.312991645447164,0.810723969623543,0.369466125098382,0.72153600934538,TRUE,FALSE,TRUE,FALSE,"Granule",30,109,16,93,FALSE,0.804201914029196
"BRAF",-0.0570551685281679,8.49207025492198,0.809990056201171,0.369892461643365,0.836152080869835,TRUE,FALSE,TRUE,FALSE,"Golgi",30,105,16,89,FALSE,0.804201914029196
"CA2",0.187195284275393,4.14623790168377,0.809010745446045,0.370244756712398,0.742506364403624,TRUE,TRUE,TRUE,TRUE,"Oligodendrocytes",30,106,16,90,FALSE,0.804201914029196
"FYN",0.0601845614421083,8.13624469041173,0.807948837022521,0.370583190827579,0.83973989154795,TRUE,FALSE,TRUE,FALSE,"Microglia",30,105,16,89,FALSE,0.804201914029196
"TRPM8",-0.191429289076022,-0.910875815176273,0.802412331449021,0.371751651967305,0.723714191164417,TRUE,FALSE,TRUE,FALSE,"Granule",30,109,16,93,FALSE,0.804201914029196
"NR3C1",-0.0727805830676032,8.25340702250349,0.803389046784526,0.371933666495263,0.766619906421685,TRUE,FALSE,FALSE,FALSE,"OPC",30,106,16,90,FALSE,0.804201914029196
"DAB2IP",-0.0824406381692868,8.51604185435697,0.800217799238792,0.372913960763015,0.767176666200002,TRUE,FALSE,FALSE,FALSE,"OPC",30,106,16,90,FALSE,0.804201914029196
"JUN",-0.22181690709422,4.52667022204618,0.799024255469237,0.373178743731919,0.846164942532631,TRUE,FALSE,TRUE,TRUE,"Purkinje",30,105,16,89,FALSE,0.804201914029196
"SOAT1",-0.119895855273415,3.7388871787045,0.796096414536381,0.37400860347838,0.745903737965253,TRUE,FALSE,TRUE,FALSE,"Oligodendrocytes",30,106,16,90,FALSE,0.804201914029196
"MGLL",0.0725375817556775,7.41756942519156,0.79607527194898,0.374157655147156,0.757167424094861,TRUE,FALSE,TRUE,FALSE,"Astrocytes",30,107,16,91,FALSE,0.804201914029196
"TOP2B",-0.109889996649288,7.51169284790227,0.793919042303148,0.37465379271326,0.83692111090426,TRUE,FALSE,TRUE,FALSE,"UBC",30,101,15,86,FALSE,0.804201914029196
"CD22",0.165868106373827,4.788140931131,0.78883554262897,0.376410606598548,0.747335533307756,TRUE,FALSE,TRUE,FALSE,"Oligodendrocytes",30,106,16,90,FALSE,0.806495851797985
"SYNJ2",-0.148727260727764,6.43929513381439,0.776716208195067,0.380218309972997,0.74965179554285,TRUE,FALSE,TRUE,FALSE,"Oligodendrocytes",30,106,16,90,FALSE,0.811625037675053
"SIGMAR1",0.204955159081823,2.18593897229655,0.772809376095881,0.381099213190935,0.645786400680727,TRUE,FALSE,TRUE,FALSE,"Bergmann",30,108,16,92,FALSE,0.811625037675053
"DYRK1A",-0.047345583942716,8.07999104728638,0.770514592430697,0.381945758196448,0.730310529090703,TRUE,FALSE,TRUE,TRUE,"Granule",30,109,16,93,FALSE,0.811625037675053
"ESR2",0.0567720853497689,4.78999670014689,0.768538275875532,0.38253648605933,0.73051433299327,TRUE,TRUE,TRUE,TRUE,"Granule",30,109,16,93,FALSE,0.811625037675053
"PTPN2",0.0788173784434932,6.67742206873358,0.761783628532709,0.384571069535174,0.845530461907898,TRUE,FALSE,TRUE,FALSE,"Microglia",30,105,16,89,FALSE,0.811625037675053
"DOT1L",0.126955790014991,5.40476542490285,0.761703680095021,0.384654117297626,0.873561989253727,TRUE,FALSE,TRUE,FALSE,"MLI_1",30,108,16,92,FALSE,0.811625037675053
"KDM6B",0.141141569046831,5.35010884238789,0.761233388225512,0.384887229379476,0.752369586280005,TRUE,FALSE,TRUE,FALSE,"Oligodendrocytes",30,106,16,90,FALSE,0.811625037675053
"CA4",0.189860609901568,6.07120573301501,0.761418006470668,0.384934794509459,0.84228298259052,TRUE,FALSE,TRUE,FALSE,"Golgi",30,105,16,89,FALSE,0.811625037675053
"MCL1",-0.211789162806844,4.51833960630156,0.757781036634054,0.38574028490153,0.893277664966419,TRUE,TRUE,TRUE,TRUE,"MLI_2",30,98,15,83,FALSE,0.811625037675053
"SNCA",-0.082404360736142,7.73938203991464,0.756163998102057,0.386367047903993,0.76411822652783,TRUE,TRUE,TRUE,TRUE,"Astrocytes",30,107,16,91,FALSE,0.811625037675053
"PTPN2",0.14518458511274,7.17270855698638,0.754901125058806,0.386980527190456,0.85240933444452,TRUE,FALSE,TRUE,FALSE,"Purkinje",30,105,16,89,FALSE,0.811625037675053
"ENPP1",0.114003407254807,2.39054470019727,0.753792807906041,0.387114672406446,0.734058998072323,TRUE,FALSE,TRUE,FALSE,"Granule",30,109,16,93,FALSE,0.811625037675053
"TET3",-0.0931912894524559,6.88239137500825,0.750478602209118,0.388259746974917,0.865545559498992,TRUE,FALSE,TRUE,FALSE,"Endocytes",30,99,16,83,FALSE,0.812572184740362
"DAB2IP",-0.0905571608059157,8.50896450334054,0.747895915141914,0.389013776566261,0.76542383446846,TRUE,FALSE,FALSE,FALSE,"Astrocytes",30,107,16,91,FALSE,0.812699012719532
"ADCY10",0.174030885711652,4.11668786028062,0.742674592706214,0.390699361932803,0.737296333378479,TRUE,FALSE,FALSE,FALSE,"Granule",30,109,16,93,FALSE,0.812711184386503
"CA3",-0.107141694286348,4.70303270794111,0.741614858377395,0.390944451729546,0.766208393842814,TRUE,FALSE,TRUE,FALSE,"Astrocytes",30,107,16,91,FALSE,0.812711184386503
"SIRT1",-0.06574033925598,5.35064425876849,0.737393794206766,0.392344508486177,0.655189044718292,TRUE,FALSE,FALSE,FALSE,"Bergmann",30,108,16,92,FALSE,0.812711184386503
"PRKCA",0.103090912738885,6.1845348437919,0.736283956493521,0.392647999403303,0.874946446387363,TRUE,FALSE,TRUE,TRUE,"MLI_1",30,108,16,92,FALSE,0.812711184386503
"PKM",0.102923484247485,6.28415015944394,0.735123965998584,0.392907807699166,0.845043147801318,TRUE,FALSE,TRUE,FALSE,"Golgi",30,105,16,89,FALSE,0.812711184386503
"KYNU",0.191583519651227,3.49291002769534,0.729407064061842,0.394448574916102,0.847658742246038,TRUE,FALSE,FALSE,FALSE,"Microglia",30,105,16,89,FALSE,0.812711184386503
"NR1H2",-0.147071114680012,4.47840929735841,0.729488254119937,0.394738882923716,0.847658742246038,TRUE,FALSE,TRUE,FALSE,"Microglia",30,105,16,89,FALSE,0.812711184386503
"PTPN1",-0.0998374219370959,5.8527529043277,0.727333170810822,0.395485070823138,0.858571252601723,TRUE,TRUE,TRUE,TRUE,"Purkinje",30,105,16,89,FALSE,0.812711184386503
"KDM1A",-0.0837577884105475,6.21202401399403,0.726043269848056,0.395922343575744,0.848555448370353,TRUE,FALSE,TRUE,FALSE,"Microglia",30,105,16,89,FALSE,0.812711184386503
"PRKCD",-0.162275141326275,3.3861856723316,0.723170041201895,0.396441384987734,0.848699760650879,TRUE,FALSE,TRUE,TRUE,"Microglia",30,105,16,89,FALSE,0.812711184386503
"KDM6B",0.193777062083155,5.69646904117105,0.724601985379395,0.396647438113549,0.867095103857033,TRUE,FALSE,TRUE,FALSE,"Endocytes",30,99,16,83,FALSE,0.812711184386503
"POLA1",-0.0461909224510734,6.76746614971837,0.721726947005228,0.397399257735489,0.74289854376006,TRUE,FALSE,TRUE,FALSE,"Granule",30,109,16,93,FALSE,0.812830593483409
"PDE4B",-0.153710096514574,8.13401040395316,0.7198694607751,0.398308971809597,0.867989210763413,TRUE,FALSE,TRUE,FALSE,"Endocytes",30,99,16,83,FALSE,0.812884061081817
"ESR2",-0.179785589910539,5.22706181534635,0.714664547514025,0.399461115063753,0.843257027004957,TRUE,TRUE,TRUE,TRUE,"UBC",30,101,15,86,FALSE,0.812884061081817
"CTNNB1",0.0716685410579194,7.57162564087287,0.715170234682242,0.399506159712565,0.760527690174653,TRUE,FALSE,TRUE,FALSE,"Oligodendrocytes",30,106,16,90,FALSE,0.812884061081817
"HSP90AB1",-0.169696385676996,7.20018876144752,0.712509664204618,0.400549911503957,0.661745382533148,TRUE,FALSE,TRUE,FALSE,"Bergmann",30,108,16,92,FALSE,0.813542655842512
"MAP2K1",0.0570836160778147,5.61093944612718,0.707067672582515,0.402215045507985,0.745813595560923,TRUE,TRUE,TRUE,TRUE,"Granule",30,109,16,93,FALSE,0.813542655842512
"PRKCG",-0.141700464738199,1.53053747971509,0.706524973337652,0.402326722506609,0.745866135782386,TRUE,FALSE,TRUE,TRUE,"Granule",30,109,16,93,FALSE,0.813542655842512
"IGF1R",0.0582749248221276,8.736625954987,0.705803553788519,0.402606433778718,0.773743314031061,TRUE,FALSE,TRUE,FALSE,"Astrocytes",30,107,16,91,FALSE,0.813542655842512
"PRKCB",-0.0899767760447857,7.95793961671509,0.698003869791453,0.405266005788738,0.852353918547608,TRUE,FALSE,TRUE,TRUE,"Golgi",30,105,16,89,FALSE,0.817507330093634
"KDM6B",0.145124206091894,5.37692090584487,0.695262822368205,0.406218255994916,0.777241168449001,TRUE,FALSE,TRUE,FALSE,"Astrocytes",30,107,16,91,FALSE,0.817827692401003
"APP",-0.0776570254429078,8.67455905721087,0.692019338115608,0.407214258193277,0.877527067662156,TRUE,TRUE,TRUE,TRUE,"MLI_1",30,108,16,92,FALSE,0.817827692401003
"DYRK1A",-0.0539735445848492,8.06237889291014,0.690554066523137,0.407720647376992,0.778032204719709,TRUE,FALSE,TRUE,TRUE,"Astrocytes",30,107,16,91,FALSE,0.817827692401003
"PTK2",0.0435968561806,8.78640343354923,0.689091192516617,0.408216041002207,0.778431314877039,TRUE,FALSE,FALSE,FALSE,"Astrocytes",30,107,16,91,FALSE,0.817827692401003
"PPARD",-0.118095936521871,5.95862208277168,0.683777243578085,0.410048341373088,0.853524074028734,TRUE,FALSE,TRUE,FALSE,"Microglia",30,105,16,89,FALSE,0.820096682746177
"PKM",-0.114916864937101,6.31274104125656,0.676044403008468,0.412768483340532,0.878140475115282,TRUE,FALSE,TRUE,FALSE,"MLI_1",30,108,16,92,FALSE,0.823091803058638
"SIRT1",-0.115853216127306,5.50891023222215,0.672366077841383,0.413815582518085,0.855628765045678,TRUE,FALSE,FALSE,FALSE,"Golgi",30,105,16,89,FALSE,0.823091803058638
"FDFT1",0.159893859477189,5.29137761338847,0.670789670873871,0.414276938426938,0.846828984718909,TRUE,FALSE,TRUE,FALSE,"UBC",30,101,15,86,FALSE,0.823091803058638
"DOT1L",0.176252624358785,5.53983186478071,0.670889979956012,0.41456147044872,0.903678062012761,TRUE,FALSE,TRUE,FALSE,"MLI_2",30,98,15,83,FALSE,0.823091803058638
"GSK3B",-0.082750205621623,8.54115374211145,0.665682713879005,0.415930229991083,0.808495721837601,TRUE,FALSE,TRUE,FALSE,"Pericytes",30,91,16,75,FALSE,0.823091803058638
"IGF1R",0.0536447651247284,8.7697621600681,0.665506617976538,0.416363932599476,0.674468412848013,TRUE,FALSE,TRUE,FALSE,"Bergmann",30,108,16,92,FALSE,0.823091803058638
"CD22",-0.158062888610055,0.65070235514401,0.664763092722857,0.416461978851341,0.755471018776344,TRUE,FALSE,TRUE,FALSE,"Granule",30,109,16,93,FALSE,0.823091803058638
"SLCO2B1",-0.139755063906966,5.89701893233208,0.65852871019542,0.418942003873054,0.856095578282159,TRUE,FALSE,TRUE,FALSE,"Microglia",30,105,16,89,FALSE,0.826567839461428
"CA13",0.192324290314522,4.22423086342769,0.655773927694838,0.419631283685623,0.876188327190115,TRUE,FALSE,TRUE,FALSE,"Endocytes",30,99,16,83,FALSE,0.826567839461428
"ESRRA",-0.133022904287781,3.4154546735774,0.650642194666035,0.421338652625054,0.787360185126023,TRUE,FALSE,TRUE,FALSE,"Astrocytes",30,107,16,91,FALSE,0.827580542795753
"SIRT1",-0.128398668528648,5.50871381399892,0.650559576878607,0.421557665570874,0.905698714672983,TRUE,FALSE,FALSE,FALSE,"MLI_2",30,98,15,83,FALSE,0.827580542795753
"MMP2",0.199714002990038,-0.86111194479058,0.644663164905836,0.423289227377377,0.760916955498562,TRUE,FALSE,TRUE,FALSE,"Granule",30,109,16,93,FALSE,0.82959025833827
"SRD5A1",0.0965344687127124,5.45741243171983,0.639980671118892,0.425200703105936,0.880070709536102,TRUE,FALSE,TRUE,FALSE,"PLI",30,98,16,82,FALSE,0.831006950844685
"PRKCB",-0.102550161521239,7.58267525072838,0.640167803564354,0.42543017961332,0.881571923863415,TRUE,FALSE,TRUE,TRUE,"MLI_1",30,108,16,92,FALSE,0.831006950844685
"SRD5A1",0.0999842643900329,5.24098208006065,0.634115711273479,0.427460021210319,0.860283303601829,TRUE,FALSE,TRUE,FALSE,"Microglia",30,105,16,89,FALSE,0.832163595146591
"PDE4D",0.128373444158336,8.85216195852287,0.634492912044246,0.427689102678983,0.851210281978952,TRUE,FALSE,TRUE,FALSE,"UBC",30,101,15,86,FALSE,0.832163595146591
"IGF1R",0.0847710651412949,9.04517196810751,0.629884207263978,0.428722755726551,0.817707823674188,TRUE,FALSE,TRUE,FALSE,"Pericytes",30,91,16,75,FALSE,0.832163595146591
"PKM",-0.0940699002928892,6.15827302541822,0.630570684105384,0.428862467123329,0.764475765384053,TRUE,FALSE,TRUE,FALSE,"Granule",30,109,16,93,FALSE,0.832163595146591
"SRD5A1",0.140084025184391,5.18833519381561,0.620813689000537,0.432461649416315,0.879926612258988,TRUE,FALSE,TRUE,FALSE,"Endocytes",30,99,16,83,FALSE,0.836642913101001
"HTR2C",0.14532841197923,3.34326670619761,0.618883571911789,0.432810833252251,0.803333792559179,TRUE,FALSE,FALSE,FALSE,"OPC",30,106,16,90,FALSE,0.836642913101001
"BRAF",-0.0752596553126016,8.88316948953019,0.617091629819397,0.433439988043826,0.821972913788892,TRUE,FALSE,TRUE,FALSE,"Pericytes",30,91,16,75,FALSE,0.836642913101001
"PDE4B",-0.150121394585239,8.13557965387905,0.617386142905817,0.434026357649666,0.90725633323184,TRUE,FALSE,TRUE,FALSE,"MLI_2",30,98,15,83,FALSE,0.836642913101001
"ERCC5",0.0855849648259014,6.1321102322076,0.611257893879014,0.435904508260214,0.864187372931917,TRUE,FALSE,FALSE,FALSE,"Microglia",30,105,16,89,FALSE,0.83854855806695
"TRPV1",0.124168932867366,5.18460687989078,0.609381993263,0.436487472829161,0.861867898358651,TRUE,FALSE,TRUE,FALSE,"Golgi",30,105,16,89,FALSE,0.83854855806695
"TDP1",-0.087722307806563,5.15210608416722,0.607340736985785,0.437365065857677,0.80408324252937,TRUE,FALSE,TRUE,FALSE,"OPC",30,106,16,90,FALSE,0.83854855806695
"PTPN2",-0.054802732309943,6.44854033156402,0.606192210097761,0.437876892096394,0.692779649005483,TRUE,FALSE,TRUE,FALSE,"Bergmann",30,108,16,92,FALSE,0.83854855806695
"TET3",-0.0874281248741679,6.85288977099546,0.599944060712988,0.440174410047958,0.909515932519295,TRUE,FALSE,TRUE,FALSE,"MLI_2",30,98,15,83,FALSE,0.840941480806552
"PTPN11",-0.0665329995440709,6.24572703730648,0.598924348969043,0.440565401773077,0.886919270358887,TRUE,FALSE,TRUE,TRUE,"MLI_1",30,108,16,92,FALSE,0.840941480806552
"ESR2",-0.136632549425161,5.04446832225385,0.59306382093181,0.442902094278333,0.885804188556667,TRUE,TRUE,TRUE,TRUE,"Endocytes",30,99,16,83,FALSE,0.840941480806552
"DOT1L",0.139059047370759,5.57311181465318,0.592997079538946,0.442957422366203,0.86851679512261,TRUE,FALSE,TRUE,FALSE,"Microglia",30,105,16,89,FALSE,0.840941480806552
"PPARG",0.132550268993052,5.05478671020009,0.592752764989407,0.443035168864366,0.786645407788614,TRUE,TRUE,TRUE,TRUE,"Oligodendrocytes",30,106,16,90,FALSE,0.840941480806552
"HSP90AB1",-0.1368052767706,7.36806921703967,0.589517818776683,0.444360207432357,0.887599883567263,TRUE,FALSE,TRUE,FALSE,"MLI_1",30,108,16,92,FALSE,0.840941480806552
"LYPLA1",-0.0697764787371745,5.17259727205751,0.586919585730943,0.445164810724866,0.887639830894627,TRUE,FALSE,FALSE,FALSE,"MLI_1",30,108,16,92,FALSE,0.840941480806552
"ESR2",-0.103525718369838,5.19557355081864,0.585844288820535,0.445391372299268,0.888312517138834,TRUE,TRUE,TRUE,TRUE,"PLI",30,98,16,82,FALSE,0.840941480806552
"CA1",-0.184074440522603,1.01236327846714,0.585053437151895,0.445584180529751,0.697768532492019,TRUE,TRUE,TRUE,TRUE,"Bergmann",30,108,16,92,FALSE,0.840941480806552
"EIF4A1",0.121275444393018,4.33034882686622,0.582489915821439,0.446797893455333,0.869998935789277,TRUE,FALSE,TRUE,FALSE,"Microglia",30,105,16,89,FALSE,0.841876416607155
"KDM6B",0.171648613537604,5.48943173553226,0.578926109508302,0.448207498346161,0.859666924374991,TRUE,FALSE,TRUE,FALSE,"UBC",30,101,15,86,FALSE,0.842568178267373
"OPRM1",0.116571705129603,7.22356486583123,0.577806801831287,0.448930834050862,0.868037125276576,TRUE,FALSE,TRUE,TRUE,"Golgi",30,105,16,89,FALSE,0.842568178267373
"MAPK10",0.0752916951931332,9.24046741080884,0.575544703158922,0.449321767420741,0.82977276741279,TRUE,FALSE,TRUE,FALSE,"Pericytes",30,91,16,75,FALSE,0.842568178267373
"JUN",0.216207732084302,4.71956888412548,0.571663287842122,0.451303048622463,0.873494766608102,TRUE,FALSE,TRUE,TRUE,"Microglia",30,105,16,89,FALSE,0.84493158623886
"SNCA",0.0767489041547313,7.92740649760241,0.564574509697807,0.453971534898387,0.875206229788723,TRUE,TRUE,TRUE,TRUE,"Microglia",30,105,16,89,FALSE,0.84857199186748
"FDFT1",0.103112765636629,5.06404713726877,0.561642740022949,0.455092755470676,0.875871113480069,TRUE,FALSE,TRUE,FALSE,"Microglia",30,105,16,89,FALSE,0.849313231547185
"ENPP1",0.127423978399082,3.57243784026121,0.556263385757008,0.457146308966298,0.894470069348429,TRUE,FALSE,TRUE,FALSE,"MLI_1",30,108,16,92,FALSE,0.851001665574951
"CTNNB1",0.0580568778100816,7.49960227700968,0.555839350858696,0.457449700778344,0.894487148413512,TRUE,FALSE,TRUE,FALSE,"MLI_1",30,108,16,92,FALSE,0.851001665574951
"FDFT1",0.119338817343792,5.13152073023814,0.551805671891632,0.458970781841103,0.871869387925002,TRUE,FALSE,TRUE,FALSE,"Golgi",30,105,16,89,FALSE,0.851814083979415
"ESRRA",-0.121698523346244,3.13375944553089,0.550753528004809,0.459340017982074,0.796128690378798,TRUE,FALSE,TRUE,FALSE,"Oligodendrocytes",30,106,16,90,FALSE,0.851814083979415
"SLC16A1",0.116399642060281,3.83600578413941,0.542107857756509,0.462937759332547,0.819865142494904,TRUE,FALSE,FALSE,FALSE,"OPC",30,106,16,90,FALSE,0.856109285562971
"MCL1",-0.094064735842153,4.43034332306352,0.540489292853025,0.463687208852524,0.895598885822594,TRUE,TRUE,TRUE,TRUE,"MLI_1",30,108,16,92,FALSE,0.856109285562971
"NR3C1",0.0508627772018302,8.32492109503611,0.537816766328518,0.464813393368887,0.88018278476642,TRUE,FALSE,FALSE,FALSE,"Microglia",30,105,16,89,FALSE,0.856109285562971
"PTPN11",-0.0653850416326436,6.24518338314186,0.53728480961242,0.465036772359189,0.88018278476642,TRUE,FALSE,TRUE,TRUE,"Microglia",30,105,16,89,FALSE,0.856109285562971
"HSP90AB1",-0.135149112631025,7.13616603462433,0.534918370551534,0.466243003702127,0.82071886810076,TRUE,FALSE,TRUE,FALSE,"OPC",30,106,16,90,FALSE,0.856109285562971
"POLA1",-0.0578639665752534,6.94318368605037,0.533060710125068,0.466823319122642,0.800596476960012,TRUE,FALSE,TRUE,FALSE,"Oligodendrocytes",30,106,16,90,FALSE,0.856109285562971
"FDPS",0.120966861148999,4.3796689488504,0.526944476808257,0.469283396440166,0.881121712560341,TRUE,FALSE,TRUE,FALSE,"Microglia",30,105,16,89,FALSE,0.856109285562971
"IGF1R",-0.0595833620432511,8.70681843011689,0.527090223997346,0.469291879972701,0.916428541753286,TRUE,FALSE,TRUE,FALSE,"MLI_2",30,98,15,83,FALSE,0.856109285562971
"ENPP1",0.19876093285792,3.76573682243935,0.525840614704651,0.46960161987942,0.916428541753286,TRUE,FALSE,TRUE,FALSE,"MLI_2",30,98,15,83,FALSE,0.856109285562971
"ADORA1",0.112519073891695,5.4165745781363,0.52559740862151,0.469792521205101,0.899649596963602,TRUE,FALSE,TRUE,FALSE,"PLI",30,98,16,82,FALSE,0.856109285562971
"SOAT1",-0.101480886557892,3.83463595692179,0.524196818303836,0.470407486702613,0.823743138334309,TRUE,FALSE,TRUE,FALSE,"OPC",30,106,16,90,FALSE,0.856109285562971
"PDE4B",-0.0941810521121606,8.40371320370938,0.522855882410646,0.471298784700041,0.876909753706215,TRUE,FALSE,TRUE,FALSE,"Golgi",30,105,16,89,FALSE,0.856109285562971
"PRKCQ",0.129552322824302,0.877911514518906,0.520723736944096,0.47192136067509,0.79083938971466,TRUE,FALSE,TRUE,FALSE,"Granule",30,109,16,93,FALSE,0.856109285562971
"BACE1",0.0954600763472925,5.54195650272237,0.519335608048242,0.472552625454945,0.87930023839515,TRUE,FALSE,TRUE,FALSE,"Purkinje",30,105,16,89,FALSE,0.856109285562971
"MAOB",0.146908381776346,4.26404978509732,0.519051235160296,0.472613231876487,0.88157345271987,TRUE,TRUE,TRUE,TRUE,"Microglia",30,105,16,89,FALSE,0.856109285562971
"JUN",-0.193016532624604,4.67998681382614,0.516626105783002,0.473903359146051,0.804181913940919,TRUE,FALSE,TRUE,TRUE,"Oligodendrocytes",30,106,16,90,FALSE,0.856587323589096
"KDM6B",-0.106691876339098,5.55714765028637,0.514005062836551,0.474743743682949,0.90122406522417,TRUE,FALSE,TRUE,FALSE,"PLI",30,98,16,82,FALSE,0.856587323589096
"KDM6B",0.16975054596209,5.41051490591932,0.51381295764214,0.475069761376205,0.916797146839539,TRUE,FALSE,TRUE,FALSE,"MLI_2",30,98,15,83,FALSE,0.856587323589096
"EIF4A1",0.109526193033575,4.0505398554504,0.50532692493598,0.478649514718854,0.721668940127715,TRUE,FALSE,TRUE,FALSE,"Bergmann",30,108,16,92,FALSE,0.861716177036093
"SLC16A1",0.30492590663422,5.88401232447463,0.502787670619796,0.480052572381702,0.897328351395127,TRUE,FALSE,FALSE,FALSE,"Endocytes",30,99,16,83,FALSE,0.862556258625344
"NR1H2",0.181906177208878,4.47175193130254,0.499905627593371,0.480883689077488,0.918742060798067,TRUE,FALSE,TRUE,FALSE,"MLI_2",30,98,15,83,FALSE,0.862556258625344
"TDP1",-0.0972991653934096,5.34573995723893,0.498728349188371,0.481324055581037,0.90173147104518,TRUE,FALSE,TRUE,FALSE,"PLI",30,98,16,82,FALSE,0.862556258625344
"MAP2K1",0.0690686329627705,5.63791866438984,0.494021471858457,0.483542405171019,0.830769941352536,TRUE,TRUE,TRUE,TRUE,"OPC",30,106,16,90,FALSE,0.863223864230203
"SOAT1",0.144532940571091,4.17722486789551,0.493212952220105,0.483801684252925,0.88303453430139,TRUE,FALSE,TRUE,FALSE,"Purkinje",30,105,16,89,FALSE,0.863223864230203
"GSK3B",-0.0470943032146844,8.20894676777492,0.492399819342084,0.48419251850171,0.880899973504615,TRUE,FALSE,TRUE,FALSE,"Golgi",30,105,16,89,FALSE,0.863223864230203
"SIRT1",-0.0965178874259956,5.5629684182496,0.491803360444322,0.484642749712861,0.898253944785363,TRUE,FALSE,FALSE,FALSE,"Endocytes",30,99,16,83,FALSE,0.863223864230203
"TRPV1",0.135038606912271,5.25265068468209,0.488971987981955,0.485887845125741,0.898621737321899,TRUE,FALSE,TRUE,FALSE,"Endocytes",30,99,16,83,FALSE,0.864128307264596
"PPARG",0.110921267053277,5.13408532131335,0.485661049001659,0.487315064215874,0.90259589821614,TRUE,TRUE,TRUE,TRUE,"MLI_1",30,108,16,92,FALSE,0.865353417062127
"SGMS2",-0.0992234229003941,3.89423948035856,0.481316390081974,0.489157115493137,0.826668133943603,TRUE,FALSE,FALSE,FALSE,"Astrocytes",30,107,16,91,FALSE,0.866647926900206
"ACLY",0.125163766119679,4.79883803583508,0.479587799650223,0.489870575089525,0.88388152295029,TRUE,FALSE,FALSE,FALSE,"Golgi",30,105,16,89,FALSE,0.866647926900206
"MAOB",0.0977204006416642,4.34340877425152,0.479116190097554,0.490262436463171,0.729490421957708,TRUE,TRUE,TRUE,TRUE,"Bergmann",30,108,16,92,FALSE,0.866647926900206
"ALK",-0.109399407111735,3.583690282377,0.475032405169906,0.491965253412743,0.903332242007942,TRUE,FALSE,FALSE,FALSE,"MLI_1",30,108,16,92,FALSE,0.868348308734541
"HSP90AB1",0.123252198617872,7.34343400970029,0.465179536599266,0.496796064864268,0.88475850519533,TRUE,FALSE,TRUE,FALSE,"Golgi",30,105,16,89,FALSE,0.875166752513175
"CDC25A",0.114527167666557,-0.384359587996725,0.461629974719723,0.497958592641128,0.805098936626642,TRUE,FALSE,FALSE,FALSE,"Granule",30,109,16,93,FALSE,0.875166752513175
"CA13",-0.135345047966406,4.33471652806494,0.46095950448013,0.498357262197711,0.885258488749838,TRUE,FALSE,TRUE,FALSE,"Golgi",30,105,16,89,FALSE,0.875166752513175
"TOP2B",-0.0783832694715869,7.38172701437607,0.460477435386301,0.498861182993404,0.90177198986826,TRUE,FALSE,TRUE,FALSE,"Endocytes",30,99,16,83,FALSE,0.875166752513175
"PTK2",-0.0323117140233726,8.71521444361744,0.458856943209109,0.499561909071087,0.80595244601104,TRUE,FALSE,FALSE,FALSE,"Granule",30,109,16,93,FALSE,0.875166752513175
"ENPP1",-0.149892371948892,2.76715873264552,0.450526178324404,0.503114038578104,0.833235900783916,TRUE,FALSE,TRUE,FALSE,"Astrocytes",30,107,16,91,FALSE,0.879289365203121
"FABP7",-0.0709699098395403,3.33742439921161,0.450589383729489,0.503415668985746,0.807722506335499,TRUE,FALSE,TRUE,TRUE,"Granule",30,109,16,93,FALSE,0.879289365203121
"ESR1",0.123168948366623,3.07617825868186,0.447061484509064,0.504908773474869,0.821980172619585,TRUE,TRUE,TRUE,TRUE,"Oligodendrocytes",30,106,16,90,FALSE,0.880249643059857
"POLA1",-0.0568762437585019,6.90642928939032,0.44600047775054,0.505564250573771,0.889576310518964,TRUE,FALSE,TRUE,FALSE,"Microglia",30,105,16,89,FALSE,0.880249643059857
"MAOB",0.120695465018763,3.97885478745713,0.444527917677761,0.506218651384252,0.910205085583428,TRUE,TRUE,TRUE,TRUE,"MLI_1",30,108,16,92,FALSE,0.880249643059857
"LYPLA1",-0.0401815254447124,5.09362401035933,0.441651179979595,0.50769006047215,0.809548726372821,TRUE,FALSE,FALSE,FALSE,"Granule",30,109,16,93,FALSE,0.880510946302722
"EDNRA",-0.204874474299107,3.82075984325623,0.440669748752373,0.507871501451058,0.904449300861301,TRUE,FALSE,TRUE,FALSE,"Endocytes",30,99,16,83,FALSE,0.880510946302722
"GSK3B",-0.0451582744080126,8.32425980828046,0.437397426136638,0.509658634426844,0.911675997156482,TRUE,FALSE,TRUE,FALSE,"PLI",30,98,16,82,FALSE,0.882304164768481
"CA9",-0.0970641388325961,3.13911762755997,0.435053876134165,0.510851748077456,0.811605982822647,TRUE,TRUE,TRUE,TRUE,"Granule",30,109,16,93,FALSE,0.8824999072702
"JUN",-0.171157687091138,4.83030298061273,0.434435564596549,0.511277676652275,0.837259767630705,TRUE,FALSE,TRUE,TRUE,"Astrocytes",30,107,16,91,FALSE,0.8824999072702
"AKR1B1",-0.109354900603432,3.61439134520476,0.431351044950168,0.512513454653267,0.847644705740487,TRUE,FALSE,TRUE,TRUE,"OPC",30,106,16,90,FALSE,0.882577269306044
"PRKCE",-0.0439079243979509,9.35540694682033,0.428981075943725,0.513750839245513,0.911752760654504,TRUE,FALSE,TRUE,TRUE,"PLI",30,98,16,82,FALSE,0.882577269306044
"PTPN11",-0.120220562389839,6.76622638509133,0.425654872340597,0.515170113606789,0.860458763261985,TRUE,FALSE,TRUE,TRUE,"Pericytes",30,91,16,75,FALSE,0.882577269306044
"TACR2",0.0827088951221707,0.278015040890252,0.425170159477849,0.515504029874194,0.81419923166281,TRUE,FALSE,FALSE,FALSE,"Granule",30,109,16,93,FALSE,0.882577269306044
"FABP7",-0.123675940982369,3.32255657698385,0.424969497679056,0.515609968430096,0.838872551376363,TRUE,FALSE,TRUE,TRUE,"Astrocytes",30,107,16,91,FALSE,0.882577269306044
"SOAT1",-0.0710434488840197,3.69461971935391,0.424183694675965,0.516186418429076,0.747840282437547,TRUE,FALSE,TRUE,FALSE,"Bergmann",30,108,16,92,FALSE,0.882577269306044
"KDM1A",0.087205405771124,6.37419628948046,0.42310778526398,0.516593862409511,0.887447595869846,TRUE,FALSE,TRUE,FALSE,"UBC",30,101,15,86,FALSE,0.882577269306044
"CA13",-0.161208659773933,4.17396030008545,0.420428098646397,0.517901672518838,0.925726949186859,TRUE,FALSE,TRUE,FALSE,"MLI_2",30,98,15,83,FALSE,0.88352366840186
"SNCA",0.0596799054573434,7.89455584269059,0.416473503939384,0.520032747884065,0.815646618434684,TRUE,TRUE,TRUE,TRUE,"Granule",30,109,16,93,FALSE,0.88388024673196
"ALOX5",0.0954912643053152,5.95373462596142,0.416422825925453,0.520108701466911,0.828807202782935,TRUE,TRUE,TRUE,TRUE,"Oligodendrocytes",30,106,16,90,FALSE,0.88388024673196
"IGF1R",-0.0607490512517804,9.03243180012722,0.415881733250555,0.520373182802945,0.908056406867144,TRUE,FALSE,TRUE,FALSE,"Endocytes",30,99,16,83,FALSE,0.88388024673196
"KIF11",0.137712829071639,2.40945896722817,0.411356816504467,0.522301324914985,0.915775609695818,TRUE,FALSE,TRUE,FALSE,"MLI_1",30,108,16,92,FALSE,0.885055789271347
"IGF1R",0.0479944156633596,8.7045522527312,0.411261613544049,0.522575602539054,0.894765559458537,TRUE,FALSE,TRUE,FALSE,"Purkinje",30,105,16,89,FALSE,0.885055789271347
"MCL1",0.100591464962372,4.79868146899556,0.409430216387383,0.523541479868902,0.84208880369083,TRUE,TRUE,TRUE,TRUE,"Astrocytes",30,107,16,91,FALSE,0.885157667332544
"CA9",-0.122512266438684,3.27600469688494,0.407462041126566,0.524373555560205,0.84208880369083,TRUE,TRUE,TRUE,TRUE,"Astrocytes",30,107,16,91,FALSE,0.885157667332544
"ERCC5",0.0928048838890418,6.29443412163923,0.406548657978555,0.524901517744128,0.891337231917836,TRUE,FALSE,FALSE,FALSE,"UBC",30,101,15,86,FALSE,0.885157667332544
"ESRRA",-0.11018210122856,3.28511326381182,0.404326304346969,0.525992132983267,0.91665668592256,TRUE,FALSE,TRUE,FALSE,"MLI_1",30,108,16,92,FALSE,0.885722384851133
"MAP2K1",-0.0663276416451966,5.69526491942592,0.401033272340363,0.527736083100593,0.897242627543311,TRUE,TRUE,TRUE,TRUE,"Golgi",30,105,16,89,FALSE,0.886528441673188
"PTPN2",0.0395403471469685,6.52316829816897,0.392854056680692,0.532084644212526,0.822046078962336,TRUE,FALSE,TRUE,FALSE,"Granule",30,109,16,93,FALSE,0.886528441673188
"CTNNB1",0.0597950623154201,7.66030573195404,0.392011125224576,0.532393543093789,0.894510244867058,TRUE,FALSE,TRUE,FALSE,"UBC",30,101,15,86,FALSE,0.886528441673188
"BCHE",0.133881205745299,1.97330335665589,0.389267996372906,0.533793184155814,0.75981249199576,TRUE,FALSE,FALSE,FALSE,"Bergmann",30,108,16,92,FALSE,0.886528441673188
"FDPS",0.082857439416696,4.23778438866898,0.389200043594794,0.533913905734523,0.919674562419076,TRUE,FALSE,TRUE,FALSE,"MLI_1",30,108,16,92,FALSE,0.886528441673188
"FYN",-0.0500816711671346,8.11999930978743,0.38909052887799,0.533971200495947,0.91657196987533,TRUE,FALSE,TRUE,FALSE,"PLI",30,98,16,82,FALSE,0.886528441673188
"ADORA1",0.0790144808629606,5.48167609101856,0.388310673254498,0.534442410986322,0.847211892957435,TRUE,FALSE,TRUE,FALSE,"Astrocytes",30,107,16,91,FALSE,0.886528441673188
"FABP7",-0.104475097870871,3.28921539024521,0.387844658529582,0.534546392177788,0.836599107988909,TRUE,FALSE,TRUE,TRUE,"Oligodendrocytes",30,106,16,90,FALSE,0.886528441673188
"ESR2",0.0709683459471161,4.80124163498485,0.386970486949744,0.535122370195924,0.836911553792814,TRUE,TRUE,TRUE,TRUE,"Oligodendrocytes",30,106,16,90,FALSE,0.886528441673188
"TET1",0.0485073371791241,5.95838335584991,0.384911806669216,0.53625473478963,0.761832373854344,TRUE,FALSE,TRUE,TRUE,"Bergmann",30,108,16,92,FALSE,0.886528441673188
"ENPP1",0.123497165871909,2.65382911659721,0.382095474668037,0.537473706369661,0.838466397071732,TRUE,FALSE,TRUE,FALSE,"Oligodendrocytes",30,106,16,90,FALSE,0.886528441673188
"ACHE",-0.124929641043161,3.64203069126686,0.381953947349747,0.53768257936266,0.848913636934729,TRUE,TRUE,TRUE,TRUE,"Astrocytes",30,107,16,91,FALSE,0.886528441673188
"LYPLA2",-0.0843027088877809,1.18740746654311,0.380617162486316,0.538460783859056,0.824537088729937,TRUE,FALSE,FALSE,FALSE,"Granule",30,109,16,93,FALSE,0.886528441673188
"TET2",0.0709379968106235,5.69937076939024,0.378575221112308,0.539567077108476,0.90338037430632,TRUE,FALSE,TRUE,TRUE,"Microglia",30,105,16,89,FALSE,0.886528441673188
"PTPN11",-0.0669821351357136,6.36137180579962,0.378472085068234,0.53956827103151,0.902349292855685,TRUE,FALSE,TRUE,TRUE,"Golgi",30,105,16,89,FALSE,0.886528441673188
"FDFT1",-0.0906019562444021,5.22664222139222,0.378283614562502,0.539760973859832,0.860973572170123,TRUE,FALSE,TRUE,FALSE,"OPC",30,106,16,90,FALSE,0.886528441673188
"POLA1",-0.0640529042450787,7.00582485725988,0.377290771272456,0.54025864949016,0.93173522596304,TRUE,FALSE,TRUE,FALSE,"MLI_2",30,98,15,83,FALSE,0.886528441673188
"KIF11",0.0696687482082962,1.8078709041612,0.376589335589296,0.54064953410147,0.826000880451469,TRUE,FALSE,TRUE,FALSE,"Granule",30,109,16,93,FALSE,0.886528441673188
"LYPLA1",-0.0893241743559131,5.35651189900107,0.376376683563013,0.540842863307449,0.916486000537562,TRUE,FALSE,FALSE,FALSE,"Endocytes",30,99,16,83,FALSE,0.886528441673188
"ALOX12",0.0973004336708794,0.222036808760546,0.374554296244635,0.54161309242032,0.826620446466517,TRUE,FALSE,TRUE,FALSE,"Granule",30,109,16,93,FALSE,0.886551039548346
"DYRK1A",-0.0489691055438267,8.14173553204883,0.369525370381269,0.544420979246446,0.920176739109711,TRUE,FALSE,TRUE,TRUE,"PLI",30,98,16,82,FALSE,0.889904306383313
"NR3C1",0.0458613730121475,8.42357124583961,0.365793132597439,0.546427224566663,0.903413835909663,TRUE,FALSE,FALSE,FALSE,"Golgi",30,105,16,89,FALSE,0.891841614166979
"PDE4B",-0.094876974804489,8.64105892042312,0.363974585189867,0.547661054189933,0.864527602762524,TRUE,FALSE,TRUE,FALSE,"OPC",30,106,16,90,FALSE,0.891841614166979
"ERCC5",0.128693427368245,6.76460501002421,0.362128122425578,0.548278376033802,0.868335906890076,TRUE,FALSE,FALSE,FALSE,"Pericytes",30,91,16,75,FALSE,0.891841614166979
"MAOA",0.170225037050364,4.62521379265753,0.360786956193209,0.54927116764311,0.918347781457119,TRUE,FALSE,TRUE,FALSE,"Endocytes",30,99,16,83,FALSE,0.891841614166979
"BACE1",-0.0552877436878152,5.45369956149356,0.36047048591462,0.549410960263276,0.864990055584818,TRUE,FALSE,TRUE,FALSE,"OPC",30,106,16,90,FALSE,0.891841614166979
"ACLY",0.115713911835057,4.75870557903991,0.358518644898786,0.550459028222618,0.907332953488363,TRUE,FALSE,FALSE,FALSE,"Purkinje",30,105,16,89,FALSE,0.89230702776889
"SLC16A1",0.10783936123669,3.80023342362294,0.355989024856875,0.551850261187233,0.854182907146698,TRUE,FALSE,FALSE,FALSE,"Astrocytes",30,107,16,91,FALSE,0.893171538821949
"ERCC5",0.0598343910930648,6.09361236426596,0.354944607686446,0.552516523588663,0.854762599687374,TRUE,FALSE,FALSE,FALSE,"Astrocytes",30,107,16,91,FALSE,0.893171538821949
"PPARG",-0.0937124523745909,4.93319481219046,0.351111439969017,0.554708878729362,0.774533315246139,TRUE,TRUE,TRUE,TRUE,"Bergmann",30,108,16,92,FALSE,0.895480448857868
"SRD5A1",-0.0605368508828016,5.1118309367561,0.339340760163905,0.561366568683345,0.857250206607071,TRUE,FALSE,TRUE,FALSE,"Astrocytes",30,107,16,91,FALSE,0.903235879969288
"PTPN11",-0.0636986189844077,6.4845369711278,0.338332924028304,0.562016232472057,0.922696725822598,TRUE,FALSE,TRUE,TRUE,"Endocytes",30,99,16,83,FALSE,0.903235879969288
"SNCA",0.0625299888249795,7.72995406388847,0.337898930740532,0.562211987208856,0.926964544672798,TRUE,TRUE,TRUE,TRUE,"MLI_1",30,108,16,92,FALSE,0.903235879969288
"PDE4D",-0.0635650098466679,7.94950981503761,0.337008898091529,0.56276716619901,0.850438913687613,TRUE,FALSE,TRUE,FALSE,"Oligodendrocytes",30,106,16,90,FALSE,0.903235879969288
"STS",-0.0585109829782588,4.73306598732275,0.33591961224673,0.563366406363097,0.78021244259789,TRUE,FALSE,TRUE,FALSE,"Bergmann",30,108,16,92,FALSE,0.903235879969288
"PRKCH",0.123610304401254,2.58685317775628,0.33388735959343,0.564304009115489,0.927285268490089,TRUE,FALSE,TRUE,TRUE,"MLI_1",30,108,16,92,FALSE,0.903503140277805
"PKM",-0.0724577263521307,6.13526198960457,0.330850353316984,0.566331867126069,0.850884203098849,TRUE,FALSE,TRUE,FALSE,"Oligodendrocytes",30,106,16,90,FALSE,0.90517499299368
"FYN",0.0433159981800158,8.10267627962404,0.329175092865116,0.567199367258923,0.909286988541579,TRUE,FALSE,TRUE,FALSE,"Golgi",30,105,16,89,FALSE,0.90517499299368
"MAP2K1",0.0537234977743773,5.59543915758798,0.32848100134766,0.567665204650473,0.928752216849329,TRUE,TRUE,TRUE,TRUE,"MLI_1",30,108,16,92,FALSE,0.90517499299368
"SRD5A1",0.0569098595349562,5.31902966690124,0.326054921788033,0.569095184349899,0.928752216849329,TRUE,FALSE,TRUE,FALSE,"MLI_1",30,108,16,92,FALSE,0.905947896340104
"ALOX5",0.119818376970446,5.98970138596846,0.323115971073397,0.570988083781268,0.926678913647406,TRUE,TRUE,TRUE,TRUE,"Endocytes",30,99,16,83,FALSE,0.905947896340104
"ALOX5",-0.111258589076523,5.97661450562372,0.322057421369747,0.571566743549829,0.93586176848102,TRUE,TRUE,TRUE,TRUE,"MLI_2",30,98,15,83,FALSE,0.905947896340104
"EGFR",0.14119832087737,6.13749314770438,0.319565483508362,0.573203855387943,0.926678913647406,TRUE,FALSE,FALSE,FALSE,"Endocytes",30,99,16,83,FALSE,0.905947896340104
"DYRK1A",-0.0464596025114898,8.12677551784722,0.317501070758347,0.574198702929728,0.936178348491984,TRUE,FALSE,TRUE,TRUE,"MLI_2",30,98,15,83,FALSE,0.905947896340104
"SIGMAR1",0.125412456902711,2.55428840126604,0.314565285777448,0.575794372891346,0.854199436955432,TRUE,FALSE,TRUE,FALSE,"Oligodendrocytes",30,106,16,90,FALSE,0.905947896340104
"PPARG",0.0886708531591905,5.03560959848273,0.314586246455851,0.576034747013323,0.843988092361106,TRUE,TRUE,TRUE,TRUE,"Granule",30,109,16,93,FALSE,0.905947896340104
"CA3",-0.0739565196814444,4.53063455802979,0.313899006887345,0.576360284035321,0.929627572255202,TRUE,FALSE,TRUE,FALSE,"MLI_1",30,108,16,92,FALSE,0.905947896340104
"STS",-0.075649852374208,5.69095378415505,0.313441925033994,0.576512003824966,0.926777587998798,TRUE,FALSE,TRUE,FALSE,"PLI",30,98,16,82,FALSE,0.905947896340104
"SLCO2B1",-0.149554396789338,1.95749970780031,0.312182966477051,0.577354593343921,0.788808823906808,TRUE,FALSE,TRUE,FALSE,"Bergmann",30,108,16,92,FALSE,0.905947896340104
"SNCA",-0.0580955833642403,7.75870071192045,0.311613241958838,0.577751818115479,0.913300275311287,TRUE,TRUE,TRUE,TRUE,"Purkinje",30,105,16,89,FALSE,0.905947896340104
"ACLY",0.0585625599682767,4.45098038838443,0.31104336655928,0.578143923511129,0.845060188975139,TRUE,FALSE,FALSE,FALSE,"Granule",30,109,16,93,FALSE,0.905947896340104
"TET3",-0.0376274852891369,6.88321493890609,0.310185897967001,0.57868288286696,0.84506876004878,TRUE,FALSE,TRUE,FALSE,"Granule",30,109,16,93,FALSE,0.905947896340104
"DUSP3",-0.081140408068065,4.07930626350762,0.307929727840329,0.579993926607493,0.855986250830658,TRUE,FALSE,FALSE,FALSE,"Oligodendrocytes",30,106,16,90,FALSE,0.905947896340104
"HDAC1",0.0834260830733893,0.823174886841871,0.306406633876587,0.580906191623124,0.846730302932878,TRUE,FALSE,TRUE,FALSE,"Granule",30,109,16,93,FALSE,0.905947896340104
"IGF1R",-0.0421632719698041,8.77493962340895,0.305760452418017,0.58137692937042,0.85705548409075,TRUE,FALSE,TRUE,FALSE,"Oligodendrocytes",30,106,16,90,FALSE,0.905947896340104
"ALOX5",0.0864176600712326,5.80412230116525,0.305208817166448,0.581767879390317,0.930425521323918,TRUE,TRUE,TRUE,TRUE,"MLI_1",30,108,16,92,FALSE,0.905947896340104
"SOAT1",-0.0454758990703108,3.58558219332919,0.304650186180457,0.582063793467661,0.847323450394238,TRUE,FALSE,TRUE,FALSE,"Granule",30,109,16,93,FALSE,0.905947896340104
"SGMS1",-0.0679651221269867,7.89153621336413,0.299403741689036,0.585119975018628,0.877526046062298,TRUE,FALSE,FALSE,FALSE,"Pericytes",30,91,16,75,FALSE,0.908102899725712
"DAB2IP",-0.0618596581787439,8.51564690887258,0.299737471832056,0.585146394440283,0.939609539476318,TRUE,FALSE,FALSE,FALSE,"MLI_2",30,98,15,83,FALSE,0.908102899725712
"CA13",0.117384398395024,4.08346576925945,0.295835451703471,0.587453636764651,0.917344422483695,TRUE,FALSE,TRUE,FALSE,"Purkinje",30,105,16,89,FALSE,0.908102899725712
"OPRM1",0.0874134512924574,7.18855977146637,0.295551481440371,0.587829943666811,0.850294640995829,TRUE,FALSE,TRUE,TRUE,"Granule",30,109,16,93,FALSE,0.908102899725712
"CTNNB1",0.0582506678944473,7.582087114944,0.295119826850574,0.587998921517113,0.939950129700703,TRUE,FALSE,TRUE,FALSE,"MLI_2",30,98,15,83,FALSE,0.908102899725712
"LYPLA2",0.129582399996718,1.33645621075169,0.294735060136172,0.58809735570974,0.795868563139808,TRUE,FALSE,FALSE,FALSE,"Bergmann",30,108,16,92,FALSE,0.908102899725712
"CA3",0.0687944861341785,4.5117821905313,0.293186260811148,0.58921503498681,0.861542848708456,TRUE,FALSE,TRUE,FALSE,"Oligodendrocytes",30,106,16,90,FALSE,0.908631606584923
"SGMS1",-0.0313382952183758,7.30744242880941,0.291224399232933,0.590513496158711,0.851125202801658,TRUE,FALSE,FALSE,FALSE,"Granule",30,109,16,93,FALSE,0.909320505012165
"FABP7",0.0953013471805846,3.40429886986281,0.28812033989734,0.592381307789531,0.931784577890946,TRUE,FALSE,TRUE,TRUE,"MLI_1",30,108,16,92,FALSE,0.909320505012165
"ESR2",-0.0720663023085984,5.1546614271215,0.287619348749735,0.592709936827586,0.916147492779456,TRUE,TRUE,TRUE,TRUE,"Golgi",30,105,16,89,FALSE,0.909320505012165
"ESRRA",-0.0655042503831576,2.89193397413579,0.286462023576694,0.593541682028122,0.852504179696027,TRUE,FALSE,TRUE,FALSE,"Granule",30,109,16,93,FALSE,0.909320505012165
"CNR1",-0.0928596593746018,6.17413489429929,0.285041967258951,0.594528452105321,0.941889251569582,TRUE,TRUE,TRUE,TRUE,"MLI_2",30,98,15,83,FALSE,0.909320505012165
"ALOX5",-0.0879494501335503,5.90044826642561,0.284559224140514,0.594735238552637,0.920299332214448,TRUE,TRUE,TRUE,TRUE,"Purkinje",30,105,16,89,FALSE,0.909320505012165
"DUSP3",-0.0696868558382641,3.94860627876718,0.284059672476162,0.595092856095845,0.853279637387276,TRUE,FALSE,FALSE,FALSE,"Granule",30,109,16,93,FALSE,0.909320505012165
"BRAF",-0.0367284914048733,8.44007876553263,0.280563575288681,0.597366526770676,0.873266849261732,TRUE,FALSE,TRUE,FALSE,"Astrocytes",30,107,16,91,FALSE,0.911026328615898
"PPARA",0.113273647251351,4.36130574189088,0.279484098203765,0.597987041994453,0.921062141453254,TRUE,FALSE,TRUE,TRUE,"Purkinje",30,105,16,89,FALSE,0.911026328615898
"FYN",-0.0361875605136244,8.13957085056486,0.27871000912451,0.598541188595769,0.921123806550679,TRUE,FALSE,TRUE,FALSE,"Purkinje",30,105,16,89,FALSE,0.911026328615898
"FDFT1",0.0720705201212423,5.42713621445757,0.275435402227714,0.600752706714316,0.866641910029085,TRUE,FALSE,TRUE,FALSE,"Oligodendrocytes",30,106,16,90,FALSE,0.913206449116962
"MAOB",0.0855010407172623,4.15631409239252,0.273007652854786,0.60229177580673,0.867754487859173,TRUE,TRUE,TRUE,TRUE,"Oligodendrocytes",30,106,16,90,FALSE,0.914360053426798
"TOP2B",-0.0445227671011047,7.32755208197413,0.27075375390406,0.603818485752204,0.93266390844359,TRUE,FALSE,TRUE,FALSE,"MLI_1",30,108,16,92,FALSE,0.915491934413432
"KAT2B",0.0665979882781724,6.93362359142209,0.267527229803656,0.605917360463366,0.91217006935476,TRUE,FALSE,FALSE,FALSE,"UBC",30,101,15,86,FALSE,0.915574559793907
"FEN1",-0.069749574963246,0.838920691901632,0.266968922781604,0.606305995272311,0.85862610235371,TRUE,FALSE,TRUE,FALSE,"Granule",30,109,16,93,FALSE,0.915574559793907
"OPRD1",-0.0945090264843764,-0.437772361681421,0.265792536649522,0.606955307194626,0.859047775842107,TRUE,FALSE,TRUE,FALSE,"Granule",30,109,16,93,FALSE,0.915574559793907
"F2",0.138375190414707,1.05275616867583,0.265733408322809,0.606997809692718,0.807372407689871,TRUE,FALSE,TRUE,FALSE,"Bergmann",30,108,16,92,FALSE,0.915574559793907
"TDP1",0.0888288365005392,5.56498264548474,0.2632442515195,0.608795924084418,0.913593533341561,TRUE,FALSE,TRUE,FALSE,"UBC",30,101,15,86,FALSE,0.916169339084089
"EPHX2",-0.0465546743770359,4.47105165742459,0.263165869336944,0.608955558998725,0.859698196394713,TRUE,FALSE,TRUE,FALSE,"Granule",30,109,16,93,FALSE,0.916169339084089
"OPRM1",-0.102384108362059,7.14693902791668,0.261004471534254,0.610634120467915,0.945594483833961,TRUE,FALSE,TRUE,TRUE,"MLI_2",30,98,15,83,FALSE,0.916553300904811
"SRD5A1",-0.0510692001239088,5.1637803821208,0.259798566278482,0.611218522079837,0.884562901294217,TRUE,FALSE,TRUE,FALSE,"OPC",30,106,16,90,FALSE,0.916553300904811
"APP",0.0561620728413989,8.85845795002756,0.259060611612291,0.61155689531362,0.889263167370247,TRUE,TRUE,TRUE,TRUE,"Pericytes",30,91,16,75,FALSE,0.916553300904811
"SYNJ2",0.136685723574152,3.30783462802232,0.256379701324238,0.613400071396183,0.917014515471986,TRUE,FALSE,TRUE,FALSE,"Microglia",30,105,16,89,FALSE,0.918141613890583
"ESR1",0.110639975427461,3.33892742601182,0.253390279708185,0.615544103309534,0.879783322993363,TRUE,TRUE,TRUE,TRUE,"Astrocytes",30,107,16,91,FALSE,0.919047604656751
"TRPV1",-0.0928946118507011,4.93936202101278,0.253463081018363,0.615573694245349,0.925914165770701,TRUE,FALSE,TRUE,FALSE,"Purkinje",30,105,16,89,FALSE,0.919047604656751
"HIF1A",-0.0643192886439983,6.47273261626181,0.247031971359674,0.620113400034133,0.948270604782077,TRUE,FALSE,TRUE,FALSE,"MLI_2",30,98,15,83,FALSE,0.921988014836784
"HTR2C",-0.14309565416604,1.08618078995617,0.246733725226199,0.620152133508501,0.814562389439676,TRUE,FALSE,FALSE,FALSE,"Bergmann",30,108,16,92,FALSE,0.921988014836784
"TRPV1",0.0726903180036979,5.34220010680703,0.245806009874677,0.620880786549895,0.93803468209427,TRUE,FALSE,TRUE,FALSE,"PLI",30,98,16,82,FALSE,0.921988014836784
"PTPN2",0.0503248997149786,6.78683621629207,0.245777238207272,0.620979922183233,0.93803468209427,TRUE,FALSE,TRUE,FALSE,"PLI",30,98,16,82,FALSE,0.921988014836784
"SRC",-0.0591837395849383,3.11045258539257,0.245133942720519,0.621476562901928,0.865622749904062,TRUE,FALSE,TRUE,FALSE,"Granule",30,109,16,93,FALSE,0.921988014836784
"CA13",-0.0648464335409769,3.96160535122532,0.242173441883007,0.623532906887403,0.938571926322467,TRUE,FALSE,TRUE,FALSE,"MLI_1",30,108,16,92,FALSE,0.923869237512057
"HDAC6",0.0545355943522403,5.75267645794485,0.239848015296103,0.625238423240904,0.918362178232507,TRUE,FALSE,FALSE,FALSE,"Microglia",30,105,16,89,FALSE,0.925091678856941
"PRKCB",-0.0724453404604454,7.41453854316979,0.239021442658297,0.625936605233408,0.884334768775733,TRUE,FALSE,TRUE,TRUE,"Astrocytes",30,107,16,91,FALSE,0.925091678856941
"NR3C1",-0.0381952245244028,8.39757861361846,0.235085056330987,0.628691086979798,0.949725411625184,TRUE,FALSE,FALSE,FALSE,"MLI_2",30,98,15,83,FALSE,0.927992385315269
"FYN",0.0300496678336159,8.28349188155167,0.233481012260077,0.629863091903069,0.891111495406333,TRUE,FALSE,TRUE,FALSE,"OPC",30,106,16,90,FALSE,0.92855288517031
"CA3",0.0615729635717972,4.6631500093847,0.230426238715729,0.632089520032179,0.891825806009995,TRUE,FALSE,TRUE,FALSE,"OPC",30,106,16,90,FALSE,0.930664469193107
"PRKCE",-0.0383627224022134,9.50979596054211,0.222948489251113,0.637527291308961,0.897631923547211,TRUE,FALSE,TRUE,TRUE,"Pericytes",30,91,16,75,FALSE,0.936478604668514
"MGLL",0.0427008056897976,7.41477639706467,0.2216584715931,0.638642833318355,0.940947617119852,TRUE,FALSE,TRUE,FALSE,"PLI",30,98,16,82,FALSE,0.936478604668514
"TET3",0.0789060934495142,7.20497180549721,0.220304677870918,0.639529327543382,0.898541417366932,TRUE,FALSE,TRUE,FALSE,"Pericytes",30,91,16,75,FALSE,0.936478604668514
"DUSP3",0.0995240953888815,4.54111209173219,0.220086741624089,0.639860099468316,0.944889209791373,TRUE,FALSE,FALSE,FALSE,"Endocytes",30,99,16,83,FALSE,0.936478604668514
"CA3",-0.044990048515213,4.5250137807863,0.219880986184717,0.640033585613891,0.874360397988029,TRUE,FALSE,TRUE,FALSE,"Granule",30,109,16,93,FALSE,0.936478604668514
"EIF4A1",0.108970665614568,4.14673893724105,0.217194895611858,0.641963600885141,0.930302150372683,TRUE,FALSE,TRUE,FALSE,"Purkinje",30,105,16,89,FALSE,0.936781649883301
"MGLL",0.0312859489820815,7.42374724427543,0.2173540891848,0.64197325686217,0.875575929585007,TRUE,FALSE,TRUE,FALSE,"Granule",30,109,16,93,FALSE,0.936781649883301
"EPHX2",-0.057093367415219,4.62289837536424,0.215809111650286,0.643099682951332,0.896566885014989,TRUE,FALSE,TRUE,FALSE,"OPC",30,106,16,90,FALSE,0.936781649883301
"PTPN2",0.0353134728392516,6.47298784813008,0.215421889424308,0.643437907982984,0.888384554939901,TRUE,FALSE,TRUE,FALSE,"Oligodendrocytes",30,106,16,90,FALSE,0.936781649883301
"LYPLA1",-0.0858308545679299,5.44132296662483,0.214047049567948,0.644406696679056,0.921463954508958,TRUE,FALSE,FALSE,FALSE,"UBC",30,101,15,86,FALSE,0.936886377178723
"PTPN2",-0.0746984200170733,7.12673464718066,0.211931650004721,0.645964003747264,0.901465351480491,TRUE,FALSE,TRUE,FALSE,"Pericytes",30,91,16,75,FALSE,0.936886377178723
"PPARD",-0.0446806155328305,5.5654019539147,0.210595247616441,0.647156881176433,0.898704512863463,TRUE,FALSE,TRUE,FALSE,"OPC",30,106,16,90,FALSE,0.936886377178723
"KDM6B",0.0717814335739961,5.35021685488462,0.208607016972781,0.648779947550496,0.87966666311149,TRUE,FALSE,TRUE,FALSE,"Granule",30,109,16,93,FALSE,0.936886377178723
"FABP3",0.0587543747050678,2.17234575257558,0.206942541442424,0.650044305352865,0.879937878147487,TRUE,FALSE,TRUE,TRUE,"Granule",30,109,16,93,FALSE,0.936886377178723
"DRD3",-0.0924527518626946,-0.807712281869361,0.206230636581565,0.650384426852351,0.880039160474238,TRUE,FALSE,TRUE,FALSE,"Granule",30,109,16,93,FALSE,0.936886377178723
"ADCY10",0.121487703540561,4.27935216779169,0.204569962535001,0.651915954195778,0.923356085042835,TRUE,FALSE,FALSE,FALSE,"Microglia",30,105,16,89,FALSE,0.936886377178723
"CD22",-0.117178673445463,1.56691796078662,0.202878763637339,0.653165630541833,0.831505388800911,TRUE,FALSE,TRUE,FALSE,"Bergmann",30,108,16,92,FALSE,0.936886377178723
"ACLY",-0.0569392816594593,4.65715776057953,0.201593797386354,0.654254016486647,0.9010501923261,TRUE,FALSE,FALSE,FALSE,"OPC",30,106,16,90,FALSE,0.936886377178723
"KAT2B",0.0336845494935009,6.67778103389795,0.201083929553238,0.65471794592121,0.881354587946786,TRUE,FALSE,FALSE,FALSE,"Granule",30,109,16,93,FALSE,0.936886377178723
"MAPK10",0.0341251541922543,8.91748381075068,0.200618736874321,0.655055086403021,0.901299447702117,TRUE,FALSE,TRUE,FALSE,"OPC",30,106,16,90,FALSE,0.936886377178723
"EPHX2",-0.0714816995957098,4.74860787851884,0.199487630073319,0.655892225710156,0.934217434760601,TRUE,FALSE,TRUE,FALSE,"Golgi",30,105,16,89,FALSE,0.936886377178723
"PRKCE",-0.0320953552489982,9.29828906811219,0.199458766249151,0.655988834909205,0.954612708855542,TRUE,FALSE,TRUE,TRUE,"MLI_2",30,98,15,83,FALSE,0.936886377178723
"SGMS1",0.0336929754446822,7.40634408358412,0.198253554584507,0.656961773612494,0.924322551972872,TRUE,FALSE,FALSE,FALSE,"Microglia",30,105,16,89,FALSE,0.936886377178723
"PRKCB",0.0644280719530154,7.99211450280244,0.196762130410179,0.65803797137014,0.904597427032893,TRUE,FALSE,TRUE,TRUE,"Pericytes",30,91,16,75,FALSE,0.936886377178723
"HSP90AB1",-0.0978478925257412,7.32440404664646,0.194838115913909,0.659947856209661,0.954612708855542,TRUE,FALSE,TRUE,FALSE,"MLI_2",30,98,15,83,FALSE,0.936886377178723
"APP",0.040052011606457,8.66468216970655,0.194532133748997,0.659979450988747,0.937439316196186,TRUE,TRUE,TRUE,TRUE,"Purkinje",30,105,16,89,FALSE,0.936886377178723
"CPB2",0.0749758920502114,0.38663309147408,0.192853939677826,0.661293647647635,0.884720780468577,TRUE,FALSE,FALSE,FALSE,"Granule",30,109,16,93,FALSE,0.936886377178723
"BRAF",-0.0318197661470533,8.51049095476493,0.190877152376368,0.662987404400932,0.937805543830141,TRUE,FALSE,TRUE,FALSE,"Purkinje",30,105,16,89,FALSE,0.936886377178723
"MGLL",0.0342122254383769,7.47522812940896,0.190602475550616,0.663224909608053,0.925427275329322,TRUE,FALSE,TRUE,FALSE,"Microglia",30,105,16,89,FALSE,0.936886377178723
"PRKCG",-0.128229883173314,4.56949989246745,0.19017467619183,0.663674512437261,0.954612708855542,TRUE,FALSE,TRUE,TRUE,"MLI_2",30,98,15,83,FALSE,0.936886377178723
"HSD17B3",0.0854158924330294,3.3601262588129,0.189816228705562,0.663773331604209,0.896100672231836,TRUE,FALSE,TRUE,FALSE,"Oligodendrocytes",30,106,16,90,FALSE,0.936886377178723
"HSP90AB1",-0.0826294462590477,7.1407883012767,0.189566400724343,0.664192219739436,0.895680189971185,TRUE,FALSE,TRUE,FALSE,"Astrocytes",30,107,16,91,FALSE,0.936886377178723
"STS",0.0474289715186864,4.73833687997242,0.189278801587163,0.664334983236714,0.895680189971185,TRUE,FALSE,TRUE,FALSE,"Astrocytes",30,107,16,91,FALSE,0.936886377178723
"SIRT1",-0.0641993075440952,5.45055315863471,0.18875380333973,0.664749812953505,0.937933277974684,TRUE,FALSE,FALSE,FALSE,"Purkinje",30,105,16,89,FALSE,0.936886377178723
"ENPP1",0.0937395981851041,3.33884718174351,0.188448171582121,0.664831555135151,0.92611076706517,TRUE,FALSE,TRUE,FALSE,"Microglia",30,105,16,89,FALSE,0.936886377178723
"PRKCD",0.0963637425281958,1.43150939387978,0.188231060187794,0.665093400864077,0.83813359237347,TRUE,FALSE,TRUE,TRUE,"Bergmann",30,108,16,92,FALSE,0.936886377178723
"EPHX2",0.044333045215473,4.6101549970097,0.186713837033408,0.666502137814683,0.83882834993542,TRUE,FALSE,TRUE,FALSE,"Bergmann",30,108,16,92,FALSE,0.937407504785912
"SGMS2",-0.0632176986332436,3.89056463431788,0.185937861195697,0.667063019617279,0.906007704053051,TRUE,FALSE,FALSE,FALSE,"OPC",30,106,16,90,FALSE,0.937407504785912
"HSP90AB1",-0.0799909385808173,7.18413524482915,0.183342092962433,0.669428574786885,0.898820139648055,TRUE,FALSE,TRUE,FALSE,"Oligodendrocytes",30,106,16,90,FALSE,0.939605137305664
"CA4",0.120154310542945,6.24227468058855,0.179837410557322,0.672463068629924,0.927869497313466,TRUE,FALSE,TRUE,FALSE,"UBC",30,101,15,86,FALSE,0.942735306739559
"DUSP3",-0.113369425344832,4.17966652396712,0.17658261230685,0.675045230482416,0.955918527355078,TRUE,FALSE,FALSE,FALSE,"MLI_2",30,98,15,83,FALSE,0.94511957193383
"DRD2",0.0724503401861308,0.294035960778074,0.175207959514429,0.676221109608507,0.89082647017507,TRUE,FALSE,TRUE,FALSE,"Granule",30,109,16,93,FALSE,0.94511957193383
"ACHE",-0.131225218565725,3.95782844860221,0.174778690663128,0.676583038270037,0.956077827497367,TRUE,TRUE,TRUE,TRUE,"MLI_2",30,98,15,83,FALSE,0.94511957193383
"ESRRA",0.0748836125954763,3.32223032958946,0.172419155393228,0.678646270790682,0.910183616700419,TRUE,FALSE,TRUE,FALSE,"OPC",30,106,16,90,FALSE,0.9467004335744
"DOT1L",-0.0834531291602851,5.66201079741681,0.17169505897452,0.679330259928388,0.929216820833204,TRUE,FALSE,TRUE,FALSE,"UBC",30,101,15,86,FALSE,0.9467004335744
"CA5A",-0.0930224492966014,-0.412903638593337,0.170216579140144,0.680512495328091,0.892544909036958,TRUE,FALSE,TRUE,FALSE,"Granule",30,109,16,93,FALSE,0.94722166808138
"PDE4D",-0.0475096824953701,7.88562819884252,0.165026308060938,0.685376547479527,0.932731625179148,TRUE,FALSE,TRUE,FALSE,"Microglia",30,105,16,89,FALSE,0.952538365418891
"CNR1",0.0519683936932172,5.90303419193142,0.164308039416263,0.685957662468895,0.941422672879234,TRUE,TRUE,TRUE,TRUE,"Purkinje",30,105,16,89,FALSE,0.952538365418891
"FDPS",-0.0504597336826019,4.46403565088351,0.161481340959273,0.6885301796222,0.908201225555909,TRUE,FALSE,TRUE,FALSE,"Oligodendrocytes",30,106,16,90,FALSE,0.953676633965356
"SRD5A1",-0.071196013318265,5.3189922156868,0.160738582252003,0.689211639999455,0.957645959036688,TRUE,FALSE,TRUE,FALSE,"MLI_2",30,98,15,83,FALSE,0.953676633965356
"MAPK10",-0.0304086626420296,8.77353819267493,0.160767227518443,0.689218523010799,0.895918532208124,TRUE,FALSE,TRUE,FALSE,"Granule",30,109,16,93,FALSE,0.953676633965356
"CA9",-0.0833585990537923,3.21741353797967,0.156244652429663,0.693277435605343,0.915028567598182,TRUE,TRUE,TRUE,TRUE,"OPC",30,106,16,90,FALSE,0.956712275214542
"CA13",0.0577140555906395,4.10203401101484,0.155381813399232,0.694152479991856,0.905865534755945,TRUE,FALSE,TRUE,FALSE,"Astrocytes",30,107,16,91,FALSE,0.956712275214542
"EIF4A1",-0.0700196093275294,4.07519907873264,0.153923558338076,0.695516933178284,0.906287676280998,TRUE,FALSE,TRUE,FALSE,"Astrocytes",30,107,16,91,FALSE,0.956712275214542
"AKR1B1",0.0626257511851299,3.56130240201339,0.152578963935413,0.696755221982381,0.952928246936793,TRUE,FALSE,TRUE,TRUE,"MLI_1",30,108,16,92,FALSE,0.956712275214542
"TOP2B",-0.0387673658418263,7.41702091476508,0.151376283384096,0.697926483936341,0.944270895852923,TRUE,FALSE,TRUE,FALSE,"Purkinje",30,105,16,89,FALSE,0.956712275214542
"AKR1B1",-0.0714230768510853,3.81093349124738,0.149740734574655,0.699414764480301,0.937044981869723,TRUE,FALSE,TRUE,TRUE,"Microglia",30,105,16,89,FALSE,0.956712275214542
"FYN",0.0255044272710584,8.06249015255901,0.149126683776648,0.700078619881658,0.954188897263986,TRUE,FALSE,TRUE,FALSE,"MLI_1",30,108,16,92,FALSE,0.956712275214542
"SGMS1",-0.0239801218039434,7.42075619120587,0.148176562427367,0.700989020887505,0.954723966185536,TRUE,FALSE,FALSE,FALSE,"MLI_1",30,108,16,92,FALSE,0.956712275214542
"ESR1",0.0712598879883834,3.92427033753258,0.148078937700674,0.70100094570203,0.937105166950878,TRUE,TRUE,TRUE,TRUE,"Microglia",30,105,16,89,FALSE,0.956712275214542
"NR1H2",0.0706413892326105,4.5296993329362,0.14683105124776,0.702211429304435,0.950468166307724,TRUE,FALSE,TRUE,FALSE,"Golgi",30,105,16,89,FALSE,0.956712275214542
"CA2",0.101821099867804,4.1809558352927,0.146241140316943,0.702763947547275,0.961787003390146,TRUE,TRUE,TRUE,TRUE,"Endocytes",30,99,16,83,FALSE,0.956712275214542
"TRPV1",0.0859411119457976,5.28729437158704,0.146219161434791,0.702805436110478,0.935346338219611,TRUE,FALSE,TRUE,FALSE,"UBC",30,101,15,86,FALSE,0.956712275214542
"FYN",0.0257798804915385,8.11174828667864,0.146222432957659,0.702884337488995,0.914591289953292,TRUE,FALSE,TRUE,FALSE,"Oligodendrocytes",30,106,16,90,FALSE,0.956712275214542
"CNR1",0.0694291259220243,6.05806666150811,0.144722607371263,0.704282623996321,0.935358370421081,TRUE,TRUE,TRUE,TRUE,"UBC",30,101,15,86,FALSE,0.956712275214542
"ACLY",0.0849523889146291,4.95297960080322,0.144662058094241,0.704289645042906,0.935358370421081,TRUE,FALSE,FALSE,FALSE,"UBC",30,101,15,86,FALSE,0.956712275214542
"TTR",-0.157848326055846,-0.909782085987518,0.144374284948359,0.704473287977944,0.903041310765163,TRUE,FALSE,TRUE,FALSE,"Granule",30,109,16,93,FALSE,0.956712275214542
"FYN",0.032875977139615,8.13709370846765,0.143621096108817,0.705398733337619,0.958776684905936,TRUE,FALSE,TRUE,FALSE,"MLI_2",30,98,15,83,FALSE,0.956860318832974
"HIF1A",0.0299043260351289,6.4389149843455,0.141902684116065,0.707098703282062,0.915589793357369,TRUE,FALSE,TRUE,FALSE,"Oligodendrocytes",30,106,16,90,FALSE,0.958057433811071
"BRAF",-0.0280062037844339,8.49030142673076,0.140119250556446,0.708844407361067,0.959363154564916,TRUE,FALSE,TRUE,FALSE,"MLI_2",30,98,15,83,FALSE,0.958075548562538
"BRAF",-0.0315849415668337,8.60342555243669,0.139560546798401,0.709354626182812,0.935358370421081,TRUE,FALSE,TRUE,FALSE,"UBC",30,101,15,86,FALSE,0.958075548562538
"SYNJ2",0.0608072832898158,2.3382443794742,0.138564543871896,0.710402317559629,0.905111265258725,TRUE,FALSE,TRUE,FALSE,"Granule",30,109,16,93,FALSE,0.958075548562538
"MAPK10",0.0321615895609219,9.05469433607171,0.138219526439447,0.71071743544207,0.957992561091007,TRUE,FALSE,TRUE,FALSE,"PLI",30,98,16,82,FALSE,0.958075548562538
"FABP3",0.0753134296423128,2.49681885456235,0.137639403981809,0.711199425980724,0.957500755886156,TRUE,FALSE,TRUE,TRUE,"MLI_1",30,108,16,92,FALSE,0.958075548562538
"CA3",-0.0739833306989895,4.67194340795919,0.136413791266926,0.712517876854795,0.959783069204641,TRUE,FALSE,TRUE,FALSE,"MLI_2",30,98,15,83,FALSE,0.958749657490034
"SIRT1",0.0226509473687797,5.41824678230921,0.134003393952538,0.715008116323679,0.906903830725143,TRUE,FALSE,FALSE,FALSE,"Granule",30,109,16,93,FALSE,0.959996213104097
"NR3C1",-0.041732007030644,8.68562294371783,0.132604592543088,0.716289130197149,0.920943758930563,TRUE,FALSE,FALSE,FALSE,"Pericytes",30,91,16,75,FALSE,0.959996213104097
"FDFT1",-0.044643961855291,4.89745326958094,0.132330716648885,0.716713873871028,0.906985037877064,TRUE,FALSE,TRUE,FALSE,"Granule",30,109,16,93,FALSE,0.959996213104097
"PPARD",-0.0476273404076794,5.58666671753725,0.132265291613759,0.716720722240687,0.953735138065378,TRUE,FALSE,TRUE,FALSE,"Golgi",30,105,16,89,FALSE,0.959996213104097
"BACE1",0.0438531006141793,5.67826173420467,0.131242104473478,0.717761338105099,0.959928241317686,TRUE,FALSE,TRUE,FALSE,"PLI",30,98,16,82,FALSE,0.960292566505908
"ADCY10",0.0926707982682304,4.41825645971385,0.129883610424634,0.719146075314516,0.953735138065378,TRUE,FALSE,FALSE,FALSE,"Golgi",30,105,16,89,FALSE,0.960345969436992
"PTK2",-0.0225711140767144,8.76628050956941,0.129657899444082,0.719440069253993,0.923572367685585,TRUE,FALSE,FALSE,FALSE,"OPC",30,106,16,90,FALSE,0.960345969436992
"ADORA1",-0.0644654364769767,5.41417070754382,0.126776427891949,0.722434442454276,0.950983338156453,TRUE,FALSE,TRUE,FALSE,"Purkinje",30,105,16,89,FALSE,0.96130192129438
"DUSP3",0.0561446481919985,3.99701293354369,0.125310605797362,0.723949221660062,0.92541719950771,TRUE,FALSE,FALSE,FALSE,"OPC",30,106,16,90,FALSE,0.96130192129438
"CA2",0.0760402371352286,0.227959491046255,0.125213625094125,0.724029154837516,0.909838240908737,TRUE,TRUE,TRUE,TRUE,"Granule",30,109,16,93,FALSE,0.96130192129438
"SLC16A1",0.0740954747333394,4.41575840322869,0.124729518097784,0.724562183920944,0.951759993261498,TRUE,FALSE,FALSE,FALSE,"Purkinje",30,105,16,89,FALSE,0.96130192129438
"MCL1",-0.0600876737439405,4.60055449912152,0.12428235688666,0.725049307828201,0.951759993261498,TRUE,TRUE,TRUE,TRUE,"Purkinje",30,105,16,89,FALSE,0.96130192129438
"CNR1",-0.0562670256066935,5.62585732580788,0.124302544524183,0.72507755838245,0.944739373817766,TRUE,TRUE,TRUE,TRUE,"Microglia",30,105,16,89,FALSE,0.96130192129438
"TET1",0.0534154858234297,5.86033570220286,0.123433268463063,0.726031660325566,0.966822018239746,TRUE,FALSE,TRUE,TRUE,"Endocytes",30,99,16,83,FALSE,0.961479215707981
"HSP90AB1",-0.0681639687959077,7.27536831150225,0.121110592219706,0.728533462666369,0.911949605761164,TRUE,FALSE,TRUE,FALSE,"Granule",30,109,16,93,FALSE,0.96185788538726
"OPRM1",-0.0491708861465631,7.31657456030623,0.120839791913593,0.728763544260251,0.940917029089517,TRUE,FALSE,TRUE,TRUE,"UBC",30,101,15,86,FALSE,0.96185788538726
"HIF1A",-0.0244681090802061,6.4372008194309,0.120512274113766,0.729134082230028,0.911999011435156,TRUE,FALSE,TRUE,FALSE,"Granule",30,109,16,93,FALSE,0.96185788538726
"BRAF",-0.0189412423650132,8.44134416856222,0.120056890010156,0.729600392584705,0.962461452407805,TRUE,FALSE,TRUE,FALSE,"MLI_1",30,108,16,92,FALSE,0.96185788538726
"SNCA",-0.0440057338260878,7.81426337030795,0.118648449750473,0.731168795290412,0.963398848747881,TRUE,TRUE,TRUE,TRUE,"MLI_2",30,98,15,83,FALSE,0.962230371402717
"NR3C1",-0.0227092010244333,8.35619068031625,0.118284633543358,0.731524966655137,0.962461452407805,TRUE,FALSE,FALSE,FALSE,"MLI_1",30,108,16,92,FALSE,0.962230371402717
"KDM1A",-0.0196504693624901,6.14699225498494,0.115361716098547,0.734759269009532,0.914589486724126,TRUE,FALSE,TRUE,FALSE,"Granule",30,109,16,93,FALSE,0.964003732213542
"CNR1",-0.0489639182886931,6.25124061239441,0.11498757351633,0.735201364034143,0.962461452407805,TRUE,TRUE,TRUE,TRUE,"MLI_1",30,108,16,92,FALSE,0.964003732213542
"KDM6B",0.0706744389387601,5.12672825322057,0.114812342475665,0.735340730886439,0.952902648602104,TRUE,FALSE,TRUE,FALSE,"Purkinje",30,105,16,89,FALSE,0.964003732213542
"NR1H2",0.0668804034631328,4.37838292446382,0.113994970637011,0.736215777486523,0.953408934893509,TRUE,FALSE,TRUE,FALSE,"Purkinje",30,105,16,89,FALSE,0.964072504149949
"FDPS",0.085432893481006,4.36738055082574,0.113205380660017,0.737096826210417,0.963823362117125,TRUE,FALSE,TRUE,FALSE,"MLI_2",30,98,15,83,FALSE,0.964148973569876
"DUSP3",0.0547949323144412,4.0199624157399,0.111707600386425,0.738791861190137,0.962519551654557,TRUE,FALSE,FALSE,FALSE,"MLI_1",30,108,16,92,FALSE,0.965237101534954
"TOP2B",-0.0368007370699039,7.4310886207265,0.110132601089898,0.740591196805154,0.965291923403762,TRUE,FALSE,TRUE,FALSE,"MLI_2",30,98,15,83,FALSE,0.965237101534954
"SLC16A1",-0.0503470639390461,3.81978659593065,0.109911249614517,0.740814859124413,0.96264162020335,TRUE,FALSE,FALSE,FALSE,"MLI_1",30,108,16,92,FALSE,0.965237101534954
"TDP1",0.0592436370288632,5.30247086080253,0.108901422353082,0.741990359656915,0.965291923403762,TRUE,FALSE,TRUE,FALSE,"MLI_2",30,98,15,83,FALSE,0.965237101534954
"PRKCD",0.053188005131527,0.43033709860139,0.108816132771663,0.742046611333612,0.917058801570061,TRUE,FALSE,TRUE,TRUE,"Granule",30,109,16,93,FALSE,0.965237101534954
"PTPN2",0.0346138123550732,6.70932280716463,0.107351384570317,0.743770341486378,0.965291923403762,TRUE,FALSE,TRUE,FALSE,"MLI_2",30,98,15,83,FALSE,0.965867567841353
"IGF1R",-0.0263328333973018,8.77020647723766,0.106550094588247,0.744678941486309,0.965147421030293,TRUE,FALSE,TRUE,FALSE,"PLI",30,98,16,82,FALSE,0.965867567841353
"NR1H2",0.0467592840539036,4.30140510430518,0.105355142798458,0.746067497247162,0.963578346598552,TRUE,FALSE,TRUE,FALSE,"MLI_1",30,108,16,92,FALSE,0.965867567841353
"SIRT1",-0.0304910940207785,5.43353413066711,0.104397406095744,0.747207091934594,0.930763111147338,TRUE,FALSE,FALSE,FALSE,"Oligodendrocytes",30,106,16,90,FALSE,0.965867567841353
"MGLL",0.0252839813193511,7.36495686849632,0.103255211281491,0.7485468093596,0.930827589135965,TRUE,FALSE,TRUE,FALSE,"Oligodendrocytes",30,106,16,90,FALSE,0.965867567841353
"AKR1C3",-0.0641771728701997,0.0235539870986138,0.103011720518686,0.748746915152582,0.919736562375401,TRUE,TRUE,TRUE,TRUE,"Granule",30,109,16,93,FALSE,0.965867567841353
"AKR1B1",0.0359338263507458,3.48541041047479,0.102158011245021,0.749841152457618,0.920281693036566,TRUE,FALSE,TRUE,TRUE,"Granule",30,109,16,93,FALSE,0.965867567841353
"SLC16A1",-0.0588986961871556,3.96378936637741,0.101876131162718,0.750112173459311,0.950977745403666,TRUE,FALSE,FALSE,FALSE,"Microglia",30,105,16,89,FALSE,0.965867567841353
"PDE4D",-0.034320357776696,8.21959903517624,0.101684542661132,0.75041938289953,0.965147421030293,TRUE,FALSE,TRUE,FALSE,"PLI",30,98,16,82,FALSE,0.965867567841353
"EPHX2",0.0676618639622791,4.70884577502766,0.100867023881164,0.751380867879434,0.968475550013578,TRUE,FALSE,TRUE,FALSE,"Endocytes",30,99,16,83,FALSE,0.965867567841353
"MGLL",-0.0272794506090705,7.34494761861715,0.0998892724098822,0.752502094154561,0.957903609203299,TRUE,FALSE,TRUE,FALSE,"Golgi",30,105,16,89,FALSE,0.965867567841353
"MAPK10",0.0301464587726493,8.98757230914551,0.0993865401288187,0.753132212708834,0.967207259776983,TRUE,FALSE,TRUE,FALSE,"MLI_2",30,98,15,83,FALSE,0.965867567841353
"FDFT1",-0.0397632807892613,4.95770913160773,0.0993143772200613,0.753244843862625,0.888795059744039,TRUE,FALSE,TRUE,FALSE,"Bergmann",30,108,16,92,FALSE,0.965867567841353
"DAB2IP",-0.0327266910338317,8.59331138183286,0.0980698971876924,0.754754731405709,0.922364026225584,TRUE,FALSE,FALSE,FALSE,"Granule",30,109,16,93,FALSE,0.966745951046438
"CA13",-0.0358719635506934,4.04930086299838,0.0973648061862864,0.755596684582816,0.890355287105732,TRUE,FALSE,TRUE,FALSE,"Bergmann",30,108,16,92,FALSE,0.966767810405087
"STS",-0.0416385372040466,5.32233748595125,0.0944178543045135,0.759149534264624,0.960163953390426,TRUE,FALSE,TRUE,FALSE,"Golgi",30,105,16,89,FALSE,0.969813807537486
"TET1",-0.0307976112159616,5.91966366070016,0.0938259507419976,0.759917251628955,0.938265587399339,TRUE,FALSE,TRUE,TRUE,"OPC",30,106,16,90,FALSE,0.969813807537486
"PTPN1",-0.0338322512524413,6.03387518141294,0.0933658720041627,0.760461453971653,0.960707467066169,TRUE,TRUE,TRUE,TRUE,"Golgi",30,105,16,89,FALSE,0.969813807537486
"ACLY",0.0366500916689476,4.59330211705473,0.0927189539340636,0.761287289193248,0.966271804489228,TRUE,FALSE,FALSE,FALSE,"MLI_1",30,108,16,92,FALSE,0.969813807537486
"ADCY10",0.0650789339211043,4.18364846619839,0.0902600805407799,0.764398044145869,0.96634014574972,TRUE,FALSE,FALSE,FALSE,"MLI_1",30,108,16,92,FALSE,0.972719335221453
"ESR2",0.0515773573167413,5.03101779606001,0.0870959185405418,0.768419590445403,0.969152715972529,TRUE,TRUE,TRUE,TRUE,"MLI_2",30,98,15,83,FALSE,0.973236461429263
"ESR1",0.0550128338412148,3.42129263070064,0.0867691436308872,0.768796312144074,0.940026307629682,TRUE,TRUE,TRUE,TRUE,"OPC",30,106,16,90,FALSE,0.973236461429263
"PPARG",-0.0549803066493892,5.22904289559882,0.0863070972564205,0.769481441139277,0.95682266849603,TRUE,TRUE,TRUE,TRUE,"Microglia",30,105,16,89,FALSE,0.973236461429263
"SIRT1",-0.0321566447481502,5.53971260749283,0.0852002326034033,0.77088905384277,0.957135087574436,TRUE,FALSE,FALSE,FALSE,"Microglia",30,105,16,89,FALSE,0.973236461429263
"SNCA",0.0366139561448895,7.74285892180923,0.0849992676375895,0.771195781588221,0.970815197421449,TRUE,TRUE,TRUE,TRUE,"Endocytes",30,99,16,83,FALSE,0.973236461429263
"BACE1",-0.0296300619737152,5.4466685381089,0.0842226439073832,0.772185632924596,0.93288771262801,TRUE,FALSE,TRUE,FALSE,"Astrocytes",30,107,16,91,FALSE,0.973236461429263
"OPRM1",0.0495672713303135,7.6804066783767,0.0838487024942372,0.772626228112592,0.940549594070563,TRUE,FALSE,TRUE,TRUE,"Pericytes",30,91,16,75,FALSE,0.973236461429263
"PRKCG",0.0713394017996409,2.36035820953392,0.0833749902723103,0.773273125703956,0.900366406879199,TRUE,FALSE,TRUE,TRUE,"Bergmann",30,108,16,92,FALSE,0.973236461429263
"MET",-0.079567622072432,2.23468456160454,0.0825594520018216,0.774237210787229,0.939084667071603,TRUE,FALSE,TRUE,TRUE,"Oligodendrocytes",30,106,16,90,FALSE,0.973236461429263
"CA3",0.0539754568830641,4.67845076034103,0.0818566333153609,0.775317869883843,0.970815197421449,TRUE,FALSE,TRUE,FALSE,"Endocytes",30,99,16,83,FALSE,0.973236461429263
"PPARD",0.0370998913208168,5.79133291216864,0.0810258872045979,0.776386675124262,0.972590762854028,TRUE,FALSE,TRUE,FALSE,"PLI",30,98,16,82,FALSE,0.973236461429263
"PPARG",-0.0604249597013913,5.43503831428182,0.0804578152554735,0.7771376123548,0.952742563358099,TRUE,TRUE,TRUE,TRUE,"UBC",30,101,15,86,FALSE,0.973236461429263
"FDPS",-0.058216062315886,4.30269608035192,0.0802880176257069,0.777369067052908,0.961243577592553,TRUE,FALSE,TRUE,FALSE,"Purkinje",30,105,16,89,FALSE,0.973236461429263
"NR1H2",0.0314844344458399,4.24695537962605,0.0801999424778066,0.777543356493651,0.930568533597463,TRUE,FALSE,TRUE,FALSE,"Granule",30,109,16,93,FALSE,0.973236461429263
"POLA1",0.0241665300634213,6.85227162026709,0.0800841935812345,0.777688063299477,0.970143903108618,TRUE,FALSE,TRUE,FALSE,"MLI_1",30,108,16,92,FALSE,0.973236461429263
"GSK3B",-0.0166596622283482,8.176525284017,0.078434183235015,0.779921948287004,0.961243577592553,TRUE,FALSE,TRUE,FALSE,"Purkinje",30,105,16,89,FALSE,0.973236461429263
"TET2",-0.030704100970004,5.18641485330021,0.0781077308303926,0.780392737055487,0.931509934466535,TRUE,FALSE,TRUE,TRUE,"Granule",30,109,16,93,FALSE,0.973236461429263
"PRKCH",0.0485244897574443,1.91308386467099,0.0768862704841595,0.782058095549828,0.93214557399499,TRUE,FALSE,TRUE,TRUE,"Granule",30,109,16,93,FALSE,0.973236461429263
"DAB2IP",-0.0254721922715277,8.46727967884722,0.0764845514708176,0.782614976676612,0.970691085081049,TRUE,FALSE,FALSE,FALSE,"MLI_1",30,108,16,92,FALSE,0.973236461429263
"ESR2",0.0317961326544848,4.85337018923229,0.0752585997816722,0.784325425979036,0.936073167332354,TRUE,TRUE,TRUE,TRUE,"Astrocytes",30,107,16,91,FALSE,0.973236461429263
"STS",-0.0349343601546826,5.30852551644449,0.0743560748233658,0.785582248777679,0.970691085081049,TRUE,FALSE,TRUE,FALSE,"MLI_1",30,108,16,92,FALSE,0.973236461429263
"MAP2K1",-0.0244126393818345,5.60324550299512,0.074222910463176,0.785778065094805,0.943977208080692,TRUE,TRUE,TRUE,TRUE,"Oligodendrocytes",30,106,16,90,FALSE,0.973236461429263
"PKM",0.0399017497387145,6.39993714827611,0.0734482153386469,0.786903119690577,0.973482446529946,TRUE,FALSE,TRUE,FALSE,"Endocytes",30,99,16,83,FALSE,0.973236461429263
"MGLL",0.021028092368608,7.36500141913229,0.0734089523314146,0.786918122657943,0.970691085081049,TRUE,FALSE,TRUE,FALSE,"MLI_1",30,108,16,92,FALSE,0.973236461429263
"OPRM1",0.0436464888619857,7.03388719528099,0.0728879256853267,0.787711316879244,0.970691085081049,TRUE,FALSE,TRUE,TRUE,"MLI_1",30,108,16,92,FALSE,0.973236461429263
"TET1",0.0245186049870574,5.98633022469196,0.0725831913811735,0.78810279242881,0.937830837982541,TRUE,FALSE,TRUE,TRUE,"Astrocytes",30,107,16,91,FALSE,0.973236461429263
"PTPN2",0.0224641909511997,6.49278718145891,0.0725202940664437,0.788191766353184,0.937830837982541,TRUE,FALSE,TRUE,FALSE,"Astrocytes",30,107,16,91,FALSE,0.973236461429263
"ADCY10",-0.0622531559927059,4.10212480967625,0.0722536540735429,0.788562793495106,0.945882006401771,TRUE,FALSE,FALSE,FALSE,"OPC",30,106,16,90,FALSE,0.973236461429263
"JUN",-0.0770264173415293,4.69424142685724,0.0720504495221532,0.788897112738702,0.934531036686696,TRUE,FALSE,TRUE,TRUE,"Granule",30,109,16,93,FALSE,0.973236461429263
"FDFT1",0.0397635734727368,5.19458177315872,0.0708507450800586,0.790590189602525,0.939196585122127,TRUE,FALSE,TRUE,FALSE,"Astrocytes",30,107,16,91,FALSE,0.973236461429263
"KDM1A",-0.0213957368610532,6.15097281110046,0.0705828792678356,0.790962256288481,0.97077004339311,TRUE,FALSE,TRUE,FALSE,"MLI_1",30,108,16,92,FALSE,0.973236461429263
"DRD4",0.0537982302072784,0.612619799181815,0.0698062923383364,0.792043881533536,0.935478958644512,TRUE,FALSE,TRUE,FALSE,"Granule",30,109,16,93,FALSE,0.973236461429263
"KAT2B",-0.022122508163416,6.94887475161947,0.0694319576268546,0.792633406959049,0.971140623028394,TRUE,FALSE,FALSE,FALSE,"MLI_1",30,108,16,92,FALSE,0.973236461429263
"MAOB",-0.0380858926318378,4.45177104627976,0.0691438508337718,0.793038242888179,0.947896640553104,TRUE,TRUE,TRUE,TRUE,"OPC",30,106,16,90,FALSE,0.973236461429263
"LYPLA1",-0.030824565010914,5.54963437265551,0.0674238397019398,0.795542221379107,0.977384518306028,TRUE,FALSE,FALSE,FALSE,"PLI",30,98,16,82,FALSE,0.975288162611207
"MCL1",-0.0334008626031376,4.52930033992235,0.0668580876637224,0.796445229148132,0.913084579727442,TRUE,TRUE,TRUE,TRUE,"Bergmann",30,108,16,92,FALSE,0.975374930576395
"SHBG",0.0411330043884235,-0.328295903848564,0.0652773144800789,0.798714189303528,0.937352228115847,TRUE,FALSE,TRUE,FALSE,"Granule",30,109,16,93,FALSE,0.97683745732961
"ALOX5",-0.0359685278834434,5.99526179808329,0.0647624731156219,0.799593820899023,0.942394309085434,TRUE,TRUE,TRUE,TRUE,"Astrocytes",30,107,16,91,FALSE,0.97683745732961
"NR1H4",-0.0528869426179853,-0.807536007450699,0.064317529310684,0.800139896788759,0.937671015241192,TRUE,FALSE,FALSE,FALSE,"Granule",30,109,16,93,FALSE,0.97683745732961
"FYN",-0.01404175143071,8.07963755817706,0.0638259167993442,0.801013254956051,0.937860269319529,TRUE,FALSE,TRUE,FALSE,"Granule",30,109,16,93,FALSE,0.976886092412583
"PKM",0.0288909819100376,6.16445385741879,0.0616349091771297,0.80437081500908,0.94991853562005,TRUE,FALSE,TRUE,FALSE,"OPC",30,106,16,90,FALSE,0.978705394423495
"PPARG",-0.0421271014041311,5.33562951796005,0.0610700405158788,0.805224475276484,0.96740438994158,TRUE,TRUE,TRUE,TRUE,"Golgi",30,105,16,89,FALSE,0.978705394423495
"BACE1",-0.0378094617478716,5.5345292272966,0.0580545419748057,0.810021783914012,0.976578433715594,TRUE,FALSE,TRUE,FALSE,"MLI_2",30,98,15,83,FALSE,0.978705394423495
"HSP90AB1",-0.0535188613667056,7.62018424812945,0.0581269004501517,0.810033923372291,0.956000948522126,TRUE,FALSE,TRUE,FALSE,"Pericytes",30,91,16,75,FALSE,0.978705394423495
"TET3",-0.0187890198617493,6.89187446644928,0.0579478788066237,0.810193687039536,0.952242260327019,TRUE,FALSE,TRUE,FALSE,"OPC",30,106,16,90,FALSE,0.978705394423495
"BRAF",-0.0168053178140282,8.54418464918676,0.0569922130670172,0.811724690596469,0.97997569256369,TRUE,FALSE,TRUE,FALSE,"PLI",30,98,16,82,FALSE,0.978705394423495
"MGLL",-0.0259667798581574,7.61584835419218,0.0564355152841945,0.812612777561821,0.961707821468559,TRUE,FALSE,TRUE,FALSE,"UBC",30,101,15,86,FALSE,0.978705394423495
"JUN",-0.06864753571286,4.83135477152188,0.0564230348523348,0.8127109774565,0.921989016698158,TRUE,FALSE,TRUE,TRUE,"Bergmann",30,108,16,92,FALSE,0.978705394423495
"TRPV1",0.0278608471603108,5.04155257318903,0.0563335053381287,0.812804267721967,0.97387118647415,TRUE,FALSE,TRUE,FALSE,"MLI_1",30,108,16,92,FALSE,0.978705394423495
"TOP2B",-0.0223813126854975,7.40007948442569,0.0552265673870356,0.814619359837197,0.967783212763063,TRUE,FALSE,TRUE,FALSE,"Microglia",30,105,16,89,FALSE,0.978705394423495
"CA9",-0.0550216665847454,3.37751085152068,0.055075799744477,0.814798611126681,0.967783212763063,TRUE,TRUE,TRUE,TRUE,"Microglia",30,105,16,89,FALSE,0.978705394423495
"MGLL",-0.0257538804896067,7.81849319754439,0.0550103643882504,0.815010013773582,0.980051946074911,TRUE,FALSE,TRUE,FALSE,"Endocytes",30,99,16,83,FALSE,0.978705394423495
"SYNJ2",0.0487504386926715,3.4959017888174,0.0539969468380239,0.816615108896817,0.948332260508724,TRUE,FALSE,TRUE,FALSE,"Astrocytes",30,107,16,91,FALSE,0.978705394423495
"SLCO2B1",-0.0714626981146784,6.39725387840679,0.0529357878307316,0.818535661584459,0.980051946074911,TRUE,FALSE,TRUE,FALSE,"Endocytes",30,99,16,83,FALSE,0.978705394423495
"FYN",0.0201417602629016,8.15960065915572,0.0518706173327863,0.82021396684404,0.962278023640262,TRUE,FALSE,TRUE,FALSE,"UBC",30,101,15,86,FALSE,0.978705394423495
"OPRM1",0.0377026240278758,7.03939072431398,0.0509863998650367,0.821799461982832,0.950211785109469,TRUE,FALSE,TRUE,TRUE,"Astrocytes",30,107,16,91,FALSE,0.978705394423495
"PPARD",-0.0184401700454319,5.47098417285938,0.050886179848089,0.82193993348288,0.944922802838951,TRUE,FALSE,TRUE,FALSE,"Granule",30,109,16,93,FALSE,0.978705394423495
"LYPLA1",0.0369048010566816,5.33361158676871,0.0506268175411749,0.822370194198391,0.977930137179526,TRUE,FALSE,FALSE,FALSE,"MLI_2",30,98,15,83,FALSE,0.978705394423495
"TLR4",-0.0762609282533099,3.9649319037484,0.0504206785188146,0.822662558794645,0.980051946074911,TRUE,FALSE,TRUE,FALSE,"Endocytes",30,99,16,83,FALSE,0.978705394423495
"TET2",0.0251222839156449,5.38119078204875,0.0503861204390462,0.822787449333155,0.976576758614529,TRUE,FALSE,TRUE,TRUE,"MLI_1",30,108,16,92,FALSE,0.978705394423495
"TOP2B",-0.0345081315303962,7.85767800344557,0.0503429222223737,0.822791875345098,0.961731312349803,TRUE,FALSE,TRUE,FALSE,"Pericytes",30,91,16,75,FALSE,0.978705394423495
"EPHX2",-0.0467280585209885,4.78764720687461,0.0501797484735117,0.823132631108578,0.977930137179526,TRUE,FALSE,TRUE,FALSE,"MLI_2",30,98,15,83,FALSE,0.978705394423495
"DUSP3",-0.0335470625338861,3.96816708846256,0.0500272248989372,0.823395840705524,0.95120466817665,TRUE,FALSE,FALSE,FALSE,"Astrocytes",30,107,16,91,FALSE,0.978705394423495
"PKM",0.0414529464236195,6.27356162308296,0.0499581044963568,0.823575728310554,0.970654070613051,TRUE,FALSE,TRUE,FALSE,"Purkinje",30,105,16,89,FALSE,0.978705394423495
"FDPS",0.0458166185977197,4.59903833860459,0.0496267759277431,0.824064359744385,0.97143834305688,TRUE,FALSE,TRUE,FALSE,"Golgi",30,105,16,89,FALSE,0.978705394423495
"PTGFR",0.0475427066899623,-0.323191344129383,0.049527073081915,0.824216914928319,0.945531737283252,TRUE,FALSE,FALSE,FALSE,"Granule",30,109,16,93,FALSE,0.978705394423495
"PGR",0.053968854660899,-0.843299293931208,0.0482465268130678,0.826446181430964,0.946211127285411,TRUE,FALSE,TRUE,FALSE,"Granule",30,109,16,93,FALSE,0.980207842209266
"NR1H2",-0.0285134833970182,4.39846942776239,0.0475959654237371,0.827669288847522,0.956659384892967,TRUE,FALSE,TRUE,FALSE,"OPC",30,106,16,90,FALSE,0.980207842209266
"KAT2B",0.018601255976902,7.0305128969411,0.0474129918864521,0.827991266030011,0.971562816355216,TRUE,FALSE,FALSE,FALSE,"Golgi",30,105,16,89,FALSE,0.980207842209266
"BACE1",0.0258376201740863,5.71644633131389,0.0465138808603694,0.829602951606513,0.971946730054717,TRUE,FALSE,TRUE,FALSE,"Golgi",30,105,16,89,FALSE,0.980367608904282
"TDP1",0.0238455176561299,5.1751547578351,0.0461661513298115,0.83025666369154,0.955210502766704,TRUE,FALSE,TRUE,FALSE,"Oligodendrocytes",30,106,16,90,FALSE,0.980367608904282
"FDFT1",-0.0302639301827286,4.86657483242757,0.0451844617405923,0.832035566630612,0.977804682474474,TRUE,FALSE,TRUE,FALSE,"MLI_1",30,108,16,92,FALSE,0.980367608904282
"IGF1R",-0.0171441017122389,8.74285257524275,0.0451783346398904,0.832048186112862,0.972266180164385,TRUE,FALSE,TRUE,FALSE,"Microglia",30,105,16,89,FALSE,0.980367608904282
"SLC16A1",-0.054971414138208,4.08447800338373,0.0450188309242146,0.832308678207987,0.979430651693955,TRUE,FALSE,FALSE,FALSE,"MLI_2",30,98,15,83,FALSE,0.980367608904282
"SGMS1",-0.0215613308108986,7.39725938356382,0.0437469816598313,0.834691395343929,0.979589641399722,TRUE,FALSE,FALSE,FALSE,"MLI_2",30,98,15,83,FALSE,0.982187063597475
"PRKCE",-0.0120190612297146,9.30073973730942,0.0431505643661047,0.835806185672116,0.97858037693774,TRUE,FALSE,TRUE,TRUE,"MLI_1",30,108,16,92,FALSE,0.982444786185198
"SNCA",0.0193503743721622,7.82496849695229,0.0427389076559205,0.836586942502413,0.957864972292104,TRUE,TRUE,TRUE,TRUE,"Oligodendrocytes",30,106,16,90,FALSE,0.982444786185198
"MAOB",-0.039218842919529,4.94545593418613,0.0422395632731632,0.837551360059314,0.955068278794866,TRUE,TRUE,TRUE,TRUE,"Astrocytes",30,107,16,91,FALSE,0.982592786776293
"POLA1",-0.0327489752064425,7.4971961895286,0.0409542015155918,0.839917842475187,0.962188040152246,TRUE,FALSE,TRUE,FALSE,"Pericytes",30,91,16,75,FALSE,0.9842195071631
"IGF1R",0.0149110687332676,8.66857239820807,0.0401222536329061,0.841592412886773,0.979775781279592,TRUE,FALSE,TRUE,FALSE,"MLI_1",30,108,16,92,FALSE,0.9842195071631
"CA3",-0.0344840837622578,4.71958429737707,0.0399248831095755,0.841899563133462,0.982998755278484,TRUE,FALSE,TRUE,FALSE,"PLI",30,98,16,82,FALSE,0.9842195071631
"NR3C1",-0.014407807280371,8.50537297123056,0.0391688743292664,0.843451735211279,0.983068895395938,TRUE,FALSE,FALSE,FALSE,"PLI",30,98,16,82,FALSE,0.9842195071631
"JUN",0.053800246220813,4.47654296776288,0.0390098004749221,0.843808548221066,0.980356903806422,TRUE,FALSE,TRUE,TRUE,"MLI_1",30,108,16,92,FALSE,0.9842195071631
"PTK2",-0.0107723551453258,8.73467966816908,0.0387738873215453,0.844241809513913,0.980356903806422,TRUE,FALSE,FALSE,FALSE,"MLI_1",30,108,16,92,FALSE,0.9842195071631
"SRC",-0.0316926850772166,3.51363184425083,0.036770478738265,0.848232695575154,0.963671845554159,TRUE,FALSE,TRUE,FALSE,"OPC",30,106,16,90,FALSE,0.9842195071631
"TET1",0.0299485069759785,6.08904232848456,0.0353873394942693,0.851093068250324,0.969972152387641,TRUE,FALSE,TRUE,TRUE,"UBC",30,101,15,86,FALSE,0.9842195071631
"SIRT1",-0.018259563365107,5.39329265416693,0.0352031857598526,0.851498154233784,0.980838879981982,TRUE,FALSE,FALSE,FALSE,"MLI_1",30,108,16,92,FALSE,0.9842195071631
"MAP2K1",-0.0256460434591046,5.676764184586,0.0350966273254176,0.851716227876019,0.973463705972054,TRUE,TRUE,TRUE,TRUE,"Purkinje",30,105,16,89,FALSE,0.9842195071631
"CA13",-0.0289050197627636,4.16625119871168,0.0349086368008549,0.852091745520067,0.975271864731398,TRUE,FALSE,TRUE,FALSE,"Microglia",30,105,16,89,FALSE,0.9842195071631
"IGF1R",-0.0132292840574306,8.76815165964253,0.0346059778085076,0.85273200091182,0.977720366074277,TRUE,FALSE,TRUE,FALSE,"Golgi",30,105,16,89,FALSE,0.9842195071631
"FABP7",0.062543729104741,3.6582520045827,0.0342731127169421,0.853398606625485,0.983205000090358,TRUE,FALSE,TRUE,TRUE,"MLI_2",30,98,15,83,FALSE,0.9842195071631
"ACHE",0.0373837685831413,3.50716155774501,0.0338779799599146,0.854296961254372,0.940815694271235,TRUE,TRUE,TRUE,TRUE,"Bergmann",30,108,16,92,FALSE,0.9842195071631
"PRKCH",-0.045151936239716,4.55552190020774,0.0337499817231449,0.854470311543352,0.97118854450702,TRUE,FALSE,TRUE,TRUE,"UBC",30,101,15,86,FALSE,0.9842195071631
"ADORA1",0.0233961222184801,5.26350428325627,0.0337519128051612,0.854570030662513,0.940815694271235,TRUE,FALSE,TRUE,FALSE,"Bergmann",30,108,16,92,FALSE,0.9842195071631
"ADCY10",0.0430683685090143,4.5137650300274,0.0336529987970428,0.85475035408639,0.973463705972054,TRUE,FALSE,FALSE,FALSE,"Purkinje",30,105,16,89,FALSE,0.9842195071631
"PKM",-0.0236822086480971,6.20637984310304,0.0334575477738371,0.855199119494005,0.9623168895103,TRUE,FALSE,TRUE,FALSE,"Astrocytes",30,107,16,91,FALSE,0.9842195071631
"PDE4B",-0.0255268338870734,8.55427590806272,0.033364245245302,0.85544666834247,0.97118854450702,TRUE,FALSE,TRUE,FALSE,"UBC",30,101,15,86,FALSE,0.9842195071631
"LYPLA1",0.0208986885502346,5.28544538862829,0.0332003063921215,0.855733513480545,0.975271864731398,TRUE,FALSE,FALSE,FALSE,"Microglia",30,105,16,89,FALSE,0.9842195071631
"ESR2",0.0316900736369736,5.05735015564396,0.0325719937711385,0.857086371146379,0.973463705972054,TRUE,TRUE,TRUE,TRUE,"Purkinje",30,105,16,89,FALSE,0.984483308889796
"HIF1A",-0.0191902651721965,6.53619743153412,0.0322862857018549,0.857709988558707,0.973463705972054,TRUE,FALSE,TRUE,FALSE,"Purkinje",30,105,16,89,FALSE,0.984483308889796
"PTPN2",0.0174924410506248,6.65083061615478,0.0315586788603943,0.85929438032079,0.978646972423517,TRUE,FALSE,TRUE,FALSE,"Golgi",30,105,16,89,FALSE,0.984483308889796
"PTPN11",0.0199301822966998,6.42663824111738,0.0307368656270479,0.861130313426961,0.973789613339951,TRUE,FALSE,TRUE,TRUE,"Purkinje",30,105,16,89,FALSE,0.984483308889796
"TOP2B",0.0148166837128967,7.40929263653843,0.030457688814273,0.861753006884744,0.986707224549933,TRUE,FALSE,TRUE,FALSE,"PLI",30,98,16,82,FALSE,0.984483308889796
"SLC16A1",-0.019057888056571,3.7750854475877,0.0281932820244435,0.866953511287831,0.960579461968035,TRUE,FALSE,FALSE,FALSE,"Granule",30,109,16,93,FALSE,0.984483308889796
"ESRRA",-0.035970292865843,3.32777506331221,0.027841364725928,0.867714784537347,0.977587197838062,TRUE,FALSE,TRUE,FALSE,"Microglia",30,105,16,89,FALSE,0.984483308889796
"MAP2K1",-0.0187428147521126,5.81916786854827,0.0266414833355526,0.870610758822569,0.988674930823407,TRUE,TRUE,TRUE,TRUE,"PLI",30,98,16,82,FALSE,0.984483308889796
"PKM",0.0194490530919492,6.26182175830953,0.0265699072579054,0.87079929621078,0.978131985249903,TRUE,FALSE,TRUE,FALSE,"Microglia",30,105,16,89,FALSE,0.984483308889796
"HIF1A",0.0171703702550783,6.55500148324077,0.0265167519463817,0.870914118850401,0.98067325724035,TRUE,FALSE,TRUE,FALSE,"Golgi",30,105,16,89,FALSE,0.984483308889796
"OPRM1",0.0248025963559473,7.16299178316494,0.0264027390052605,0.871240436507387,0.978140948143511,TRUE,FALSE,TRUE,TRUE,"Microglia",30,105,16,89,FALSE,0.984483308889796
"CTNNB1",-0.0142097917003587,7.52229996090749,0.0262582362488366,0.871538979425529,0.980869441730055,TRUE,FALSE,TRUE,FALSE,"Golgi",30,105,16,89,FALSE,0.984483308889796
"OPRM1",-0.0283597714574598,7.05779932842008,0.0249318078425561,0.874859694026928,0.986177644643637,TRUE,FALSE,TRUE,TRUE,"Endocytes",30,99,16,83,FALSE,0.984483308889796
"BRAF",-0.0102145449010128,8.48710398183803,0.0243407352131462,0.876291301354721,0.979578746211994,TRUE,FALSE,TRUE,FALSE,"Microglia",30,105,16,89,FALSE,0.984483308889796
"ALOX5",-0.03685483357663,6.58953839294911,0.0241311801492967,0.876768043441015,0.97022841173935,TRUE,TRUE,TRUE,TRUE,"Pericytes",30,91,16,75,FALSE,0.984483308889796
"PTK2",0.0110512538454665,8.78843772157727,0.023722662527603,0.877859730572877,0.984381844356381,TRUE,FALSE,FALSE,FALSE,"MLI_2",30,98,15,83,FALSE,0.984483308889796
"ESR2",0.0209520187506646,4.85838055386756,0.023715883597587,0.877871842473539,0.980039692565038,TRUE,TRUE,TRUE,TRUE,"Microglia",30,105,16,89,FALSE,0.984483308889796
"PTK2",-0.00862512570172527,8.84792149182342,0.0236177241370682,0.87813349314698,0.969486856701603,TRUE,FALSE,FALSE,FALSE,"Oligodendrocytes",30,106,16,90,FALSE,0.984483308889796
"AKR1B1",0.0231617448374766,3.57098781703162,0.0233245135909651,0.87886399454253,0.969486856701603,TRUE,FALSE,TRUE,TRUE,"Oligodendrocytes",30,106,16,90,FALSE,0.984483308889796
"CNR1",-0.0241347107994182,5.77652569731245,0.0227059290647424,0.880480016192619,0.981207220254652,TRUE,TRUE,TRUE,TRUE,"Golgi",30,105,16,89,FALSE,0.984483308889796
"KDM1A",0.0283616937108118,6.80550088891554,0.0223789880370441,0.88129265282674,0.971298256425478,TRUE,FALSE,TRUE,FALSE,"Pericytes",30,91,16,75,FALSE,0.984483308889796
"SGMS1",0.0109335956899521,7.59723674298775,0.022313061454934,0.881516094021176,0.97406392473527,TRUE,FALSE,FALSE,FALSE,"OPC",30,106,16,90,FALSE,0.984483308889796
"OPRM1",-0.0242932843770406,7.03643195358025,0.0223053236486736,0.881573173434638,0.97406392473527,TRUE,FALSE,TRUE,TRUE,"OPC",30,106,16,90,FALSE,0.984483308889796
"TRPV1",0.0287982710659967,5.15814146214102,0.0222781439673882,0.881605198488328,0.984659382792984,TRUE,FALSE,TRUE,FALSE,"MLI_2",30,98,15,83,FALSE,0.984483308889796
"DUSP3",-0.0320148440511687,4.23580237955515,0.0222160313513087,0.881735742819197,0.981207220254652,TRUE,FALSE,FALSE,FALSE,"Golgi",30,105,16,89,FALSE,0.984483308889796
"TET3",-0.0143308500184224,7.01249208948178,0.0221531927991502,0.881938170375768,0.981187918844024,TRUE,FALSE,TRUE,FALSE,"Microglia",30,105,16,89,FALSE,0.984483308889796
"CA3",-0.0152545796140247,4.69964838181665,0.0221195651301564,0.882038890551896,0.952329702117334,TRUE,FALSE,TRUE,FALSE,"Bergmann",30,108,16,92,FALSE,0.984483308889796
"EDNRA",0.0297684147964276,-0.636704803484878,0.0219807544314808,0.882348526762889,0.964734869400746,TRUE,FALSE,TRUE,FALSE,"Granule",30,109,16,93,FALSE,0.984483308889796
"KIF11",-0.0288494089769222,2.29855954851874,0.0217858021469389,0.882904533500058,0.952334277622625,TRUE,FALSE,TRUE,FALSE,"Bergmann",30,108,16,92,FALSE,0.984483308889796
"BCHE",0.0331276036156341,-0.0464700850002845,0.0214337276260571,0.883827165538709,0.965290312701956,TRUE,FALSE,FALSE,FALSE,"Granule",30,109,16,93,FALSE,0.984483308889796
"ADORA1",0.0279242600925425,5.47692125098262,0.0213812240469745,0.884018894579098,0.986684702357974,TRUE,FALSE,TRUE,FALSE,"Endocytes",30,99,16,83,FALSE,0.984483308889796
"LYPLA1",-0.013732843703801,5.0606795605494,0.0213316184347915,0.884138332537011,0.972468091618073,TRUE,FALSE,FALSE,FALSE,"Astrocytes",30,107,16,91,FALSE,0.984483308889796
"DAB2IP",-0.0191059538580973,8.75906908844144,0.0212771027702377,0.884296553182978,0.972667490270653,TRUE,FALSE,FALSE,FALSE,"Pericytes",30,91,16,75,FALSE,0.984483308889796
"SRC",0.0265635535643324,3.18100799472855,0.0211536921814784,0.88458613215791,0.970545324619411,TRUE,FALSE,TRUE,FALSE,"Oligodendrocytes",30,106,16,90,FALSE,0.984483308889796
"PTPN11",-0.0195964906465266,6.28358106860484,0.0208183237576013,0.885525439337449,0.98490539905198,TRUE,FALSE,TRUE,TRUE,"MLI_2",30,98,15,83,FALSE,0.984483308889796
"SIRT1",0.0189706778450418,5.57203860511637,0.020563635525133,0.886202978565474,0.988674930823407,TRUE,FALSE,FALSE,FALSE,"PLI",30,98,16,82,FALSE,0.984483308889796
"ALOX5",-0.0227588333186064,5.82205820945484,0.0202435013715098,0.887126186179003,0.953807103947569,TRUE,TRUE,TRUE,TRUE,"Bergmann",30,108,16,92,FALSE,0.984575653600182
"CA9",0.026707585102976,3.22609728697071,0.0196187918737327,0.888827189428177,0.971652779965213,TRUE,TRUE,TRUE,TRUE,"Oligodendrocytes",30,106,16,90,FALSE,0.985530242204185
"SGMS2",0.0189128899301704,3.90572525913952,0.0190847967841885,0.890353157874926,0.986063411091566,TRUE,FALSE,FALSE,FALSE,"MLI_1",30,108,16,92,FALSE,0.98558666936587
"IGF1R",0.0107978037886048,8.74838880725546,0.0189348232996947,0.890776119857847,0.977364068339347,TRUE,FALSE,TRUE,FALSE,"UBC",30,101,15,86,FALSE,0.98558666936587
"FDPS",0.0143975305739106,4.17315512034545,0.01865646791542,0.891598351477748,0.968414825959333,TRUE,FALSE,TRUE,FALSE,"Granule",30,109,16,93,FALSE,0.98558666936587
"ESR1",0.0213046314559178,3.19651315154371,0.0181886067626977,0.89295593852551,0.956223206547483,TRUE,TRUE,TRUE,TRUE,"Bergmann",30,108,16,92,FALSE,0.98558666936587
"SOAT1",0.0210352008914872,4.27371892500893,0.0181377548555008,0.893082801080677,0.983148366302592,TRUE,FALSE,TRUE,FALSE,"Microglia",30,105,16,89,FALSE,0.98558666936587
"SOAT1",0.0300255187797032,4.35864872974741,0.0174457919956028,0.895141237733956,0.987964192382849,TRUE,FALSE,TRUE,FALSE,"Endocytes",30,99,16,83,FALSE,0.985745367312102
"DOT1L",-0.0192927833096567,5.54355590026671,0.0172147352250121,0.895820981300544,0.988674930823407,TRUE,FALSE,TRUE,FALSE,"PLI",30,98,16,82,FALSE,0.985745367312102
"PTPN2",0.0105172953050402,6.47619319384316,0.0171567185515434,0.896014957204811,0.977036473591819,TRUE,FALSE,TRUE,FALSE,"OPC",30,106,16,90,FALSE,0.985745367312102
"ESRRB",-0.0207526542874821,0.780903114948875,0.016897187919105,0.89678821538223,0.969515423325943,TRUE,FALSE,FALSE,FALSE,"Granule",30,109,16,93,FALSE,0.985745367312102
"HSP90AB1",0.0414406599639107,7.65017302094647,0.0167075343553907,0.897432002493185,0.988540460767985,TRUE,FALSE,TRUE,FALSE,"Endocytes",30,99,16,83,FALSE,0.985745367312102
"CA3",0.0257781034806345,4.98375435694411,0.0157506682203871,0.900312586719983,0.977522188687133,TRUE,FALSE,TRUE,FALSE,"UBC",30,101,15,86,FALSE,0.987983475314438
"CDK2",0.0219074624689556,-0.190886728223446,0.0150262297169765,0.902619167870717,0.971772165687227,TRUE,FALSE,TRUE,TRUE,"Granule",30,109,16,93,FALSE,0.98892211803151
"PKM",-0.0231259761420223,6.29456901689006,0.0149717996892188,0.902855517315457,0.987303785448454,TRUE,FALSE,TRUE,FALSE,"MLI_2",30,98,15,83,FALSE,0.98892211803151
"ADORA1",0.0227912143939054,5.43472018269259,0.0137853649927277,0.906736400860726,0.98811156009669,TRUE,FALSE,TRUE,FALSE,"MLI_2",30,98,15,83,FALSE,0.992245622603894
"SOAT1",0.0294818038506081,4.05123515977661,0.0126928751569678,0.91047323541751,0.988610741767696,TRUE,FALSE,TRUE,FALSE,"MLI_2",30,98,15,83,FALSE,0.99410453989226
"ADORA1",0.0211838821965733,5.62159729703817,0.0126930180848687,0.910476321786222,0.979958120338555,TRUE,FALSE,TRUE,FALSE,"UBC",30,101,15,86,FALSE,0.99410453989226
"FDFT1",-0.0163051964699947,5.13479246992581,0.0123759207622945,0.911588473156557,0.989398521130985,TRUE,FALSE,TRUE,FALSE,"PLI",30,98,16,82,FALSE,0.99410453989226
"YWHAG",-0.0121692691989711,6.35332847002465,0.0123136951646849,0.911834096577485,0.98061009625014,TRUE,FALSE,TRUE,FALSE,"OPC",30,106,16,90,FALSE,0.99410453989226
"KDM1A",0.0144490411792439,6.24029000983632,0.0120786584912729,0.912676181675829,0.988794572332247,TRUE,FALSE,TRUE,FALSE,"MLI_2",30,98,15,83,FALSE,0.99410453989226
"MAP2K1",0.0121363052669106,5.84207137806935,0.0118146406786579,0.913631676901536,0.983840142629321,TRUE,TRUE,TRUE,TRUE,"Microglia",30,105,16,89,FALSE,0.994157285892373
"TET3",0.0107281941449236,6.84892391401673,0.0113631417472382,0.915287743858685,0.989398521130985,TRUE,FALSE,TRUE,FALSE,"PLI",30,98,16,82,FALSE,0.994157285892373
"ACLY",0.0242506711032224,4.62767786108935,0.0112901187227733,0.915556876753397,0.989230429330106,TRUE,FALSE,FALSE,FALSE,"MLI_2",30,98,15,83,FALSE,0.994157285892373
"KDM1A",-0.0118491019209144,6.10470332730417,0.010926690702721,0.916926287072901,0.983790700047214,TRUE,FALSE,TRUE,FALSE,"Purkinje",30,105,16,89,FALSE,0.994157285892373
"SLCO2B1",0.0167233722772705,1.16986226964226,0.0107978707582837,0.917414202111447,0.976980116123103,TRUE,FALSE,TRUE,FALSE,"Granule",30,109,16,93,FALSE,0.994157285892373
"SGMS1",-0.00807060448709569,7.42734962217101,0.0103273181893494,0.919228490194821,0.984568120991507,TRUE,FALSE,FALSE,FALSE,"Purkinje",30,105,16,89,FALSE,0.994157285892373
"SRC",0.0161718600355268,3.27429347130596,0.0102958415729807,0.919356988736681,0.966117670109173,TRUE,FALSE,TRUE,FALSE,"Bergmann",30,108,16,92,FALSE,0.994157285892373
"SLC16A1",-0.0146968603105478,3.87951503752035,0.0102535493925818,0.919510663743457,0.980190132479768,TRUE,FALSE,FALSE,FALSE,"Oligodendrocytes",30,106,16,90,FALSE,0.994157285892373
"JUN",-0.02608308265798,4.65829270302547,0.00957527005008395,0.922223379806192,0.986971464359314,TRUE,FALSE,TRUE,TRUE,"Golgi",30,105,16,89,FALSE,0.994891076496808
"ALK",-0.0187384540236669,4.39418492207941,0.00941766551108367,0.922834048932089,0.986989480939821,TRUE,FALSE,FALSE,FALSE,"Golgi",30,105,16,89,FALSE,0.994891076496808
"MAPK10",-0.00741742525879607,8.77785745804784,0.00919846604685538,0.923761649384203,0.980507419988272,TRUE,FALSE,TRUE,FALSE,"Oligodendrocytes",30,106,16,90,FALSE,0.994891076496808
"HIF1A",0.0127255899169779,6.64291560744395,0.00905715442800734,0.924334231410619,0.982042472349191,TRUE,FALSE,TRUE,FALSE,"UBC",30,101,15,86,FALSE,0.994891076496808
"TET3",-0.0082315326235834,6.85113581178431,0.00890538343204971,0.924983124882366,0.981944953665271,TRUE,FALSE,TRUE,FALSE,"Astrocytes",30,107,16,91,FALSE,0.994891076496808
"KDM6B",0.0190482194014595,5.34001376798769,0.00881204194614462,0.925378568256047,0.987751960958655,TRUE,FALSE,TRUE,FALSE,"Golgi",30,105,16,89,FALSE,0.994891076496808
"STS",-0.0156446680856715,4.95506884446682,0.00858634369877828,0.926338389412204,0.993894125252314,TRUE,FALSE,TRUE,FALSE,"Endocytes",30,99,16,83,FALSE,0.994891076496808
"ENPP1",0.0164498532781731,2.47971872725914,0.00828540459046686,0.927626123262137,0.96968620000338,TRUE,FALSE,TRUE,FALSE,"Bergmann",30,108,16,92,FALSE,0.994891076496808
"SLC22A2",-0.0186945451575614,-0.869260770715392,0.00823129342681011,0.927829305982091,0.979060439510459,TRUE,FALSE,FALSE,FALSE,"Granule",30,109,16,93,FALSE,0.994891076496808
"MAPK10",0.006135187921848,8.93937006429827,0.00707340147629382,0.933119066731211,0.991190267082954,TRUE,FALSE,TRUE,FALSE,"MLI_1",30,108,16,92,FALSE,0.996889930001346
"ADORA1",0.0104500107169857,5.47090982587558,0.0068986963502456,0.933947438117924,0.983463389344181,TRUE,FALSE,TRUE,FALSE,"OPC",30,106,16,90,FALSE,0.996889930001346
"PPARD",0.00818770736891126,5.5913241561961,0.00678137657175407,0.934511100358367,0.991644350921055,TRUE,FALSE,TRUE,FALSE,"MLI_1",30,108,16,92,FALSE,0.996889930001346
"ACLY",0.0135898991538075,4.67761271159482,0.00670460455982886,0.93487783127509,0.987693117252463,TRUE,FALSE,FALSE,FALSE,"Microglia",30,105,16,89,FALSE,0.996889930001346
"PPARD",0.00691299885601457,5.60021926053293,0.006605147544079,0.935368276473675,0.98289107967313,TRUE,FALSE,TRUE,FALSE,"Oligodendrocytes",30,106,16,90,FALSE,0.996889930001346
"KDM1A",0.00895922735866586,6.39675384114412,0.00655840738683482,0.935590015185977,0.989398521130985,TRUE,FALSE,TRUE,FALSE,"PLI",30,98,16,82,FALSE,0.996889930001346
"PRKCH",0.0169166944200795,2.23313987437846,0.00651705964872496,0.935791225252606,0.973045213330694,TRUE,FALSE,TRUE,TRUE,"Bergmann",30,108,16,92,FALSE,0.996889930001346
"PDE4B",0.012772680262047,8.51447955780654,0.00637805803469628,0.936498133900582,0.973452127607744,TRUE,FALSE,TRUE,FALSE,"Bergmann",30,108,16,92,FALSE,0.996889930001346
"CA13",0.0104526614491466,4.17743088539763,0.00618638988966794,0.937437076953048,0.983909098899301,TRUE,FALSE,TRUE,FALSE,"OPC",30,106,16,90,FALSE,0.996983896723205
"IGF1R",-0.00544148132706974,8.75392999710452,0.0054723696178443,0.941156988748714,0.984078234076227,TRUE,FALSE,TRUE,FALSE,"OPC",30,106,16,90,FALSE,0.998046666584364
"NR3C1",-0.00626463246779694,8.36254699531766,0.00539426870544138,0.941569533411145,0.986283007926964,TRUE,FALSE,FALSE,FALSE,"UBC",30,101,15,86,FALSE,0.998046666584364
"HDAC6",-0.00923416346403043,5.89864638371475,0.00535086946411278,0.941806220143086,0.989398521130985,TRUE,FALSE,FALSE,FALSE,"PLI",30,98,16,82,FALSE,0.998046666584364
"TET1",-0.00834436619754967,5.93485379825134,0.00522068653153717,0.942517643701219,0.989620558430854,TRUE,FALSE,TRUE,TRUE,"Golgi",30,105,16,89,FALSE,0.998046666584364
"HIF1A",0.00755304225195487,6.54997601403056,0.00516324380692901,0.942837216970173,0.989398521130985,TRUE,FALSE,TRUE,FALSE,"PLI",30,98,16,82,FALSE,0.998046666584364
"SIRT1",-0.00680854306098866,5.39443256518606,0.0048085221578944,0.944834905973343,0.984078234076227,TRUE,FALSE,FALSE,FALSE,"OPC",30,106,16,90,FALSE,0.998046666584364
"CTNNB1",0.00678946687899688,7.83003322913437,0.00469659704910879,0.945489769148157,0.995404657603867,TRUE,FALSE,TRUE,FALSE,"Endocytes",30,99,16,83,FALSE,0.998046666584364
"TET2",0.0118917124596222,5.44629504685936,0.00466989362926098,0.945635050321443,0.99230073814381,TRUE,FALSE,TRUE,TRUE,"MLI_2",30,98,15,83,FALSE,0.998046666584364
"SRD5A1",-0.0137648187630131,5.34456051172581,0.00458836030750511,0.946100551685349,0.986927679109026,TRUE,FALSE,TRUE,FALSE,"UBC",30,101,15,86,FALSE,0.998046666584364
"FDPS",0.00929491643840287,4.37128121573784,0.00403253323651637,0.949475487314167,0.988182212533211,TRUE,FALSE,TRUE,FALSE,"Astrocytes",30,107,16,91,FALSE,0.998736772038621
"PTK2",0.00448337318390273,8.93748212436683,0.00387816177539381,0.950449459847547,0.990610227426648,TRUE,FALSE,FALSE,FALSE,"Purkinje",30,105,16,89,FALSE,0.998736772038621
"SRC",-0.0128979746245324,3.64392420431443,0.00382654888949653,0.950765889090592,0.990172690918495,TRUE,FALSE,TRUE,FALSE,"Microglia",30,105,16,89,FALSE,0.998736772038621
"SRD5A1",-0.00851660239098213,5.39605674028972,0.00361353260385288,0.952167725968416,0.990610227426648,TRUE,FALSE,TRUE,FALSE,"Purkinje",30,105,16,89,FALSE,0.998736772038621
"ADCY10",-0.0139550333353933,3.97763851189284,0.0035881789536506,0.9523446559402,0.980950251541474,TRUE,FALSE,FALSE,FALSE,"Bergmann",30,108,16,92,FALSE,0.998736772038621
"NR1H3",-0.0119724742706673,3.54522579629306,0.00348832538911513,0.95298915616935,0.990520651018257,TRUE,FALSE,TRUE,FALSE,"Microglia",30,105,16,89,FALSE,0.998736772038621
"SLC5A2",0.00877098699331823,-0.270182297276644,0.00310696365150304,0.955627594793706,0.987131300934302,TRUE,FALSE,TRUE,FALSE,"Granule",30,109,16,93,FALSE,0.998736772038621
"PTK2",-0.00353901950838333,8.75001494144713,0.0030031510220493,0.956390932390003,0.99081749304169,TRUE,FALSE,FALSE,FALSE,"Microglia",30,105,16,89,FALSE,0.998736772038621
"MAOB",0.0130813118186818,4.39900421869509,0.00285989824663756,0.957440941896383,0.995979506820719,TRUE,TRUE,TRUE,TRUE,"Endocytes",30,99,16,83,FALSE,0.998736772038621
"SNCA",0.00540730903624918,7.81860727331799,0.00282351260338828,0.957717448186405,0.98725653207044,TRUE,TRUE,TRUE,TRUE,"OPC",30,106,16,90,FALSE,0.998736772038621
"OPRM1",0.00853870102502589,7.09162948318354,0.00255693454052094,0.959770438937435,0.990991685775854,TRUE,FALSE,TRUE,TRUE,"Oligodendrocytes",30,106,16,90,FALSE,0.998736772038621
"PTK2",0.00361524632917695,8.80074849715793,0.00252304796814508,0.960032369955183,0.995991994601756,TRUE,FALSE,FALSE,FALSE,"Endocytes",30,99,16,83,FALSE,0.998736772038621
"PTK2",-0.00292853447295798,8.84473345885971,0.00234051688250614,0.961493217832698,0.993727117584087,TRUE,FALSE,FALSE,FALSE,"Golgi",30,105,16,89,FALSE,0.998736772038621
"LTB4R",-0.00901566488845948,1.5562055359164,0.00226569332323375,0.962109366669519,0.985815121861721,TRUE,FALSE,FALSE,FALSE,"Bergmann",30,108,16,92,FALSE,0.998736772038621
"CA9",-0.00905876882014246,2.96746340359822,0.00213736314895784,0.963205878733476,0.986333546462295,TRUE,TRUE,TRUE,TRUE,"Bergmann",30,108,16,92,FALSE,0.998736772038621
"PRKCQ",0.00808336285233358,3.45693718293255,0.00210332607192653,0.963488386010844,0.991485626710875,TRUE,FALSE,TRUE,FALSE,"Oligodendrocytes",30,106,16,90,FALSE,0.998736772038621
"DUSP3",-0.00697042136114117,3.85954314316991,0.00202597208111064,0.964178778774793,0.986809032008691,TRUE,FALSE,FALSE,FALSE,"Bergmann",30,108,16,92,FALSE,0.998736772038621
"HSP90AB1",-0.0086282773875879,7.2769779666138,0.00181593378181973,0.966094618420708,0.993513217099722,TRUE,FALSE,TRUE,FALSE,"Microglia",30,105,16,89,FALSE,0.998736772038621
"NR3C1",-0.00291171375803077,8.29217592138508,0.00177786687676655,0.96644277920801,0.990537118114974,TRUE,FALSE,FALSE,FALSE,"Granule",30,109,16,93,FALSE,0.998736772038621
"PPARG",0.00652099349677762,5.25204736309302,0.00176642680963708,0.966539494095872,0.993966472524614,TRUE,TRUE,TRUE,TRUE,"PLI",30,98,16,82,FALSE,0.998736772038621
"NR3C1",-0.00299341309669839,8.25599758642351,0.00169120903482933,0.967268786804017,0.9925842324358,TRUE,FALSE,FALSE,FALSE,"Oligodendrocytes",30,106,16,90,FALSE,0.998736772038621
"NR3C1",-0.00322465999403149,8.33629957725248,0.00140321602445025,0.970188108333555,0.99719720890596,TRUE,FALSE,FALSE,FALSE,"Endocytes",30,99,16,83,FALSE,0.998736772038621
"PTPN11",0.00263584422932505,6.14296115056018,0.00125113427305214,0.971846969385185,0.990166925067226,TRUE,FALSE,TRUE,TRUE,"Bergmann",30,108,16,92,FALSE,0.998736772038621
"HDAC6",-0.0053717162250475,5.82438934025187,0.00123889341652384,0.971987532515715,0.99719720890596,TRUE,FALSE,FALSE,FALSE,"Endocytes",30,99,16,83,FALSE,0.998736772038621
"TET1",-0.00509318498337633,5.92786736864001,0.00118385838191283,0.972611558908588,0.995865597195723,TRUE,FALSE,TRUE,TRUE,"MLI_2",30,98,15,83,FALSE,0.998736772038621
"PKM",0.00395934944557753,6.12543693404346,0.00109983557029304,0.973603578007547,0.9907529210132,TRUE,FALSE,TRUE,FALSE,"Bergmann",30,108,16,92,FALSE,0.998736772038621
"FDPS",-0.00440063510241953,4.51000234578678,0.0010346351665127,0.97439331548213,0.993491232687331,TRUE,FALSE,TRUE,FALSE,"OPC",30,106,16,90,FALSE,0.998736772038621
"PDE4B",0.00450510780219877,8.43757104199369,0.00088010461205199,0.976390095097654,0.995328941662797,TRUE,FALSE,TRUE,FALSE,"Astrocytes",30,107,16,91,FALSE,0.998736772038621
"TET3",0.00326569724900772,6.9707357162908,0.000838748337444695,0.97694216360437,0.994999296808131,TRUE,FALSE,TRUE,FALSE,"UBC",30,101,15,86,FALSE,0.998736772038621
"NR1H2",0.00346586286295471,4.40713292754803,0.000788571551765861,0.977644943766272,0.996393934696663,TRUE,FALSE,TRUE,FALSE,"Oligodendrocytes",30,106,16,90,FALSE,0.998736772038621
"YWHAG",-0.00454509496275209,6.62541268603792,0.000781186345026187,0.977755159942227,0.99719720890596,TRUE,FALSE,TRUE,FALSE,"Endocytes",30,99,16,83,FALSE,0.998736772038621
"MAOB",0.00446615759489514,4.36718508757419,0.000638441360955882,0.979879884415153,0.996279237594435,TRUE,TRUE,TRUE,TRUE,"Golgi",30,105,16,89,FALSE,0.998736772038621
"NR1H2",-0.00353445523816212,4.40243048108725,0.000602832682729601,0.980454028553921,0.995660349725978,TRUE,FALSE,TRUE,FALSE,"Astrocytes",30,107,16,91,FALSE,0.998736772038621
"PLK1",0.00475435363990301,1.89976240791225,0.00054101615827255,0.981480379018833,0.994400862047654,TRUE,FALSE,TRUE,FALSE,"Bergmann",30,108,16,92,FALSE,0.998736772038621
"PRKCE",-0.00145401069954838,9.31268143909949,0.000498911328582961,0.98221608205196,0.996454236193521,TRUE,FALSE,TRUE,TRUE,"Golgi",30,105,16,89,FALSE,0.998736772038621
"LYPLA1",-0.00315331851977275,5.18198634775195,0.000497595171065521,0.982240771845849,0.997280748748641,TRUE,FALSE,FALSE,FALSE,"Purkinje",30,105,16,89,FALSE,0.998736772038621
"ADORA1",0.00297300991578388,5.4388800639957,0.000431633015373081,0.983459996371571,0.995873475034303,TRUE,FALSE,TRUE,FALSE,"Microglia",30,105,16,89,FALSE,0.998736772038621
"MGLL",-0.00136034790060199,7.32497828098171,0.000424384722933121,0.983601128235372,0.99498016006414,TRUE,FALSE,TRUE,FALSE,"Bergmann",30,108,16,92,FALSE,0.998736772038621
"CTNNB1",0.00264389436266343,7.97182135337832,0.000416924640904799,0.983738152774142,0.994390328245468,TRUE,FALSE,TRUE,FALSE,"Pericytes",30,91,16,75,FALSE,0.998736772038621
"KDM6B",-0.00326203332012678,5.34823231474371,0.000403684216029484,0.984006711087704,0.997812095038268,TRUE,FALSE,TRUE,FALSE,"MLI_1",30,108,16,92,FALSE,0.998736772038621
"YWHAG",0.00230874969374569,6.27936674929629,0.000396554644254537,0.984147884725625,0.995231839104006,TRUE,FALSE,TRUE,FALSE,"Bergmann",30,108,16,92,FALSE,0.998736772038621
"IGF1R",0.00143569004554132,8.71546016818158,0.000358044863839394,0.984937092459656,0.995450311168207,TRUE,FALSE,TRUE,FALSE,"Granule",30,109,16,93,FALSE,0.998736772038621
"PRKCD",0.00385861301713893,3.84348528510301,0.000318260810976233,0.985797176207459,0.997812095038268,TRUE,FALSE,TRUE,TRUE,"MLI_1",30,108,16,92,FALSE,0.998736772038621
"PPARD",-0.00148542069046098,5.49254513956306,0.00027638885804706,0.986765610607226,0.996317388755898,TRUE,FALSE,TRUE,FALSE,"Bergmann",30,108,16,92,FALSE,0.998736772038621
"ERCC5",0.00116642667126574,6.0346443512134,0.000171326864929319,0.989580073537252,0.996583794482458,TRUE,FALSE,FALSE,FALSE,"Bergmann",30,108,16,92,FALSE,0.998736772038621
"PPARG",0.00204281630761124,5.16358398625787,0.000163151197532943,0.989831699754353,0.997197449129668,TRUE,TRUE,TRUE,TRUE,"Astrocytes",30,107,16,91,FALSE,0.998736772038621
"KDM1A",0.00108761704024807,6.23847736309139,0.000126473475546392,0.991045519721708,0.998600716208824,TRUE,FALSE,TRUE,FALSE,"Golgi",30,105,16,89,FALSE,0.998736772038621
"EPHX2",0.00125265581109899,4.63110091030657,9.59523991590849e-05,0.992201425680472,0.997854054737632,TRUE,FALSE,TRUE,FALSE,"Astrocytes",30,107,16,91,FALSE,0.998736772038621
"POLA1",-0.00102546965087935,7.06941436293535,8.27843048105141e-05,0.992755102051845,0.99936281909136,TRUE,FALSE,TRUE,FALSE,"UBC",30,101,15,86,FALSE,0.998736772038621
"SGMS1",-0.000564163226955484,7.40757565673265,7.88477021463432e-05,0.992931066892527,0.99776814679902,TRUE,FALSE,FALSE,FALSE,"Bergmann",30,108,16,92,FALSE,0.998736772038621
"ALOX5",0.00134628216946018,6.37413978357915,7.64121119374059e-05,0.993041780574271,0.997988570142361,TRUE,TRUE,TRUE,TRUE,"Microglia",30,105,16,89,FALSE,0.998736772038621
"NR1H3",-0.001387128088993,3.22879069665715,6.09433663799721e-05,0.993783280201558,0.998368651319769,TRUE,FALSE,TRUE,FALSE,"Oligodendrocytes",30,106,16,90,FALSE,0.998736772038621
"EIF4A1",0.0018778322948297,4.21027410571445,4.90091518027749e-05,0.994425380375419,0.998959834413215,TRUE,FALSE,TRUE,FALSE,"MLI_2",30,98,15,83,FALSE,0.998736772038621
"MAOB",-0.000828402909288269,4.13988535519833,3.96463905818591e-05,0.994987186114914,0.99843195803798,TRUE,TRUE,TRUE,TRUE,"Granule",30,109,16,93,FALSE,0.998736772038621
"TDP1",0.00106644805212089,5.2647685632975,3.76796989048554e-05,0.995113647236149,0.998614097563557,TRUE,FALSE,TRUE,FALSE,"Endocytes",30,99,16,83,FALSE,0.998736772038621
"DOT1L",-0.00139355265404964,5.6707052071028,3.56150122081256e-05,0.995249836860028,0.998614097563557,TRUE,FALSE,TRUE,FALSE,"Endocytes",30,99,16,83,FALSE,0.998736772038621
"OPRM1",-0.000957229498197117,7.20525282366829,2.78698276739654e-05,0.995799146339141,0.999899501098858,TRUE,FALSE,TRUE,TRUE,"PLI",30,98,16,82,FALSE,0.998736772038621
"SNCA",-0.000570556652349345,7.74870546024129,2.17286948919841e-05,0.996289199390006,0.999777110654175,TRUE,TRUE,TRUE,TRUE,"Golgi",30,105,16,89,FALSE,0.998736772038621
"PTPN11",0.000260937928393103,6.28723671165528,9.97169191225379e-06,0.997485980059977,0.99917962966439,TRUE,FALSE,TRUE,TRUE,"Oligodendrocytes",30,106,16,90,FALSE,0.998736772038621
"PPARD",0.000290899066448199,5.50718719175869,7.06028414587126e-06,0.997884607557359,0.999530467045331,TRUE,FALSE,TRUE,FALSE,"Astrocytes",30,107,16,91,FALSE,0.998736772038621
"CA13",2.11599556357868e-05,3.9209618584747,9.55420821021167e-08,0.999753916525835,0.999892258857458,TRUE,FALSE,TRUE,FALSE,"Granule",30,109,16,93,FALSE,0.999753916525835
