record_id,standard_name,pubchem_cid,rank,target_name,gene_symbol,uniprot_id,chembl_target_id,target_class,probability,known_actives_3d_2d,swiss_job,source_url
PROJECT_ACID,"5-(3,4-dihydroxyphenyl)pentanoic acid",49831816,1,Carbonic anhydrase 9,CA9,Q16790,CHEMBL3594,Lyase,0.7945060104466048,254 / 53,720506548,https://www.swisstargetprediction.ch/result.php?job=720506548&organism=Homo_sapiens
PROJECT_ACID,"5-(3,4-dihydroxyphenyl)pentanoic acid",49831816,2,Carbonic anhydrase 2,CA2,P00918,CHEMBL205,Lyase,0.7945060104466048,310 / 109,720506548,https://www.swisstargetprediction.ch/result.php?job=720506548&organism=Homo_sapiens
PROJECT_ACID,"5-(3,4-dihydroxyphenyl)pentanoic acid",49831816,3,Carbonic anhydrase 1,CA1,P00915,CHEMBL261,Lyase,0.7945060104466048,244 / 94,720506548,https://www.swisstargetprediction.ch/result.php?job=720506548&organism=Homo_sapiens
PROJECT_ACID,"5-(3,4-dihydroxyphenyl)pentanoic acid",49831816,4,Carbonic anhydrase 12,CA12,O43570,CHEMBL3242,Lyase,0.7945060104466048,230 / 34,720506548,https://www.swisstargetprediction.ch/result.php?job=720506548&organism=Homo_sapiens
PROJECT_ACID,"5-(3,4-dihydroxyphenyl)pentanoic acid",49831816,5,Islet amyloid polypeptide,IAPP,P10997,CHEMBL1914266,Secreted protein,0.7353078927910675,16 / 12,720506548,https://www.swisstargetprediction.ch/result.php?job=720506548&organism=Homo_sapiens
PROJECT_ACID,"5-(3,4-dihydroxyphenyl)pentanoic acid",49831816,6,Alpha-synuclein,SNCA,P37840,CHEMBL6152,Unclassified protein,0.7007554823454307,65 / 17,720506548,https://www.swisstargetprediction.ch/result.php?job=720506548&organism=Homo_sapiens
PROJECT_ACID,"5-(3,4-dihydroxyphenyl)pentanoic acid",49831816,7,Polyunsaturated fatty acid 5-lipoxygenase,ALOX5,P09917,CHEMBL215,Oxidoreductase,0.6754500305928479,271 / 204,720506548,https://www.swisstargetprediction.ch/result.php?job=720506548&organism=Homo_sapiens
PROJECT_ACID,"5-(3,4-dihydroxyphenyl)pentanoic acid",49831816,8,Estrogen receptor beta,ESR2,Q92731,CHEMBL242,Nuclear receptor,0.6250377001715448,653 / 279,720506548,https://www.swisstargetprediction.ch/result.php?job=720506548&organism=Homo_sapiens
PROJECT_ACID,"5-(3,4-dihydroxyphenyl)pentanoic acid",49831816,9,Transthyretin,TTR,P02766,CHEMBL3194,Secreted protein,0.6169230773241068,64 / 12,720506548,https://www.swisstargetprediction.ch/result.php?job=720506548&organism=Homo_sapiens
PROJECT_ACID,"5-(3,4-dihydroxyphenyl)pentanoic acid",49831816,10,Polyunsaturated fatty acid lipoxygenase ALOX15,ALOX15,P16050,CHEMBL2903,Oxidoreductase,0.6157103104984504,85 / 41,720506548,https://www.swisstargetprediction.ch/result.php?job=720506548&organism=Homo_sapiens
PROJECT_ACID,"5-(3,4-dihydroxyphenyl)pentanoic acid",49831816,11,Insulin-like growth factor 1 receptor,IGF1R,P08069,CHEMBL1957,Kinase,0.6157103104984504,32 / 16,720506548,https://www.swisstargetprediction.ch/result.php?job=720506548&organism=Homo_sapiens
PROJECT_ACID,"5-(3,4-dihydroxyphenyl)pentanoic acid",49831816,12,Aromatase,CYP19A1,P11511,CHEMBL1978,Cytochrome P450,0.6144961034258485,151 / 206,720506548,https://www.swisstargetprediction.ch/result.php?job=720506548&organism=Homo_sapiens
PROJECT_ACID,"5-(3,4-dihydroxyphenyl)pentanoic acid",49831816,13,Polyunsaturated fatty acid lipoxygenase ALOX12,ALOX12,P18054,CHEMBL3687,Enzyme,0.6059574637426774,50 / 17,720506548,https://www.swisstargetprediction.ch/result.php?job=720506548&organism=Homo_sapiens
PROJECT_ACID,"5-(3,4-dihydroxyphenyl)pentanoic acid",49831816,14,Leukotriene B4 receptor 1,LTB4R,Q15722,CHEMBL3911,Family A G protein-coupled receptor,0.604732223904376,5 / 54,720506548,https://www.swisstargetprediction.ch/result.php?job=720506548&organism=Homo_sapiens
PROJECT_ACID,"5-(3,4-dihydroxyphenyl)pentanoic acid",49831816,15,17-beta-hydroxysteroid dehydrogenase type 2,HSD17B2,P37059,CHEMBL2789,Oxidoreductase,0.604732223904376,214 / 32,720506548,https://www.swisstargetprediction.ch/result.php?job=720506548&organism=Homo_sapiens
PROJECT_ACID,"5-(3,4-dihydroxyphenyl)pentanoic acid",49831816,16,17-beta-hydroxysteroid dehydrogenase type 1,HSD17B1,P14061,CHEMBL3181,Oxidoreductase,0.604732223904376,214 / 66,720506548,https://www.swisstargetprediction.ch/result.php?job=720506548&organism=Homo_sapiens
PROJECT_ACID,"5-(3,4-dihydroxyphenyl)pentanoic acid",49831816,17,Transcription factor AP1,N/A,P05412&P01100,CHEMBL2111421,Transcription factor,0.604732223904376,3 / 4,720506548,https://www.swisstargetprediction.ch/result.php?job=720506548&organism=Homo_sapiens
PROJECT_ACID,"5-(3,4-dihydroxyphenyl)pentanoic acid",49831816,18,Transient receptor potential cation channel subfamily A member 1,TRPA1,O75762,CHEMBL6007,Voltage-gated ion channel,0.604732223904376,10 / 33,720506548,https://www.swisstargetprediction.ch/result.php?job=720506548&organism=Homo_sapiens
PROJECT_ACID,"5-(3,4-dihydroxyphenyl)pentanoic acid",49831816,19,Proto-oncogene tyrosine-protein kinase Src,SRC,P12931,CHEMBL267,Kinase,0.5788630597632692,118 / 14,720506548,https://www.swisstargetprediction.ch/result.php?job=720506548&organism=Homo_sapiens
PROJECT_ACID,"5-(3,4-dihydroxyphenyl)pentanoic acid",49831816,20,Estrogen receptor,ESR1,P03372,CHEMBL206,Nuclear receptor,0.5430177312995449,681 / 387,720506548,https://www.swisstargetprediction.ch/result.php?job=720506548&organism=Homo_sapiens
PROJECT_ACID,"5-(3,4-dihydroxyphenyl)pentanoic acid",49831816,21,Acetylcholinesterase,ACHE,P22303,CHEMBL220,Hydrolase,0.5395680201182823,97 / 250,720506548,https://www.swisstargetprediction.ch/result.php?job=720506548&organism=Homo_sapiens
PROJECT_ACID,"5-(3,4-dihydroxyphenyl)pentanoic acid",49831816,22,Vascular endothelial growth factor receptor 2,KDR,P35968,CHEMBL279,Kinase,0.5102891117027843,168 / 28,720506548,https://www.swisstargetprediction.ch/result.php?job=720506548&organism=Homo_sapiens
PROJECT_ACID,"5-(3,4-dihydroxyphenyl)pentanoic acid",49831816,23,Lysine-specific demethylase 6B,KDM6B,O15054,CHEMBL1938211,Eraser,0.5086686443614774,5 / 1,720506548,https://www.swisstargetprediction.ch/result.php?job=720506548&organism=Homo_sapiens
PROJECT_ACID,"5-(3,4-dihydroxyphenyl)pentanoic acid",49831816,24,DNA polymerase alpha catalytic subunit,POLA1,P09884,CHEMBL1828,Transferase,0.5035286174890297,3 / 15,720506548,https://www.swisstargetprediction.ch/result.php?job=720506548&organism=Homo_sapiens
PROJECT_ACID,"5-(3,4-dihydroxyphenyl)pentanoic acid",49831816,25,5-hydroxytryptamine receptor 2B,HTR2B,P41595,CHEMBL1833,Family A G protein-coupled receptor,0.487789139130197,58 / 41,720506548,https://www.swisstargetprediction.ch/result.php?job=720506548&organism=Homo_sapiens
PROJECT_ACID,"5-(3,4-dihydroxyphenyl)pentanoic acid",49831816,26,Sodium-dependent serotonin transporter,SLC6A4,P31645,CHEMBL228,Electrochemical transporter,0.4558481176100541,7 / 695,720506548,https://www.swisstargetprediction.ch/result.php?job=720506548&organism=Homo_sapiens
PROJECT_ACID,"5-(3,4-dihydroxyphenyl)pentanoic acid",49831816,27,Androgen receptor,AR,P10275,CHEMBL1871,Nuclear receptor,0.45285346354386163,179 / 73,720506548,https://www.swisstargetprediction.ch/result.php?job=720506548&organism=Homo_sapiens
PROJECT_ACID,"5-(3,4-dihydroxyphenyl)pentanoic acid",49831816,28,Cytochrome P450 1B1,CYP1B1,Q16678,CHEMBL4878,Cytochrome P450,0.4515830177250226,65 / 18,720506548,https://www.swisstargetprediction.ch/result.php?job=720506548&organism=Homo_sapiens
PROJECT_ACID,"5-(3,4-dihydroxyphenyl)pentanoic acid",49831816,29,Sex hormone-binding globulin,SHBG,P04278,CHEMBL3305,Secreted protein,0.43557839972886103,8 / 22,720506548,https://www.swisstargetprediction.ch/result.php?job=720506548&organism=Homo_sapiens
PROJECT_ACID,"5-(3,4-dihydroxyphenyl)pentanoic acid",49831816,30,Lysine-specific demethylase 4E,KDM4E,B2RXH2,CHEMBL1293226,Eraser,0.4162375128469763,9 / 3,720506548,https://www.swisstargetprediction.ch/result.php?job=720506548&organism=Homo_sapiens
PROJECT_ACID,"5-(3,4-dihydroxyphenyl)pentanoic acid",49831816,31,5-hydroxytryptamine receptor 1A,HTR1A,P08908,CHEMBL214,Family A G protein-coupled receptor,0.41002457406643683,25 / 190,720506548,https://www.swisstargetprediction.ch/result.php?job=720506548&organism=Homo_sapiens
PROJECT_ACID,"5-(3,4-dihydroxyphenyl)pentanoic acid",49831816,32,Aldo-keto reductase family 1 member C3,AKR1C3,P42330,CHEMBL4681,Oxidoreductase,0.3957811763920882,38 / 64,720506548,https://www.swisstargetprediction.ch/result.php?job=720506548&organism=Homo_sapiens
PROJECT_ACID,"5-(3,4-dihydroxyphenyl)pentanoic acid",49831816,33,ALK tyrosine kinase receptor,ALK,Q9UM73,CHEMBL4247,Kinase,0.387860574721523,23 / 9,720506548,https://www.swisstargetprediction.ch/result.php?job=720506548&organism=Homo_sapiens
PROJECT_ACID,"5-(3,4-dihydroxyphenyl)pentanoic acid",49831816,34,M-phase inducer phosphatase 1,CDC25A,P30304,CHEMBL3775,Phosphatase,0.37809998993750626,34 / 7,720506548,https://www.swisstargetprediction.ch/result.php?job=720506548&organism=Homo_sapiens
PROJECT_ACID,"5-(3,4-dihydroxyphenyl)pentanoic acid",49831816,35,Steryl-sulfatase,STS,P08842,CHEMBL3559,Hydrolase,0.3716616267661007,4 / 171,720506548,https://www.swisstargetprediction.ch/result.php?job=720506548&organism=Homo_sapiens
PROJECT_ACID,"5-(3,4-dihydroxyphenyl)pentanoic acid",49831816,36,Tyrosine-protein kinase Fyn,FYN,P06241,CHEMBL1841,Kinase,0.3566495737534414,67 / 10,720506548,https://www.swisstargetprediction.ch/result.php?job=720506548&organism=Homo_sapiens
PROJECT_ACID,"5-(3,4-dihydroxyphenyl)pentanoic acid",49831816,37,Epidermal growth factor receptor,EGFR,P00533,CHEMBL203,Kinase,0.35204661496230877,233 / 26,720506548,https://www.swisstargetprediction.ch/result.php?job=720506548&organism=Homo_sapiens
PROJECT_ACID,"5-(3,4-dihydroxyphenyl)pentanoic acid",49831816,38,Prostaglandin G/H synthase 2,PTGS2,P35354,CHEMBL230,Oxidoreductase,0.3508776154811365,128 / 67,720506548,https://www.swisstargetprediction.ch/result.php?job=720506548&organism=Homo_sapiens
PROJECT_ACID,"5-(3,4-dihydroxyphenyl)pentanoic acid",49831816,39,Steroid hormone receptor ERR1,ESRRA,P11474,CHEMBL3429,Nuclear receptor,0.3439827700325921,30 / 11,720506548,https://www.swisstargetprediction.ch/result.php?job=720506548&organism=Homo_sapiens
PROJECT_ACID,"5-(3,4-dihydroxyphenyl)pentanoic acid",49831816,40,Steroid hormone receptor ERR2,ESRRB,O95718,CHEMBL3751,Nuclear receptor,0.3439827700325921,20 / 39,720506548,https://www.swisstargetprediction.ch/result.php?job=720506548&organism=Homo_sapiens
PROJECT_ACID,"5-(3,4-dihydroxyphenyl)pentanoic acid",49831816,41,Dual specificity protein phosphatase 3,DUSP3,P51452,CHEMBL2635,Phosphatase,0.32554403279988764,20 / 3,720506548,https://www.swisstargetprediction.ch/result.php?job=720506548&organism=Homo_sapiens
PROJECT_ACID,"5-(3,4-dihydroxyphenyl)pentanoic acid",49831816,42,11-beta-hydroxysteroid dehydrogenase 1,HSD11B1,P28845,CHEMBL4235,Oxidoreductase,0.3180083391383369,32 / 253,720506548,https://www.swisstargetprediction.ch/result.php?job=720506548&organism=Homo_sapiens
PROJECT_ACID,"5-(3,4-dihydroxyphenyl)pentanoic acid",49831816,43,Tyrosine-protein kinase Lck,LCK,P06239,CHEMBL258,Kinase,0.3111634713534645,54 / 11,720506548,https://www.swisstargetprediction.ch/result.php?job=720506548&organism=Homo_sapiens
PROJECT_ACID,"5-(3,4-dihydroxyphenyl)pentanoic acid",49831816,44,"3',5'-cyclic-AMP phosphodiesterase 4B",PDE4B,Q07343,CHEMBL275,Phosphodiesterase,0.30745366393296353,5 / 64,720506548,https://www.swisstargetprediction.ch/result.php?job=720506548&organism=Homo_sapiens
PROJECT_ACID,"5-(3,4-dihydroxyphenyl)pentanoic acid",49831816,45,Sodium-dependent noradrenaline transporter,SLC6A2,P23975,CHEMBL222,Electrochemical transporter,0.28964829541530235,11 / 486,720506548,https://www.swisstargetprediction.ch/result.php?job=720506548&organism=Homo_sapiens
PROJECT_ACID,"5-(3,4-dihydroxyphenyl)pentanoic acid",49831816,46,Adenylate cyclase type 10,ADCY10,Q96PN6,CHEMBL5854,Lyase,0.2890084691543159,4 / 1,720506548,https://www.swisstargetprediction.ch/result.php?job=720506548&organism=Homo_sapiens
PROJECT_ACID,"5-(3,4-dihydroxyphenyl)pentanoic acid",49831816,47,Tyrosine-protein phosphatase non-receptor type 1,PTPN1,P18031,CHEMBL335,Phosphatase,0.2824228484440103,287 / 91,720506548,https://www.swisstargetprediction.ch/result.php?job=720506548&organism=Homo_sapiens
PROJECT_ACID,"5-(3,4-dihydroxyphenyl)pentanoic acid",49831816,48,Prostaglandin E synthase,PTGES,O14684,CHEMBL5658,Isomerase,0.2819680600400054,46 / 52,720506548,https://www.swisstargetprediction.ch/result.php?job=720506548&organism=Homo_sapiens
PROJECT_ACID,"5-(3,4-dihydroxyphenyl)pentanoic acid",49831816,49,Sodium-dependent dopamine transporter,SLC6A3,Q01959,CHEMBL238,Electrochemical transporter,0.281279891360314,10 / 670,720506548,https://www.swisstargetprediction.ch/result.php?job=720506548&organism=Homo_sapiens
PROJECT_ACID,"5-(3,4-dihydroxyphenyl)pentanoic acid",49831816,50,5-hydroxytryptamine receptor 2C,HTR2C,P28335,CHEMBL225,Family A G protein-coupled receptor,0.281279891360314,47 / 71,720506548,https://www.swisstargetprediction.ch/result.php?job=720506548&organism=Homo_sapiens
PROJECT_ACID,"5-(3,4-dihydroxyphenyl)pentanoic acid",49831816,51,Substance-K receptor,TACR2,P21452,CHEMBL2327,Family A G protein-coupled receptor,0.281279891360314,3 / 8,720506548,https://www.swisstargetprediction.ch/result.php?job=720506548&organism=Homo_sapiens
PROJECT_ACID,"5-(3,4-dihydroxyphenyl)pentanoic acid",49831816,52,Alpha-2C adrenergic receptor,ADRA2C,P18825,CHEMBL1916,Family A G protein-coupled receptor,0.281279891360314,19 / 27,720506548,https://www.swisstargetprediction.ch/result.php?job=720506548&organism=Homo_sapiens
PROJECT_ACID,"5-(3,4-dihydroxyphenyl)pentanoic acid",49831816,53,Alpha-2B adrenergic receptor,ADRA2B,P18089,CHEMBL1942,Family A G protein-coupled receptor,0.281279891360314,15 / 20,720506548,https://www.swisstargetprediction.ch/result.php?job=720506548&organism=Homo_sapiens
PROJECT_ACID,"5-(3,4-dihydroxyphenyl)pentanoic acid",49831816,54,HSP60/HSP10,N/A,P10809&P61604,CHEMBL4106131,Unclassified protein,0.281279891360314,12 / 6,720506548,https://www.swisstargetprediction.ch/result.php?job=720506548&organism=Homo_sapiens
PROJECT_ACID,"5-(3,4-dihydroxyphenyl)pentanoic acid",49831816,55,Adenosine receptor A3,ADORA3,P0DMS8,CHEMBL256,Family A G protein-coupled receptor,0.281279891360314,40 / 6,720506548,https://www.swisstargetprediction.ch/result.php?job=720506548&organism=Homo_sapiens
PROJECT_ACID,"5-(3,4-dihydroxyphenyl)pentanoic acid",49831816,56,Alpha-2A adrenergic receptor,ADRA2A,P08913,CHEMBL1867,Family A G protein-coupled receptor,0.281279891360314,25 / 28,720506548,https://www.swisstargetprediction.ch/result.php?job=720506548&organism=Homo_sapiens
PROJECT_ACID,"5-(3,4-dihydroxyphenyl)pentanoic acid",49831816,57,Dual specificity mitogen-activated protein kinase kinase 1,MAP2K1,Q02750,CHEMBL3587,Kinase,0.2732034371626091,8 / 1,720506548,https://www.swisstargetprediction.ch/result.php?job=720506548&organism=Homo_sapiens
PROJECT_ACID,"5-(3,4-dihydroxyphenyl)pentanoic acid",49831816,58,Phosphatidylcholine:ceramide cholinephosphotransferase 2,SGMS2,Q8NHU3,CHEMBL3112379,Transferase,0.25594790898972675,4 / 5,720506548,https://www.swisstargetprediction.ch/result.php?job=720506548&organism=Homo_sapiens
PROJECT_ACID,"5-(3,4-dihydroxyphenyl)pentanoic acid",49831816,59,Phosphatidylcholine:ceramide cholinephosphotransferase 1,SGMS1,Q86VZ5,CHEMBL3611965,Transferase,0.25594790898972675,4 / 5,720506548,https://www.swisstargetprediction.ch/result.php?job=720506548&organism=Homo_sapiens
PROJECT_ACID,"5-(3,4-dihydroxyphenyl)pentanoic acid",49831816,60,Solute carrier family 22 member 2,SLC22A2,O15244,CHEMBL1743122,Electrochemical transporter,0.2548352131057521,1 / 1,720506548,https://www.swisstargetprediction.ch/result.php?job=720506548&organism=Homo_sapiens
PROJECT_ACID,"5-(3,4-dihydroxyphenyl)pentanoic acid",49831816,61,17-beta-hydroxysteroid dehydrogenase type 3,HSD17B3,P37058,CHEMBL4234,Oxidoreductase,0.2546439185729698,29 / 12,720506548,https://www.swisstargetprediction.ch/result.php?job=720506548&organism=Homo_sapiens
PROJECT_ACID,"5-(3,4-dihydroxyphenyl)pentanoic acid",49831816,62,Focal adhesion kinase 1,PTK2,Q05397,CHEMBL2695,Kinase,0.25409737723822673,4 / 3,720506548,https://www.swisstargetprediction.ch/result.php?job=720506548&organism=Homo_sapiens
PROJECT_ACID,"5-(3,4-dihydroxyphenyl)pentanoic acid",49831816,63,Cannabinoid receptor 2,CNR2,P34972,CHEMBL253,Family A G protein-coupled receptor,0.2511364956636883,73 / 403,720506548,https://www.swisstargetprediction.ch/result.php?job=720506548&organism=Homo_sapiens
PROJECT_ACID,"5-(3,4-dihydroxyphenyl)pentanoic acid",49831816,64,Aldehyde oxidase,AOX1,Q06278,CHEMBL3257,Oxidoreductase,0.24458839076205818,1 / 2,720506548,https://www.swisstargetprediction.ch/result.php?job=720506548&organism=Homo_sapiens
PROJECT_ACID,"5-(3,4-dihydroxyphenyl)pentanoic acid",49831816,65,Tyrosinase,TYR,P14679,CHEMBL1973,Oxidoreductase,0.2424270139856361,101 / 28,720506548,https://www.swisstargetprediction.ch/result.php?job=720506548&organism=Homo_sapiens
PROJECT_ACID,"5-(3,4-dihydroxyphenyl)pentanoic acid",49831816,66,Carbonic anhydrase 3,CA3,P07451,CHEMBL2885,Lyase,0.23535668766869813,15 / 5,720506548,https://www.swisstargetprediction.ch/result.php?job=720506548&organism=Homo_sapiens
PROJECT_ACID,"5-(3,4-dihydroxyphenyl)pentanoic acid",49831816,67,Oxysterols receptor LXR-alpha,NR1H3,Q13133,CHEMBL2808,Nuclear receptor,0.22919136225286407,2 / 25,720506548,https://www.swisstargetprediction.ch/result.php?job=720506548&organism=Homo_sapiens
PROJECT_ACID,"5-(3,4-dihydroxyphenyl)pentanoic acid",49831816,68,Oxysterols receptor LXR-beta,NR1H2,P55055,CHEMBL4093,Nuclear receptor,0.22919136225286407,1 / 23,720506548,https://www.swisstargetprediction.ch/result.php?job=720506548&organism=Homo_sapiens
PROJECT_ACID,"5-(3,4-dihydroxyphenyl)pentanoic acid",49831816,69,Carbonic anhydrase 6,CA6,P23280,CHEMBL3025,Lyase,0.22271004714148357,30 / 22,720506548,https://www.swisstargetprediction.ch/result.php?job=720506548&organism=Homo_sapiens
PROJECT_ACID,"5-(3,4-dihydroxyphenyl)pentanoic acid",49831816,70,Peroxisome proliferator-activated receptor gamma,PPARG,P37231,CHEMBL235,Nuclear receptor,0.2221110132172988,52 / 293,720506548,https://www.swisstargetprediction.ch/result.php?job=720506548&organism=Homo_sapiens
PROJECT_ACID,"5-(3,4-dihydroxyphenyl)pentanoic acid",49831816,71,Histone deacetylase 6,HDAC6,Q9UBN7,CHEMBL1865,Eraser,0.22059732008771582,62 / 59,720506548,https://www.swisstargetprediction.ch/result.php?job=720506548&organism=Homo_sapiens
PROJECT_ACID,"5-(3,4-dihydroxyphenyl)pentanoic acid",49831816,72,Farnesyl pyrophosphate synthase,FDPS,P14324,CHEMBL1782,Transferase,0.21858037115229353,177 / 21,720506548,https://www.swisstargetprediction.ch/result.php?job=720506548&organism=Homo_sapiens
PROJECT_ACID,"5-(3,4-dihydroxyphenyl)pentanoic acid",49831816,73,Prostaglandin E2 receptor EP2 subtype,PTGER2,P43116,CHEMBL1881,Family A G protein-coupled receptor,0.21659071656338816,2 / 44,720506548,https://www.swisstargetprediction.ch/result.php?job=720506548&organism=Homo_sapiens
PROJECT_ACID,"5-(3,4-dihydroxyphenyl)pentanoic acid",49831816,74,Carbonic anhydrase 4,CA4,P22748,CHEMBL3729,Lyase,0.21052837011060072,49 / 27,720506548,https://www.swisstargetprediction.ch/result.php?job=720506548&organism=Homo_sapiens
PROJECT_ACID,"5-(3,4-dihydroxyphenyl)pentanoic acid",49831816,75,Induced myeloid leukemia cell differentiation protein Mcl-1,MCL1,Q07820,CHEMBL4361,Other cytosolic protein,0.20796163423921377,136 / 29,720506548,https://www.swisstargetprediction.ch/result.php?job=720506548&organism=Homo_sapiens
PROJECT_ACID,"5-(3,4-dihydroxyphenyl)pentanoic acid",49831816,76,Disabled homolog 2-interacting protein,DAB2IP,Q5VWQ8,CHEMBL4523330,Unclassified protein,0.20562143872932806,2 / 1,720506548,https://www.swisstargetprediction.ch/result.php?job=720506548&organism=Homo_sapiens
PROJECT_ACID,"5-(3,4-dihydroxyphenyl)pentanoic acid",49831816,77,Carbonic anhydrase 7,CA7,P43166,CHEMBL2326,Lyase,0.20511889829438687,79 / 36,720506548,https://www.swisstargetprediction.ch/result.php?job=720506548&organism=Homo_sapiens
PROJECT_ACID,"5-(3,4-dihydroxyphenyl)pentanoic acid",49831816,78,NAD-dependent protein deacetylase sirtuin-1,SIRT1,Q96EB6,CHEMBL4506,Eraser,0.20395504297505063,24 / 6,720506548,https://www.swisstargetprediction.ch/result.php?job=720506548&organism=Homo_sapiens
PROJECT_ACID,"5-(3,4-dihydroxyphenyl)pentanoic acid",49831816,79,Prostaglandin G/H synthase 1,PTGS1,P23219,CHEMBL221,Oxidoreductase,0.19374114303443868,55 / 53,720506548,https://www.swisstargetprediction.ch/result.php?job=720506548&organism=Homo_sapiens
PROJECT_ACID,"5-(3,4-dihydroxyphenyl)pentanoic acid",49831816,80,Amyloid-beta precursor protein,APP,P05067,CHEMBL2487,Membrane receptor,0.18981516788192893,152 / 32,720506548,https://www.swisstargetprediction.ch/result.php?job=720506548&organism=Homo_sapiens
PROJECT_ACID,"5-(3,4-dihydroxyphenyl)pentanoic acid",49831816,81,Cannabinoid receptor 1,CNR1,P21554,CHEMBL218,Family A G protein-coupled receptor,0.18507492157969924,41 / 271,720506548,https://www.swisstargetprediction.ch/result.php?job=720506548&organism=Homo_sapiens
PROJECT_ACID,"5-(3,4-dihydroxyphenyl)pentanoic acid",49831816,82,Prostaglandin F2-alpha receptor,PTGFR,P43088,CHEMBL1987,Family A G protein-coupled receptor,0.1834282086907237,1 / 22,720506548,https://www.swisstargetprediction.ch/result.php?job=720506548&organism=Homo_sapiens
PROJECT_ACID,"5-(3,4-dihydroxyphenyl)pentanoic acid",49831816,83,Amine oxidase [flavin-containing] A,MAOA,P21397,CHEMBL1951,Oxidoreductase,0.1788842031496872,178 / 85,720506548,https://www.swisstargetprediction.ch/result.php?job=720506548&organism=Homo_sapiens
PROJECT_ACID,"5-(3,4-dihydroxyphenyl)pentanoic acid",49831816,84,Amine oxidase [flavin-containing] B,MAOB,P27338,CHEMBL2039,Oxidoreductase,0.1768051144777013,257 / 211,720506548,https://www.swisstargetprediction.ch/result.php?job=720506548&organism=Homo_sapiens
PROJECT_ACID,"5-(3,4-dihydroxyphenyl)pentanoic acid",49831816,85,Monocarboxylate transporter 1,SLC16A1,P53985,CHEMBL4360,Electrochemical transporter,0.17572567884705004,3 / 2,720506548,https://www.swisstargetprediction.ch/result.php?job=720506548&organism=Homo_sapiens
PROJECT_ACID,"5-(3,4-dihydroxyphenyl)pentanoic acid",49831816,86,Methylcytosine dioxygenase TET1,TET1,Q8NFU7,CHEMBL4523402,Oxidoreductase,0.16870711746976874,3 / 2,720506548,https://www.swisstargetprediction.ch/result.php?job=720506548&organism=Homo_sapiens
PROJECT_ACID,"5-(3,4-dihydroxyphenyl)pentanoic acid",49831816,87,Methylcytosine dioxygenase TET2,TET2,Q6N021,CHEMBL4523344,Oxidoreductase,0.16870711746976874,3 / 1,720506548,https://www.swisstargetprediction.ch/result.php?job=720506548&organism=Homo_sapiens
PROJECT_ACID,"5-(3,4-dihydroxyphenyl)pentanoic acid",49831816,88,Methylcytosine dioxygenase TET3,TET3,O43151,CHEMBL4879414,Oxidoreductase,0.16870711746976874,3 / 3,720506548,https://www.swisstargetprediction.ch/result.php?job=720506548&organism=Homo_sapiens
PROJECT_ACID,"5-(3,4-dihydroxyphenyl)pentanoic acid",49831816,89,Kinesin-like protein KIF11,KIF11,P52732,CHEMBL4581,Other cytosolic protein,0.16835843474002696,5 / 41,720506548,https://www.swisstargetprediction.ch/result.php?job=720506548&organism=Homo_sapiens
PROJECT_ACID,"5-(3,4-dihydroxyphenyl)pentanoic acid",49831816,90,Bile acid receptor,NR1H4,Q96RI1,CHEMBL2047,Nuclear receptor,0.16428252518108513,10 / 34,720506548,https://www.swisstargetprediction.ch/result.php?job=720506548&organism=Homo_sapiens
PROJECT_ACID,"5-(3,4-dihydroxyphenyl)pentanoic acid",49831816,91,Glucocorticoid receptor,NR3C1,P04150,CHEMBL2034,Nuclear receptor,0.1583717175908188,5 / 126,720506548,https://www.swisstargetprediction.ch/result.php?job=720506548&organism=Homo_sapiens
PROJECT_ACID,"5-(3,4-dihydroxyphenyl)pentanoic acid",49831816,92,"3',5'-cyclic-AMP phosphodiesterase 4D",PDE4D,Q08499,CHEMBL288,Phosphodiesterase,0.15385955981142646,45 / 42,720506548,https://www.swisstargetprediction.ch/result.php?job=720506548&organism=Homo_sapiens
PROJECT_ACID,"5-(3,4-dihydroxyphenyl)pentanoic acid",49831816,93,Cyclin-dependent kinase 1,CDK1,P06493,CHEMBL308,Kinase,0.15323658435074766,87 / 3,720506548,https://www.swisstargetprediction.ch/result.php?job=720506548&organism=Homo_sapiens
PROJECT_ACID,"5-(3,4-dihydroxyphenyl)pentanoic acid",49831816,94,DNA repair nuclease/redox regulator APEX1,APEX1,P27695,CHEMBL5619,Enzyme,0.15097262681621335,12 / 2,720506548,https://www.swisstargetprediction.ch/result.php?job=720506548&organism=Homo_sapiens
PROJECT_ACID,"5-(3,4-dihydroxyphenyl)pentanoic acid",49831816,95,Histone acetyltransferase KAT2B,KAT2B,Q92831,CHEMBL5500,Writer,0.1496737825229705,6 / 6,720506548,https://www.swisstargetprediction.ch/result.php?job=720506548&organism=Homo_sapiens
PROJECT_ACID,"5-(3,4-dihydroxyphenyl)pentanoic acid",49831816,96,Cytochrome P450 1A2,CYP1A2,P05177,CHEMBL3356,Cytochrome P450,0.1461688841950639,8 / 3,720506548,https://www.swisstargetprediction.ch/result.php?job=720506548&organism=Homo_sapiens
PROJECT_ACID,"5-(3,4-dihydroxyphenyl)pentanoic acid",49831816,97,Cholinesterase,BCHE,P06276,CHEMBL1914,Hydrolase,0.14242812211276284,44 / 37,720506548,https://www.swisstargetprediction.ch/result.php?job=720506548&organism=Homo_sapiens
PROJECT_ACID,"5-(3,4-dihydroxyphenyl)pentanoic acid",49831816,98,Prostaglandin E2 receptor EP1 subtype,PTGER1,P34995,CHEMBL1811,Family A G protein-coupled receptor,0.1401681666350022,4 / 12,720506548,https://www.swisstargetprediction.ch/result.php?job=720506548&organism=Homo_sapiens
PROJECT_ACID,"5-(3,4-dihydroxyphenyl)pentanoic acid",49831816,99,Toll-like receptor 4,TLR4,O00206,CHEMBL5255,Toll-like and Il-1 receptors,0.13785269977717637,5 / 5,720506548,https://www.swisstargetprediction.ch/result.php?job=720506548&organism=Homo_sapiens
PROJECT_ACID,"5-(3,4-dihydroxyphenyl)pentanoic acid",49831816,100,Collagenase 3,MMP13,P45452,CHEMBL280,Protease,0.1334189085601384,22 / 33,720506548,https://www.swisstargetprediction.ch/result.php?job=720506548&organism=Homo_sapiens
LACTONE_UNSPECIFIED,"5-[(3,4-dihydroxyphenyl)methyl]oxolan-2-one",152432,1,Aromatase,CYP19A1,P11511,CHEMBL1978,Cytochrome P450,0.5942848769516718,82 / 170,227806453,https://www.swisstargetprediction.ch/result.php?job=227806453&organism=Homo_sapiens
LACTONE_UNSPECIFIED,"5-[(3,4-dihydroxyphenyl)methyl]oxolan-2-one",152432,2,Carbonic anhydrase 9,CA9,Q16790,CHEMBL3594,Lyase,0.5428199874782651,310 / 58,227806453,https://www.swisstargetprediction.ch/result.php?job=227806453&organism=Homo_sapiens
LACTONE_UNSPECIFIED,"5-[(3,4-dihydroxyphenyl)methyl]oxolan-2-one",152432,3,Carbonic anhydrase 2,CA2,P00918,CHEMBL205,Lyase,0.5428199874782651,334 / 96,227806453,https://www.swisstargetprediction.ch/result.php?job=227806453&organism=Homo_sapiens
LACTONE_UNSPECIFIED,"5-[(3,4-dihydroxyphenyl)methyl]oxolan-2-one",152432,4,Carbonic anhydrase 1,CA1,P00915,CHEMBL261,Lyase,0.5428199874782651,280 / 89,227806453,https://www.swisstargetprediction.ch/result.php?job=227806453&organism=Homo_sapiens
LACTONE_UNSPECIFIED,"5-[(3,4-dihydroxyphenyl)methyl]oxolan-2-one",152432,5,Carbonic anhydrase 12,CA12,O43570,CHEMBL3242,Lyase,0.5428199874782651,293 / 39,227806453,https://www.swisstargetprediction.ch/result.php?job=227806453&organism=Homo_sapiens
LACTONE_UNSPECIFIED,"5-[(3,4-dihydroxyphenyl)methyl]oxolan-2-one",152432,6,Amyloid-beta precursor protein,APP,P05067,CHEMBL2487,Membrane receptor,0.5223121690094501,106 / 23,227806453,https://www.swisstargetprediction.ch/result.php?job=227806453&organism=Homo_sapiens
LACTONE_UNSPECIFIED,"5-[(3,4-dihydroxyphenyl)methyl]oxolan-2-one",152432,7,Aldo-keto reductase family 1 member C3,AKR1C3,P42330,CHEMBL4681,Oxidoreductase,0.5186642333601209,39 / 66,227806453,https://www.swisstargetprediction.ch/result.php?job=227806453&organism=Homo_sapiens
LACTONE_UNSPECIFIED,"5-[(3,4-dihydroxyphenyl)methyl]oxolan-2-one",152432,8,Estrogen receptor beta,ESR2,Q92731,CHEMBL242,Nuclear receptor,0.515285208198083,645 / 231,227806453,https://www.swisstargetprediction.ch/result.php?job=227806453&organism=Homo_sapiens
LACTONE_UNSPECIFIED,"5-[(3,4-dihydroxyphenyl)methyl]oxolan-2-one",152432,9,Estrogen receptor,ESR1,P03372,CHEMBL206,Nuclear receptor,0.515285208198083,661 / 275,227806453,https://www.swisstargetprediction.ch/result.php?job=227806453&organism=Homo_sapiens
LACTONE_UNSPECIFIED,"5-[(3,4-dihydroxyphenyl)methyl]oxolan-2-one",152432,10,17-beta-hydroxysteroid dehydrogenase type 2,HSD17B2,P37059,CHEMBL2789,Oxidoreductase,0.5058784072905105,175 / 23,227806453,https://www.swisstargetprediction.ch/result.php?job=227806453&organism=Homo_sapiens
LACTONE_UNSPECIFIED,"5-[(3,4-dihydroxyphenyl)methyl]oxolan-2-one",152432,11,Polyunsaturated fatty acid 5-lipoxygenase,ALOX5,P09917,CHEMBL215,Oxidoreductase,0.3979271323832418,224 / 195,227806453,https://www.swisstargetprediction.ch/result.php?job=227806453&organism=Homo_sapiens
LACTONE_UNSPECIFIED,"5-[(3,4-dihydroxyphenyl)methyl]oxolan-2-one",152432,12,Toll-like receptor 4,TLR4,O00206,CHEMBL5255,Toll-like and Il-1 receptors,0.3518593708801075,5 / 4,227806453,https://www.swisstargetprediction.ch/result.php?job=227806453&organism=Homo_sapiens
LACTONE_UNSPECIFIED,"5-[(3,4-dihydroxyphenyl)methyl]oxolan-2-one",152432,13,Sex hormone-binding globulin,SHBG,P04278,CHEMBL3305,Secreted protein,0.33133480039822083,5 / 23,227806453,https://www.swisstargetprediction.ch/result.php?job=227806453&organism=Homo_sapiens
LACTONE_UNSPECIFIED,"5-[(3,4-dihydroxyphenyl)methyl]oxolan-2-one",152432,14,Lysine-specific demethylase 6B,KDM6B,O15054,CHEMBL1938211,Eraser,0.26418614780353855,4 / 1,227806453,https://www.swisstargetprediction.ch/result.php?job=227806453&organism=Homo_sapiens
LACTONE_UNSPECIFIED,"5-[(3,4-dihydroxyphenyl)methyl]oxolan-2-one",152432,15,14-3-3 protein gamma,YWHAG,P61981,CHEMBL1293296,Unclassified protein,0.26258277556333404,2 / 2,227806453,https://www.swisstargetprediction.ch/result.php?job=227806453&organism=Homo_sapiens
LACTONE_UNSPECIFIED,"5-[(3,4-dihydroxyphenyl)methyl]oxolan-2-one",152432,16,Polyunsaturated fatty acid lipoxygenase ALOX12,ALOX12,P18054,CHEMBL3687,Enzyme,0.24983965681592366,36 / 15,227806453,https://www.swisstargetprediction.ch/result.php?job=227806453&organism=Homo_sapiens
LACTONE_UNSPECIFIED,"5-[(3,4-dihydroxyphenyl)methyl]oxolan-2-one",152432,17,Polyunsaturated fatty acid lipoxygenase ALOX15,ALOX15,P16050,CHEMBL2903,Oxidoreductase,0.24983965681592366,78 / 31,227806453,https://www.swisstargetprediction.ch/result.php?job=227806453&organism=Homo_sapiens
LACTONE_UNSPECIFIED,"5-[(3,4-dihydroxyphenyl)methyl]oxolan-2-one",152432,18,Dual specificity mitogen-activated protein kinase kinase 1,MAP2K1,Q02750,CHEMBL3587,Kinase,0.2434444242671419,12 / 1,227806453,https://www.swisstargetprediction.ch/result.php?job=227806453&organism=Homo_sapiens
LACTONE_UNSPECIFIED,"5-[(3,4-dihydroxyphenyl)methyl]oxolan-2-one",152432,19,Peroxisome proliferator-activated receptor gamma,PPARG,P37231,CHEMBL235,Nuclear receptor,0.23974554745410698,41 / 331,227806453,https://www.swisstargetprediction.ch/result.php?job=227806453&organism=Homo_sapiens
LACTONE_UNSPECIFIED,"5-[(3,4-dihydroxyphenyl)methyl]oxolan-2-one",152432,20,Proto-oncogene tyrosine-protein kinase Src,SRC,P12931,CHEMBL267,Kinase,0.2310578724282297,140 / 9,227806453,https://www.swisstargetprediction.ch/result.php?job=227806453&organism=Homo_sapiens
LACTONE_UNSPECIFIED,"5-[(3,4-dihydroxyphenyl)methyl]oxolan-2-one",152432,21,Transcription factor Jun,JUN,P05412,CHEMBL4977,Transcription factor,0.23008262637371232,5 / 5,227806453,https://www.swisstargetprediction.ch/result.php?job=227806453&organism=Homo_sapiens
LACTONE_UNSPECIFIED,"5-[(3,4-dihydroxyphenyl)methyl]oxolan-2-one",152432,22,Methylcytosine dioxygenase TET1,TET1,Q8NFU7,CHEMBL4523402,Oxidoreductase,0.22226927465050547,3 / 2,227806453,https://www.swisstargetprediction.ch/result.php?job=227806453&organism=Homo_sapiens
LACTONE_UNSPECIFIED,"5-[(3,4-dihydroxyphenyl)methyl]oxolan-2-one",152432,23,Methylcytosine dioxygenase TET2,TET2,Q6N021,CHEMBL4523344,Oxidoreductase,0.22226927465050547,3 / 1,227806453,https://www.swisstargetprediction.ch/result.php?job=227806453&organism=Homo_sapiens
LACTONE_UNSPECIFIED,"5-[(3,4-dihydroxyphenyl)methyl]oxolan-2-one",152432,24,Methylcytosine dioxygenase TET3,TET3,O43151,CHEMBL4879414,Oxidoreductase,0.22226927465050547,3 / 3,227806453,https://www.swisstargetprediction.ch/result.php?job=227806453&organism=Homo_sapiens
LACTONE_UNSPECIFIED,"5-[(3,4-dihydroxyphenyl)methyl]oxolan-2-one",152432,25,Oxysterols receptor LXR-alpha,NR1H3,Q13133,CHEMBL2808,Nuclear receptor,0.218886765524398,1 / 22,227806453,https://www.swisstargetprediction.ch/result.php?job=227806453&organism=Homo_sapiens
LACTONE_UNSPECIFIED,"5-[(3,4-dihydroxyphenyl)methyl]oxolan-2-one",152432,26,Oxysterols receptor LXR-beta,NR1H2,P55055,CHEMBL4093,Nuclear receptor,0.218886765524398,2 / 19,227806453,https://www.swisstargetprediction.ch/result.php?job=227806453&organism=Homo_sapiens
LACTONE_UNSPECIFIED,"5-[(3,4-dihydroxyphenyl)methyl]oxolan-2-one",152432,27,Insulin-like growth factor 1 receptor,IGF1R,P08069,CHEMBL1957,Kinase,0.21860047825867243,43 / 15,227806453,https://www.swisstargetprediction.ch/result.php?job=227806453&organism=Homo_sapiens
LACTONE_UNSPECIFIED,"5-[(3,4-dihydroxyphenyl)methyl]oxolan-2-one",152432,28,Kappa-type opioid receptor,OPRK1,P41145,CHEMBL237,Family A G protein-coupled receptor,0.21740759441826632,100 / 642,227806453,https://www.swisstargetprediction.ch/result.php?job=227806453&organism=Homo_sapiens
LACTONE_UNSPECIFIED,"5-[(3,4-dihydroxyphenyl)methyl]oxolan-2-one",152432,29,Prostaglandin E synthase,PTGES,O14684,CHEMBL5658,Isomerase,0.2145563218090811,34 / 53,227806453,https://www.swisstargetprediction.ch/result.php?job=227806453&organism=Homo_sapiens
LACTONE_UNSPECIFIED,"5-[(3,4-dihydroxyphenyl)methyl]oxolan-2-one",152432,30,Hepatocyte growth factor receptor,MET,P08581,CHEMBL3717,Kinase,0.20393915367631113,131 / 28,227806453,https://www.swisstargetprediction.ch/result.php?job=227806453&organism=Homo_sapiens
LACTONE_UNSPECIFIED,"5-[(3,4-dihydroxyphenyl)methyl]oxolan-2-one",152432,31,Transthyretin,TTR,P02766,CHEMBL3194,Secreted protein,0.2024123730787342,54 / 11,227806453,https://www.swisstargetprediction.ch/result.php?job=227806453&organism=Homo_sapiens
LACTONE_UNSPECIFIED,"5-[(3,4-dihydroxyphenyl)methyl]oxolan-2-one",152432,32,Islet amyloid polypeptide,IAPP,P10997,CHEMBL1914266,Secreted protein,0.19883842490470588,17 / 8,227806453,https://www.swisstargetprediction.ch/result.php?job=227806453&organism=Homo_sapiens
LACTONE_UNSPECIFIED,"5-[(3,4-dihydroxyphenyl)methyl]oxolan-2-one",152432,33,17-beta-hydroxysteroid dehydrogenase type 3,HSD17B3,P37058,CHEMBL4234,Oxidoreductase,0.1944081993772598,63 / 12,227806453,https://www.swisstargetprediction.ch/result.php?job=227806453&organism=Homo_sapiens
LACTONE_UNSPECIFIED,"5-[(3,4-dihydroxyphenyl)methyl]oxolan-2-one",152432,34,5-hydroxytryptamine receptor 1A,HTR1A,P08908,CHEMBL214,Family A G protein-coupled receptor,0.19425509660099666,52 / 73,227806453,https://www.swisstargetprediction.ch/result.php?job=227806453&organism=Homo_sapiens
LACTONE_UNSPECIFIED,"5-[(3,4-dihydroxyphenyl)methyl]oxolan-2-one",152432,35,17-beta-hydroxysteroid dehydrogenase type 1,HSD17B1,P14061,CHEMBL3181,Oxidoreductase,0.19342654386036967,174 / 62,227806453,https://www.swisstargetprediction.ch/result.php?job=227806453&organism=Homo_sapiens
LACTONE_UNSPECIFIED,"5-[(3,4-dihydroxyphenyl)methyl]oxolan-2-one",152432,36,Farnesyl pyrophosphate synthase,FDPS,P14324,CHEMBL1782,Transferase,0.18661976518431816,177 / 20,227806453,https://www.swisstargetprediction.ch/result.php?job=227806453&organism=Homo_sapiens
LACTONE_UNSPECIFIED,"5-[(3,4-dihydroxyphenyl)methyl]oxolan-2-one",152432,37,Carbonic anhydrase 7,CA7,P43166,CHEMBL2326,Lyase,0.18383205482518122,86 / 35,227806453,https://www.swisstargetprediction.ch/result.php?job=227806453&organism=Homo_sapiens
LACTONE_UNSPECIFIED,"5-[(3,4-dihydroxyphenyl)methyl]oxolan-2-one",152432,38,Alpha-synuclein,SNCA,P37840,CHEMBL6152,Unclassified protein,0.16912863413791013,72 / 13,227806453,https://www.swisstargetprediction.ch/result.php?job=227806453&organism=Homo_sapiens
LACTONE_UNSPECIFIED,"5-[(3,4-dihydroxyphenyl)methyl]oxolan-2-one",152432,39,Induced myeloid leukemia cell differentiation protein Mcl-1,MCL1,Q07820,CHEMBL4361,Other cytosolic protein,0.16571647974985557,157 / 27,227806453,https://www.swisstargetprediction.ch/result.php?job=227806453&organism=Homo_sapiens
LACTONE_UNSPECIFIED,"5-[(3,4-dihydroxyphenyl)methyl]oxolan-2-one",152432,40,Sodium-dependent dopamine transporter,SLC6A3,Q01959,CHEMBL238,Electrochemical transporter,0.1612041125595595,15 / 477,227806453,https://www.swisstargetprediction.ch/result.php?job=227806453&organism=Homo_sapiens
LACTONE_UNSPECIFIED,"5-[(3,4-dihydroxyphenyl)methyl]oxolan-2-one",152432,41,beta-catenin-B-cell lymphoma 9 protein complex,N/A,P35222&O00512,CHEMBL3885525,Unclassified protein,0.1587542665335599,11 / 4,227806453,https://www.swisstargetprediction.ch/result.php?job=227806453&organism=Homo_sapiens
LACTONE_UNSPECIFIED,"5-[(3,4-dihydroxyphenyl)methyl]oxolan-2-one",152432,42,Steroid hormone receptor ERR1,ESRRA,P11474,CHEMBL3429,Nuclear receptor,0.15704427819123748,31 / 8,227806453,https://www.swisstargetprediction.ch/result.php?job=227806453&organism=Homo_sapiens
LACTONE_UNSPECIFIED,"5-[(3,4-dihydroxyphenyl)methyl]oxolan-2-one",152432,43,Vascular endothelial growth factor receptor 2,KDR,P35968,CHEMBL279,Kinase,0.15248920490591003,118 / 21,227806453,https://www.swisstargetprediction.ch/result.php?job=227806453&organism=Homo_sapiens
LACTONE_UNSPECIFIED,"5-[(3,4-dihydroxyphenyl)methyl]oxolan-2-one",152432,44,72 kDa type IV collagenase,MMP2,P08253,CHEMBL333,Protease,0.14837264965434888,111 / 133,227806453,https://www.swisstargetprediction.ch/result.php?job=227806453&organism=Homo_sapiens
LACTONE_UNSPECIFIED,"5-[(3,4-dihydroxyphenyl)methyl]oxolan-2-one",152432,45,Epidermal growth factor receptor,EGFR,P00533,CHEMBL203,Kinase,0.14731051065305617,199 / 15,227806453,https://www.swisstargetprediction.ch/result.php?job=227806453&organism=Homo_sapiens
LACTONE_UNSPECIFIED,"5-[(3,4-dihydroxyphenyl)methyl]oxolan-2-one",152432,46,Transient receptor potential cation channel subfamily A member 1,TRPA1,O75762,CHEMBL6007,Voltage-gated ion channel,0.1463401446117906,6 / 23,227806453,https://www.swisstargetprediction.ch/result.php?job=227806453&organism=Homo_sapiens
LACTONE_UNSPECIFIED,"5-[(3,4-dihydroxyphenyl)methyl]oxolan-2-one",152432,47,Steryl-sulfatase,STS,P08842,CHEMBL3559,Hydrolase,0.13917087844217085,16 / 125,227806453,https://www.swisstargetprediction.ch/result.php?job=227806453&organism=Homo_sapiens
LACTONE_UNSPECIFIED,"5-[(3,4-dihydroxyphenyl)methyl]oxolan-2-one",152432,48,Carbonic anhydrase 14,CA14,Q9ULX7,CHEMBL3510,Lyase,0.13818414872011814,82 / 17,227806453,https://www.swisstargetprediction.ch/result.php?job=227806453&organism=Homo_sapiens
LACTONE_UNSPECIFIED,"5-[(3,4-dihydroxyphenyl)methyl]oxolan-2-one",152432,49,Sodium-dependent noradrenaline transporter,SLC6A2,P23975,CHEMBL222,Electrochemical transporter,0.13651683352772834,17 / 330,227806453,https://www.swisstargetprediction.ch/result.php?job=227806453&organism=Homo_sapiens
LACTONE_UNSPECIFIED,"5-[(3,4-dihydroxyphenyl)methyl]oxolan-2-one",152432,50,Cytochrome P450 1B1,CYP1B1,Q16678,CHEMBL4878,Cytochrome P450,0.1359162054759715,36 / 16,227806453,https://www.swisstargetprediction.ch/result.php?job=227806453&organism=Homo_sapiens
LACTONE_UNSPECIFIED,"5-[(3,4-dihydroxyphenyl)methyl]oxolan-2-one",152432,51,Interstitial collagenase,MMP1,P03956,CHEMBL332,Protease,0.1321788355347327,75 / 40,227806453,https://www.swisstargetprediction.ch/result.php?job=227806453&organism=Homo_sapiens
LACTONE_UNSPECIFIED,"5-[(3,4-dihydroxyphenyl)methyl]oxolan-2-one",152432,52,Acetylcholinesterase,ACHE,P22303,CHEMBL220,Hydrolase,0.1319162131239188,89 / 166,227806453,https://www.swisstargetprediction.ch/result.php?job=227806453&organism=Homo_sapiens
LACTONE_UNSPECIFIED,"5-[(3,4-dihydroxyphenyl)methyl]oxolan-2-one",152432,53,Carbonic anhydrase 3,CA3,P07451,CHEMBL2885,Lyase,0.1314123698132093,15 / 4,227806453,https://www.swisstargetprediction.ch/result.php?job=227806453&organism=Homo_sapiens
LACTONE_UNSPECIFIED,"5-[(3,4-dihydroxyphenyl)methyl]oxolan-2-one",152432,54,Aldehyde oxidase,AOX1,Q06278,CHEMBL3257,Oxidoreductase,0.13116921554910546,1 / 2,227806453,https://www.swisstargetprediction.ch/result.php?job=227806453&organism=Homo_sapiens
LACTONE_UNSPECIFIED,"5-[(3,4-dihydroxyphenyl)methyl]oxolan-2-one",152432,55,Steroid hormone receptor ERR2,ESRRB,O95718,CHEMBL3751,Nuclear receptor,0.13116921554910546,22 / 12,227806453,https://www.swisstargetprediction.ch/result.php?job=227806453&organism=Homo_sapiens
LACTONE_UNSPECIFIED,"5-[(3,4-dihydroxyphenyl)methyl]oxolan-2-one",152432,56,Mu-type opioid receptor,OPRM1,P35372,CHEMBL233,Family A G protein-coupled receptor,0.131047830226546,112 / 709,227806453,https://www.swisstargetprediction.ch/result.php?job=227806453&organism=Homo_sapiens
LACTONE_UNSPECIFIED,"5-[(3,4-dihydroxyphenyl)methyl]oxolan-2-one",152432,57,Cannabinoid receptor 2,CNR2,P34972,CHEMBL253,Family A G protein-coupled receptor,0.12928489530423773,45 / 356,227806453,https://www.swisstargetprediction.ch/result.php?job=227806453&organism=Homo_sapiens
LACTONE_UNSPECIFIED,"5-[(3,4-dihydroxyphenyl)methyl]oxolan-2-one",152432,58,Serine protease 1,PRSS1,P07477,CHEMBL209,Protease,0.12764143523584096,23 / 31,227806453,https://www.swisstargetprediction.ch/result.php?job=227806453&organism=Homo_sapiens
LACTONE_UNSPECIFIED,"5-[(3,4-dihydroxyphenyl)methyl]oxolan-2-one",152432,59,Protein kinase C theta type,PRKCQ,Q04759,CHEMBL3920,Kinase,0.1270819892772806,5 / 12,227806453,https://www.swisstargetprediction.ch/result.php?job=227806453&organism=Homo_sapiens
LACTONE_UNSPECIFIED,"5-[(3,4-dihydroxyphenyl)methyl]oxolan-2-one",152432,60,Prostaglandin G/H synthase 2,PTGS2,P35354,CHEMBL230,Oxidoreductase,0.12604300693249107,112 / 78,227806453,https://www.swisstargetprediction.ch/result.php?job=227806453&organism=Homo_sapiens
LACTONE_UNSPECIFIED,"5-[(3,4-dihydroxyphenyl)methyl]oxolan-2-one",152432,61,Amine oxidase [flavin-containing] A,MAOA,P21397,CHEMBL1951,Oxidoreductase,0.12541935016556638,164 / 64,227806453,https://www.swisstargetprediction.ch/result.php?job=227806453&organism=Homo_sapiens
LACTONE_UNSPECIFIED,"5-[(3,4-dihydroxyphenyl)methyl]oxolan-2-one",152432,62,Monoglyceride lipase,MGLL,Q99685,CHEMBL4191,Hydrolase,0.12115456829488792,20 / 102,227806453,https://www.swisstargetprediction.ch/result.php?job=227806453&organism=Homo_sapiens
LACTONE_UNSPECIFIED,"5-[(3,4-dihydroxyphenyl)methyl]oxolan-2-one",152432,63,Tyrosine-protein kinase Lck,LCK,P06239,CHEMBL258,Kinase,0.11791921036680011,40 / 8,227806453,https://www.swisstargetprediction.ch/result.php?job=227806453&organism=Homo_sapiens
LACTONE_UNSPECIFIED,"5-[(3,4-dihydroxyphenyl)methyl]oxolan-2-one",152432,64,Amine oxidase [flavin-containing] B,MAOB,P27338,CHEMBL2039,Oxidoreductase,0.11511506547519762,191 / 119,227806453,https://www.swisstargetprediction.ch/result.php?job=227806453&organism=Homo_sapiens
LACTONE_UNSPECIFIED,"5-[(3,4-dihydroxyphenyl)methyl]oxolan-2-one",152432,65,Matrix metalloproteinase-9,MMP9,P14780,CHEMBL321,Protease,0.11361206674052406,78 / 35,227806453,https://www.swisstargetprediction.ch/result.php?job=227806453&organism=Homo_sapiens
LACTONE_UNSPECIFIED,"5-[(3,4-dihydroxyphenyl)methyl]oxolan-2-one",152432,66,DNA polymerase alpha catalytic subunit,POLA1,P09884,CHEMBL1828,Transferase,0.11147346921629817,6 / 15,227806453,https://www.swisstargetprediction.ch/result.php?job=227806453&organism=Homo_sapiens
LACTONE_UNSPECIFIED,"5-[(3,4-dihydroxyphenyl)methyl]oxolan-2-one",152432,67,Tyrosinase,TYR,P14679,CHEMBL1973,Oxidoreductase,0.106579417676269,108 / 26,227806453,https://www.swisstargetprediction.ch/result.php?job=227806453&organism=Homo_sapiens
LACTONE_UNSPECIFIED,"5-[(3,4-dihydroxyphenyl)methyl]oxolan-2-one",152432,68,Lysine-specific demethylase 4E,KDM4E,B2RXH2,CHEMBL1293226,Eraser,0.10570619490088684,9 / 3,227806453,https://www.swisstargetprediction.ch/result.php?job=227806453&organism=Homo_sapiens
LACTONE_UNSPECIFIED,"5-[(3,4-dihydroxyphenyl)methyl]oxolan-2-one",152432,69,Prothrombin,F2,P00734,CHEMBL204,Protease,0.10123880352238465,43 / 39,227806453,https://www.swisstargetprediction.ch/result.php?job=227806453&organism=Homo_sapiens
LACTONE_UNSPECIFIED,"5-[(3,4-dihydroxyphenyl)methyl]oxolan-2-one",152432,70,Androgen receptor,AR,P10275,CHEMBL1871,Nuclear receptor,0.10082237530715388,186 / 55,227806453,https://www.swisstargetprediction.ch/result.php?job=227806453&organism=Homo_sapiens
LACTONE_UNSPECIFIED,"5-[(3,4-dihydroxyphenyl)methyl]oxolan-2-one",152432,71,Phosphatidylserine lipase ABHD16A,ABHD16A,O95870,CHEMBL6168,Hydrolase,0.09923358483581685,0 / 1,227806453,https://www.swisstargetprediction.ch/result.php?job=227806453&organism=Homo_sapiens
LACTONE_UNSPECIFIED,"5-[(3,4-dihydroxyphenyl)methyl]oxolan-2-one",152432,72,Acyl-protein thioesterase 2,LYPLA2,O95372,CHEMBL1932891,Hydrolase,0.09923358483581685,0 / 2,227806453,https://www.swisstargetprediction.ch/result.php?job=227806453&organism=Homo_sapiens
LACTONE_UNSPECIFIED,"5-[(3,4-dihydroxyphenyl)methyl]oxolan-2-one",152432,73,Acyl-protein thioesterase 1,LYPLA1,O75608,CHEMBL1681631,Hydrolase,0.09923358483581685,0 / 2,227806453,https://www.swisstargetprediction.ch/result.php?job=227806453&organism=Homo_sapiens
LACTONE_UNSPECIFIED,"5-[(3,4-dihydroxyphenyl)methyl]oxolan-2-one",152432,74,ALK tyrosine kinase receptor,ALK,Q9UM73,CHEMBL4247,Kinase,0.09816208257178272,18 / 10,227806453,https://www.swisstargetprediction.ch/result.php?job=227806453&organism=Homo_sapiens
LACTONE_UNSPECIFIED,"5-[(3,4-dihydroxyphenyl)methyl]oxolan-2-one",152432,75,Focal adhesion kinase 1,PTK2,Q05397,CHEMBL2695,Kinase,0.09816208257178272,8 / 3,227806453,https://www.swisstargetprediction.ch/result.php?job=227806453&organism=Homo_sapiens
LACTONE_UNSPECIFIED,"5-[(3,4-dihydroxyphenyl)methyl]oxolan-2-one",152432,76,"Fatty acid-binding protein, brain",FABP7,O15540,CHEMBL3826863,Fatty acid binding protein family,0.09614669807319423,2 / 41,227806453,https://www.swisstargetprediction.ch/result.php?job=227806453&organism=Homo_sapiens
LACTONE_UNSPECIFIED,"5-[(3,4-dihydroxyphenyl)methyl]oxolan-2-one",152432,77,"3',5'-cyclic-AMP phosphodiesterase 4B",PDE4B,Q07343,CHEMBL275,Phosphodiesterase,0.0953496118254723,7 / 47,227806453,https://www.swisstargetprediction.ch/result.php?job=227806453&organism=Homo_sapiens
LACTONE_UNSPECIFIED,"5-[(3,4-dihydroxyphenyl)methyl]oxolan-2-one",152432,78,Cyclin-dependent kinase 2,CDK2,P24941,CHEMBL301,Kinase,0.09318862850902897,153 / 2,227806453,https://www.swisstargetprediction.ch/result.php?job=227806453&organism=Homo_sapiens
LACTONE_UNSPECIFIED,"5-[(3,4-dihydroxyphenyl)methyl]oxolan-2-one",152432,79,"Fatty acid-binding protein, heart",FABP3,P05413,CHEMBL3344,Fatty acid binding protein family,0.09263977710300511,2 / 25,227806453,https://www.swisstargetprediction.ch/result.php?job=227806453&organism=Homo_sapiens
LACTONE_UNSPECIFIED,"5-[(3,4-dihydroxyphenyl)methyl]oxolan-2-one",152432,80,"3',5'-cyclic-AMP phosphodiesterase 4D",PDE4D,Q08499,CHEMBL288,Phosphodiesterase,0.09252278360720012,40 / 48,227806453,https://www.swisstargetprediction.ch/result.php?job=227806453&organism=Homo_sapiens
LACTONE_UNSPECIFIED,"5-[(3,4-dihydroxyphenyl)methyl]oxolan-2-one",152432,81,Tyrosine-protein phosphatase non-receptor type 1,PTPN1,P18031,CHEMBL335,Phosphatase,0.0904872573569163,328 / 92,227806453,https://www.swisstargetprediction.ch/result.php?job=227806453&organism=Homo_sapiens
LACTONE_UNSPECIFIED,"5-[(3,4-dihydroxyphenyl)methyl]oxolan-2-one",152432,82,Receptor tyrosine-protein kinase erbB-2,ERBB2,P04626,CHEMBL1824,Kinase,0.08889218676271889,45 / 3,227806453,https://www.swisstargetprediction.ch/result.php?job=227806453&organism=Homo_sapiens
LACTONE_UNSPECIFIED,"5-[(3,4-dihydroxyphenyl)methyl]oxolan-2-one",152432,83,5-hydroxytryptamine receptor 2B,HTR2B,P41595,CHEMBL1833,Family A G protein-coupled receptor,0.08872826977709214,47 / 20,227806453,https://www.swisstargetprediction.ch/result.php?job=227806453&organism=Homo_sapiens
LACTONE_UNSPECIFIED,"5-[(3,4-dihydroxyphenyl)methyl]oxolan-2-one",152432,84,11-beta-hydroxysteroid dehydrogenase 1,HSD11B1,P28845,CHEMBL4235,Oxidoreductase,0.0887125090846864,15 / 183,227806453,https://www.swisstargetprediction.ch/result.php?job=227806453&organism=Homo_sapiens
LACTONE_UNSPECIFIED,"5-[(3,4-dihydroxyphenyl)methyl]oxolan-2-one",152432,85,Collagenase 3,MMP13,P45452,CHEMBL280,Protease,0.08808748045989119,29 / 24,227806453,https://www.swisstargetprediction.ch/result.php?job=227806453&organism=Homo_sapiens
LACTONE_UNSPECIFIED,"5-[(3,4-dihydroxyphenyl)methyl]oxolan-2-one",152432,86,Aldo-keto reductase family 1 member B1,AKR1B1,P15121,CHEMBL1900,Oxidoreductase,0.08718232813773812,120 / 65,227806453,https://www.swisstargetprediction.ch/result.php?job=227806453&organism=Homo_sapiens
LACTONE_UNSPECIFIED,"5-[(3,4-dihydroxyphenyl)methyl]oxolan-2-one",152432,87,Sodium-dependent serotonin transporter,SLC6A4,P31645,CHEMBL228,Electrochemical transporter,0.08708349376251298,21 / 496,227806453,https://www.swisstargetprediction.ch/result.php?job=227806453&organism=Homo_sapiens
LACTONE_UNSPECIFIED,"5-[(3,4-dihydroxyphenyl)methyl]oxolan-2-one",152432,88,Cannabinoid receptor 1,CNR1,P21554,CHEMBL218,Family A G protein-coupled receptor,0.08638342445713573,22 / 194,227806453,https://www.swisstargetprediction.ch/result.php?job=227806453&organism=Homo_sapiens
LACTONE_UNSPECIFIED,"5-[(3,4-dihydroxyphenyl)methyl]oxolan-2-one",152432,89,HSP60/HSP10,N/A,P10809&P61604,CHEMBL4106131,Unclassified protein,0.08615138009885012,12 / 5,227806453,https://www.swisstargetprediction.ch/result.php?job=227806453&organism=Homo_sapiens
LACTONE_UNSPECIFIED,"5-[(3,4-dihydroxyphenyl)methyl]oxolan-2-one",152432,90,Disabled homolog 2-interacting protein,DAB2IP,Q5VWQ8,CHEMBL4523330,Unclassified protein,0.08546634777606343,2 / 1,227806453,https://www.swisstargetprediction.ch/result.php?job=227806453&organism=Homo_sapiens
LACTONE_UNSPECIFIED,"5-[(3,4-dihydroxyphenyl)methyl]oxolan-2-one",152432,91,Cyclin-dependent kinase 1/cyclin B1,N/A,P06493&P14635,CHEMBL1907602,Kinase,0.0852741854798167,46 / 1,227806453,https://www.swisstargetprediction.ch/result.php?job=227806453&organism=Homo_sapiens
LACTONE_UNSPECIFIED,"5-[(3,4-dihydroxyphenyl)methyl]oxolan-2-one",152432,92,Beta-secretase 1,BACE1,P56817,CHEMBL4822,Protease,0.0833072974894945,97 / 37,227806453,https://www.swisstargetprediction.ch/result.php?job=227806453&organism=Homo_sapiens
LACTONE_UNSPECIFIED,"5-[(3,4-dihydroxyphenyl)methyl]oxolan-2-one",152432,93,Dual specificity tyrosine-phosphorylation-regulated kinase 1A,DYRK1A,Q13627,CHEMBL2292,Kinase,0.08152413312009334,81 / 31,227806453,https://www.swisstargetprediction.ch/result.php?job=227806453&organism=Homo_sapiens
LACTONE_UNSPECIFIED,"5-[(3,4-dihydroxyphenyl)methyl]oxolan-2-one",152432,94,Prostaglandin G/H synthase 1,PTGS1,P23219,CHEMBL221,Oxidoreductase,0.08053244323565142,56 / 57,227806453,https://www.swisstargetprediction.ch/result.php?job=227806453&organism=Homo_sapiens
LACTONE_UNSPECIFIED,"5-[(3,4-dihydroxyphenyl)methyl]oxolan-2-one",152432,95,E-selectin,SELE,P16581,CHEMBL3890,Adhesion,0.07921296798842907,12 / 4,227806453,https://www.swisstargetprediction.ch/result.php?job=227806453&organism=Homo_sapiens
LACTONE_UNSPECIFIED,"5-[(3,4-dihydroxyphenyl)methyl]oxolan-2-one",152432,96,P-selectin,SELP,P16109,CHEMBL5378,Adhesion,0.07921296798842907,17 / 9,227806453,https://www.swisstargetprediction.ch/result.php?job=227806453&organism=Homo_sapiens
LACTONE_UNSPECIFIED,"5-[(3,4-dihydroxyphenyl)methyl]oxolan-2-one",152432,97,L-selectin,SELL,P14151,CHEMBL3161,Adhesion,0.07921296798842907,15 / 5,227806453,https://www.swisstargetprediction.ch/result.php?job=227806453&organism=Homo_sapiens
LACTONE_UNSPECIFIED,"5-[(3,4-dihydroxyphenyl)methyl]oxolan-2-one",152432,98,Sigma non-opioid intracellular receptor 1,SIGMAR1,Q99720,CHEMBL287,Membrane receptor,0.07813026588381224,18 / 205,227806453,https://www.swisstargetprediction.ch/result.php?job=227806453&organism=Homo_sapiens
LACTONE_UNSPECIFIED,"5-[(3,4-dihydroxyphenyl)methyl]oxolan-2-one",152432,99,Cyclin-dependent kinase 1,CDK1,P06493,CHEMBL308,Kinase,0.07797411259469257,85 / 2,227806453,https://www.swisstargetprediction.ch/result.php?job=227806453&organism=Homo_sapiens
LACTONE_UNSPECIFIED,"5-[(3,4-dihydroxyphenyl)methyl]oxolan-2-one",152432,100,Leukotriene B4 receptor 1,LTB4R,Q15722,CHEMBL3911,Family A G protein-coupled receptor,0.07770550203203005,1 / 32,227806453,https://www.swisstargetprediction.ch/result.php?job=227806453&organism=Homo_sapiens
LACTONE_5R,"(5R)-5-[(3,4-dihydroxyphenyl)methyl]oxolan-2-one",45093080,1,Aromatase,CYP19A1,P11511,CHEMBL1978,Cytochrome P450,0.5930477173575289,81 / 170,498217097,https://www.swisstargetprediction.ch/result.php?job=498217097&organism=Homo_sapiens
LACTONE_5R,"(5R)-5-[(3,4-dihydroxyphenyl)methyl]oxolan-2-one",45093080,2,Carbonic anhydrase 9,CA9,Q16790,CHEMBL3594,Lyase,0.5415469586200486,308 / 58,498217097,https://www.swisstargetprediction.ch/result.php?job=498217097&organism=Homo_sapiens
LACTONE_5R,"(5R)-5-[(3,4-dihydroxyphenyl)methyl]oxolan-2-one",45093080,3,Carbonic anhydrase 2,CA2,P00918,CHEMBL205,Lyase,0.5415469586200486,332 / 96,498217097,https://www.swisstargetprediction.ch/result.php?job=498217097&organism=Homo_sapiens
LACTONE_5R,"(5R)-5-[(3,4-dihydroxyphenyl)methyl]oxolan-2-one",45093080,4,Carbonic anhydrase 1,CA1,P00915,CHEMBL261,Lyase,0.5415469586200486,278 / 89,498217097,https://www.swisstargetprediction.ch/result.php?job=498217097&organism=Homo_sapiens
LACTONE_5R,"(5R)-5-[(3,4-dihydroxyphenyl)methyl]oxolan-2-one",45093080,5,Carbonic anhydrase 12,CA12,O43570,CHEMBL3242,Lyase,0.5415469586200486,291 / 39,498217097,https://www.swisstargetprediction.ch/result.php?job=498217097&organism=Homo_sapiens
LACTONE_5R,"(5R)-5-[(3,4-dihydroxyphenyl)methyl]oxolan-2-one",45093080,6,Amyloid-beta precursor protein,APP,P05067,CHEMBL2487,Membrane receptor,0.5414638887505939,104 / 23,498217097,https://www.swisstargetprediction.ch/result.php?job=498217097&organism=Homo_sapiens
LACTONE_5R,"(5R)-5-[(3,4-dihydroxyphenyl)methyl]oxolan-2-one",45093080,7,Estrogen receptor beta,ESR2,Q92731,CHEMBL242,Nuclear receptor,0.515285208198083,634 / 231,498217097,https://www.swisstargetprediction.ch/result.php?job=498217097&organism=Homo_sapiens
LACTONE_5R,"(5R)-5-[(3,4-dihydroxyphenyl)methyl]oxolan-2-one",45093080,8,Estrogen receptor,ESR1,P03372,CHEMBL206,Nuclear receptor,0.515285208198083,644 / 275,498217097,https://www.swisstargetprediction.ch/result.php?job=498217097&organism=Homo_sapiens
LACTONE_5R,"(5R)-5-[(3,4-dihydroxyphenyl)methyl]oxolan-2-one",45093080,9,Aldo-keto reductase family 1 member C3,AKR1C3,P42330,CHEMBL4681,Oxidoreductase,0.5096966040016842,39 / 66,498217097,https://www.swisstargetprediction.ch/result.php?job=498217097&organism=Homo_sapiens
LACTONE_5R,"(5R)-5-[(3,4-dihydroxyphenyl)methyl]oxolan-2-one",45093080,10,17-beta-hydroxysteroid dehydrogenase type 2,HSD17B2,P37059,CHEMBL2789,Oxidoreductase,0.5058784072905105,174 / 23,498217097,https://www.swisstargetprediction.ch/result.php?job=498217097&organism=Homo_sapiens
LACTONE_5R,"(5R)-5-[(3,4-dihydroxyphenyl)methyl]oxolan-2-one",45093080,11,Polyunsaturated fatty acid 5-lipoxygenase,ALOX5,P09917,CHEMBL215,Oxidoreductase,0.395472281661726,223 / 195,498217097,https://www.swisstargetprediction.ch/result.php?job=498217097&organism=Homo_sapiens
LACTONE_5R,"(5R)-5-[(3,4-dihydroxyphenyl)methyl]oxolan-2-one",45093080,12,Toll-like receptor 4,TLR4,O00206,CHEMBL5255,Toll-like and Il-1 receptors,0.34835860492847537,5 / 4,498217097,https://www.swisstargetprediction.ch/result.php?job=498217097&organism=Homo_sapiens
LACTONE_5R,"(5R)-5-[(3,4-dihydroxyphenyl)methyl]oxolan-2-one",45093080,13,Sex hormone-binding globulin,SHBG,P04278,CHEMBL3305,Secreted protein,0.33933618870417,5 / 23,498217097,https://www.swisstargetprediction.ch/result.php?job=498217097&organism=Homo_sapiens
LACTONE_5R,"(5R)-5-[(3,4-dihydroxyphenyl)methyl]oxolan-2-one",45093080,14,Lysine-specific demethylase 6B,KDM6B,O15054,CHEMBL1938211,Eraser,0.2692010095661308,4 / 1,498217097,https://www.swisstargetprediction.ch/result.php?job=498217097&organism=Homo_sapiens
LACTONE_5R,"(5R)-5-[(3,4-dihydroxyphenyl)methyl]oxolan-2-one",45093080,15,14-3-3 protein gamma,YWHAG,P61981,CHEMBL1293296,Unclassified protein,0.26159091453585004,2 / 2,498217097,https://www.swisstargetprediction.ch/result.php?job=498217097&organism=Homo_sapiens
LACTONE_5R,"(5R)-5-[(3,4-dihydroxyphenyl)methyl]oxolan-2-one",45093080,16,Peroxisome proliferator-activated receptor gamma,PPARG,P37231,CHEMBL235,Nuclear receptor,0.2569732920471822,39 / 331,498217097,https://www.swisstargetprediction.ch/result.php?job=498217097&organism=Homo_sapiens
LACTONE_5R,"(5R)-5-[(3,4-dihydroxyphenyl)methyl]oxolan-2-one",45093080,17,Polyunsaturated fatty acid lipoxygenase ALOX12,ALOX12,P18054,CHEMBL3687,Enzyme,0.24128905785204005,36 / 15,498217097,https://www.swisstargetprediction.ch/result.php?job=498217097&organism=Homo_sapiens
LACTONE_5R,"(5R)-5-[(3,4-dihydroxyphenyl)methyl]oxolan-2-one",45093080,18,Polyunsaturated fatty acid lipoxygenase ALOX15,ALOX15,P16050,CHEMBL2903,Oxidoreductase,0.24128905785204005,78 / 31,498217097,https://www.swisstargetprediction.ch/result.php?job=498217097&organism=Homo_sapiens
LACTONE_5R,"(5R)-5-[(3,4-dihydroxyphenyl)methyl]oxolan-2-one",45093080,19,Dual specificity mitogen-activated protein kinase kinase 1,MAP2K1,Q02750,CHEMBL3587,Kinase,0.23320489813419965,12 / 1,498217097,https://www.swisstargetprediction.ch/result.php?job=498217097&organism=Homo_sapiens
LACTONE_5R,"(5R)-5-[(3,4-dihydroxyphenyl)methyl]oxolan-2-one",45093080,20,Proto-oncogene tyrosine-protein kinase Src,SRC,P12931,CHEMBL267,Kinase,0.22833558150451103,134 / 9,498217097,https://www.swisstargetprediction.ch/result.php?job=498217097&organism=Homo_sapiens
LACTONE_5R,"(5R)-5-[(3,4-dihydroxyphenyl)methyl]oxolan-2-one",45093080,21,Prostaglandin E synthase,PTGES,O14684,CHEMBL5658,Isomerase,0.2278049951816608,33 / 53,498217097,https://www.swisstargetprediction.ch/result.php?job=498217097&organism=Homo_sapiens
LACTONE_5R,"(5R)-5-[(3,4-dihydroxyphenyl)methyl]oxolan-2-one",45093080,22,Transcription factor Jun,JUN,P05412,CHEMBL4977,Transcription factor,0.22736842812085786,5 / 5,498217097,https://www.swisstargetprediction.ch/result.php?job=498217097&organism=Homo_sapiens
LACTONE_5R,"(5R)-5-[(3,4-dihydroxyphenyl)methyl]oxolan-2-one",45093080,23,Insulin-like growth factor 1 receptor,IGF1R,P08069,CHEMBL1957,Kinase,0.2194777846004786,43 / 15,498217097,https://www.swisstargetprediction.ch/result.php?job=498217097&organism=Homo_sapiens
LACTONE_5R,"(5R)-5-[(3,4-dihydroxyphenyl)methyl]oxolan-2-one",45093080,24,Methylcytosine dioxygenase TET1,TET1,Q8NFU7,CHEMBL4523402,Oxidoreductase,0.21874323725579206,3 / 2,498217097,https://www.swisstargetprediction.ch/result.php?job=498217097&organism=Homo_sapiens
LACTONE_5R,"(5R)-5-[(3,4-dihydroxyphenyl)methyl]oxolan-2-one",45093080,25,Methylcytosine dioxygenase TET2,TET2,Q6N021,CHEMBL4523344,Oxidoreductase,0.21874323725579206,3 / 1,498217097,https://www.swisstargetprediction.ch/result.php?job=498217097&organism=Homo_sapiens
LACTONE_5R,"(5R)-5-[(3,4-dihydroxyphenyl)methyl]oxolan-2-one",45093080,26,Methylcytosine dioxygenase TET3,TET3,O43151,CHEMBL4879414,Oxidoreductase,0.21874323725579206,3 / 3,498217097,https://www.swisstargetprediction.ch/result.php?job=498217097&organism=Homo_sapiens
LACTONE_5R,"(5R)-5-[(3,4-dihydroxyphenyl)methyl]oxolan-2-one",45093080,27,Kappa-type opioid receptor,OPRK1,P41145,CHEMBL237,Family A G protein-coupled receptor,0.216536267426253,95 / 642,498217097,https://www.swisstargetprediction.ch/result.php?job=498217097&organism=Homo_sapiens
LACTONE_5R,"(5R)-5-[(3,4-dihydroxyphenyl)methyl]oxolan-2-one",45093080,28,Oxysterols receptor LXR-alpha,NR1H3,Q13133,CHEMBL2808,Nuclear receptor,0.21626754161174905,1 / 22,498217097,https://www.swisstargetprediction.ch/result.php?job=498217097&organism=Homo_sapiens
LACTONE_5R,"(5R)-5-[(3,4-dihydroxyphenyl)methyl]oxolan-2-one",45093080,29,Oxysterols receptor LXR-beta,NR1H2,P55055,CHEMBL4093,Nuclear receptor,0.21626754161174905,2 / 19,498217097,https://www.swisstargetprediction.ch/result.php?job=498217097&organism=Homo_sapiens
LACTONE_5R,"(5R)-5-[(3,4-dihydroxyphenyl)methyl]oxolan-2-one",45093080,30,Hepatocyte growth factor receptor,MET,P08581,CHEMBL3717,Kinase,0.20644839870518691,131 / 28,498217097,https://www.swisstargetprediction.ch/result.php?job=498217097&organism=Homo_sapiens
LACTONE_5R,"(5R)-5-[(3,4-dihydroxyphenyl)methyl]oxolan-2-one",45093080,31,Islet amyloid polypeptide,IAPP,P10997,CHEMBL1914266,Secreted protein,0.20047747037780725,17 / 8,498217097,https://www.swisstargetprediction.ch/result.php?job=498217097&organism=Homo_sapiens
LACTONE_5R,"(5R)-5-[(3,4-dihydroxyphenyl)methyl]oxolan-2-one",45093080,32,Transthyretin,TTR,P02766,CHEMBL3194,Secreted protein,0.1974899986306801,54 / 11,498217097,https://www.swisstargetprediction.ch/result.php?job=498217097&organism=Homo_sapiens
LACTONE_5R,"(5R)-5-[(3,4-dihydroxyphenyl)methyl]oxolan-2-one",45093080,33,17-beta-hydroxysteroid dehydrogenase type 1,HSD17B1,P14061,CHEMBL3181,Oxidoreductase,0.19342654386036967,173 / 62,498217097,https://www.swisstargetprediction.ch/result.php?job=498217097&organism=Homo_sapiens
LACTONE_5R,"(5R)-5-[(3,4-dihydroxyphenyl)methyl]oxolan-2-one",45093080,34,17-beta-hydroxysteroid dehydrogenase type 3,HSD17B3,P37058,CHEMBL4234,Oxidoreductase,0.192806808370851,63 / 12,498217097,https://www.swisstargetprediction.ch/result.php?job=498217097&organism=Homo_sapiens
LACTONE_5R,"(5R)-5-[(3,4-dihydroxyphenyl)methyl]oxolan-2-one",45093080,35,5-hydroxytryptamine receptor 1A,HTR1A,P08908,CHEMBL214,Family A G protein-coupled receptor,0.19265466514273322,49 / 73,498217097,https://www.swisstargetprediction.ch/result.php?job=498217097&organism=Homo_sapiens
LACTONE_5R,"(5R)-5-[(3,4-dihydroxyphenyl)methyl]oxolan-2-one",45093080,36,Carbonic anhydrase 7,CA7,P43166,CHEMBL2326,Lyase,0.18306381479205366,86 / 35,498217097,https://www.swisstargetprediction.ch/result.php?job=498217097&organism=Homo_sapiens
LACTONE_5R,"(5R)-5-[(3,4-dihydroxyphenyl)methyl]oxolan-2-one",45093080,37,Farnesyl pyrophosphate synthase,FDPS,P14324,CHEMBL1782,Transferase,0.1812315468154983,176 / 20,498217097,https://www.swisstargetprediction.ch/result.php?job=498217097&organism=Homo_sapiens
LACTONE_5R,"(5R)-5-[(3,4-dihydroxyphenyl)methyl]oxolan-2-one",45093080,38,Alpha-synuclein,SNCA,P37840,CHEMBL6152,Unclassified protein,0.16912863413791013,72 / 13,498217097,https://www.swisstargetprediction.ch/result.php?job=498217097&organism=Homo_sapiens
LACTONE_5R,"(5R)-5-[(3,4-dihydroxyphenyl)methyl]oxolan-2-one",45093080,39,Induced myeloid leukemia cell differentiation protein Mcl-1,MCL1,Q07820,CHEMBL4361,Other cytosolic protein,0.16150579329683715,153 / 27,498217097,https://www.swisstargetprediction.ch/result.php?job=498217097&organism=Homo_sapiens
LACTONE_5R,"(5R)-5-[(3,4-dihydroxyphenyl)methyl]oxolan-2-one",45093080,40,beta-catenin-B-cell lymphoma 9 protein complex,N/A,P35222&O00512,CHEMBL3885525,Unclassified protein,0.16012893511665077,11 / 4,498217097,https://www.swisstargetprediction.ch/result.php?job=498217097&organism=Homo_sapiens
LACTONE_5R,"(5R)-5-[(3,4-dihydroxyphenyl)methyl]oxolan-2-one",45093080,41,Steroid hormone receptor ERR1,ESRRA,P11474,CHEMBL3429,Nuclear receptor,0.15636653763432515,31 / 8,498217097,https://www.swisstargetprediction.ch/result.php?job=498217097&organism=Homo_sapiens
LACTONE_5R,"(5R)-5-[(3,4-dihydroxyphenyl)methyl]oxolan-2-one",45093080,42,72 kDa type IV collagenase,MMP2,P08253,CHEMBL333,Protease,0.15430019508636883,110 / 133,498217097,https://www.swisstargetprediction.ch/result.php?job=498217097&organism=Homo_sapiens
LACTONE_5R,"(5R)-5-[(3,4-dihydroxyphenyl)methyl]oxolan-2-one",45093080,43,Sodium-dependent dopamine transporter,SLC6A3,Q01959,CHEMBL238,Electrochemical transporter,0.15239122073161762,15 / 477,498217097,https://www.swisstargetprediction.ch/result.php?job=498217097&organism=Homo_sapiens
LACTONE_5R,"(5R)-5-[(3,4-dihydroxyphenyl)methyl]oxolan-2-one",45093080,44,Vascular endothelial growth factor receptor 2,KDR,P35968,CHEMBL279,Kinase,0.14920463478717566,115 / 21,498217097,https://www.swisstargetprediction.ch/result.php?job=498217097&organism=Homo_sapiens
LACTONE_5R,"(5R)-5-[(3,4-dihydroxyphenyl)methyl]oxolan-2-one",45093080,45,Transient receptor potential cation channel subfamily A member 1,TRPA1,O75762,CHEMBL6007,Voltage-gated ion channel,0.14191200039548074,6 / 23,498217097,https://www.swisstargetprediction.ch/result.php?job=498217097&organism=Homo_sapiens
LACTONE_5R,"(5R)-5-[(3,4-dihydroxyphenyl)methyl]oxolan-2-one",45093080,46,Epidermal growth factor receptor,EGFR,P00533,CHEMBL203,Kinase,0.13974659507461476,196 / 15,498217097,https://www.swisstargetprediction.ch/result.php?job=498217097&organism=Homo_sapiens
LACTONE_5R,"(5R)-5-[(3,4-dihydroxyphenyl)methyl]oxolan-2-one",45093080,47,Carbonic anhydrase 3,CA3,P07451,CHEMBL2885,Lyase,0.13798670084328057,16 / 4,498217097,https://www.swisstargetprediction.ch/result.php?job=498217097&organism=Homo_sapiens
LACTONE_5R,"(5R)-5-[(3,4-dihydroxyphenyl)methyl]oxolan-2-one",45093080,48,Carbonic anhydrase 14,CA14,Q9ULX7,CHEMBL3510,Lyase,0.13757451726416325,82 / 17,498217097,https://www.swisstargetprediction.ch/result.php?job=498217097&organism=Homo_sapiens
LACTONE_5R,"(5R)-5-[(3,4-dihydroxyphenyl)methyl]oxolan-2-one",45093080,49,Interstitial collagenase,MMP1,P03956,CHEMBL332,Protease,0.13756393389168228,75 / 40,498217097,https://www.swisstargetprediction.ch/result.php?job=498217097&organism=Homo_sapiens
LACTONE_5R,"(5R)-5-[(3,4-dihydroxyphenyl)methyl]oxolan-2-one",45093080,50,Steryl-sulfatase,STS,P08842,CHEMBL3559,Hydrolase,0.13673133792205663,16 / 125,498217097,https://www.swisstargetprediction.ch/result.php?job=498217097&organism=Homo_sapiens
LACTONE_5R,"(5R)-5-[(3,4-dihydroxyphenyl)methyl]oxolan-2-one",45093080,51,Cytochrome P450 1B1,CYP1B1,Q16678,CHEMBL4878,Cytochrome P450,0.1359162054759715,36 / 16,498217097,https://www.swisstargetprediction.ch/result.php?job=498217097&organism=Homo_sapiens
LACTONE_5R,"(5R)-5-[(3,4-dihydroxyphenyl)methyl]oxolan-2-one",45093080,52,Acetylcholinesterase,ACHE,P22303,CHEMBL220,Hydrolase,0.13548010320912396,85 / 166,498217097,https://www.swisstargetprediction.ch/result.php?job=498217097&organism=Homo_sapiens
LACTONE_5R,"(5R)-5-[(3,4-dihydroxyphenyl)methyl]oxolan-2-one",45093080,53,Sodium-dependent noradrenaline transporter,SLC6A2,P23975,CHEMBL222,Electrochemical transporter,0.13411656777736555,17 / 330,498217097,https://www.swisstargetprediction.ch/result.php?job=498217097&organism=Homo_sapiens
LACTONE_5R,"(5R)-5-[(3,4-dihydroxyphenyl)methyl]oxolan-2-one",45093080,54,Aldehyde oxidase,AOX1,Q06278,CHEMBL3257,Oxidoreductase,0.13352486708274028,1 / 2,498217097,https://www.swisstargetprediction.ch/result.php?job=498217097&organism=Homo_sapiens
LACTONE_5R,"(5R)-5-[(3,4-dihydroxyphenyl)methyl]oxolan-2-one",45093080,55,Steroid hormone receptor ERR2,ESRRB,O95718,CHEMBL3751,Nuclear receptor,0.13352486708274028,22 / 12,498217097,https://www.swisstargetprediction.ch/result.php?job=498217097&organism=Homo_sapiens
LACTONE_5R,"(5R)-5-[(3,4-dihydroxyphenyl)methyl]oxolan-2-one",45093080,56,Mu-type opioid receptor,OPRM1,P35372,CHEMBL233,Family A G protein-coupled receptor,0.13046491620229733,107 / 709,498217097,https://www.swisstargetprediction.ch/result.php?job=498217097&organism=Homo_sapiens
LACTONE_5R,"(5R)-5-[(3,4-dihydroxyphenyl)methyl]oxolan-2-one",45093080,57,Cannabinoid receptor 2,CNR2,P34972,CHEMBL253,Family A G protein-coupled receptor,0.12928489530423773,45 / 356,498217097,https://www.swisstargetprediction.ch/result.php?job=498217097&organism=Homo_sapiens
LACTONE_5R,"(5R)-5-[(3,4-dihydroxyphenyl)methyl]oxolan-2-one",45093080,58,Serine protease 1,PRSS1,P07477,CHEMBL209,Protease,0.1270714574461979,23 / 31,498217097,https://www.swisstargetprediction.ch/result.php?job=498217097&organism=Homo_sapiens
LACTONE_5R,"(5R)-5-[(3,4-dihydroxyphenyl)methyl]oxolan-2-one",45093080,59,Prostaglandin G/H synthase 2,PTGS2,P35354,CHEMBL230,Oxidoreductase,0.12604300693249107,109 / 78,498217097,https://www.swisstargetprediction.ch/result.php?job=498217097&organism=Homo_sapiens
LACTONE_5R,"(5R)-5-[(3,4-dihydroxyphenyl)methyl]oxolan-2-one",45093080,60,Amine oxidase [flavin-containing] A,MAOA,P21397,CHEMBL1951,Oxidoreductase,0.12541935016556638,156 / 64,498217097,https://www.swisstargetprediction.ch/result.php?job=498217097&organism=Homo_sapiens
LACTONE_5R,"(5R)-5-[(3,4-dihydroxyphenyl)methyl]oxolan-2-one",45093080,61,Protein kinase C theta type,PRKCQ,Q04759,CHEMBL3920,Kinase,0.12482362872084608,5 / 12,498217097,https://www.swisstargetprediction.ch/result.php?job=498217097&organism=Homo_sapiens
LACTONE_5R,"(5R)-5-[(3,4-dihydroxyphenyl)methyl]oxolan-2-one",45093080,62,Tyrosine-protein kinase Lck,LCK,P06239,CHEMBL258,Kinase,0.12335911507441474,40 / 8,498217097,https://www.swisstargetprediction.ch/result.php?job=498217097&organism=Homo_sapiens
LACTONE_5R,"(5R)-5-[(3,4-dihydroxyphenyl)methyl]oxolan-2-one",45093080,63,Amine oxidase [flavin-containing] B,MAOB,P27338,CHEMBL2039,Oxidoreductase,0.1220827415224834,183 / 119,498217097,https://www.swisstargetprediction.ch/result.php?job=498217097&organism=Homo_sapiens
LACTONE_5R,"(5R)-5-[(3,4-dihydroxyphenyl)methyl]oxolan-2-one",45093080,64,Monoglyceride lipase,MGLL,Q99685,CHEMBL4191,Hydrolase,0.12115456829488792,20 / 102,498217097,https://www.swisstargetprediction.ch/result.php?job=498217097&organism=Homo_sapiens
LACTONE_5R,"(5R)-5-[(3,4-dihydroxyphenyl)methyl]oxolan-2-one",45093080,65,Matrix metalloproteinase-9,MMP9,P14780,CHEMBL321,Protease,0.1183438897356394,78 / 35,498217097,https://www.swisstargetprediction.ch/result.php?job=498217097&organism=Homo_sapiens
LACTONE_5R,"(5R)-5-[(3,4-dihydroxyphenyl)methyl]oxolan-2-one",45093080,66,Tyrosinase,TYR,P14679,CHEMBL1973,Oxidoreductase,0.1120716967579462,106 / 26,498217097,https://www.swisstargetprediction.ch/result.php?job=498217097&organism=Homo_sapiens
LACTONE_5R,"(5R)-5-[(3,4-dihydroxyphenyl)methyl]oxolan-2-one",45093080,67,DNA polymerase alpha catalytic subunit,POLA1,P09884,CHEMBL1828,Transferase,0.10796692821383375,6 / 15,498217097,https://www.swisstargetprediction.ch/result.php?job=498217097&organism=Homo_sapiens
LACTONE_5R,"(5R)-5-[(3,4-dihydroxyphenyl)methyl]oxolan-2-one",45093080,68,Androgen receptor,AR,P10275,CHEMBL1871,Nuclear receptor,0.10364652274158377,184 / 55,498217097,https://www.swisstargetprediction.ch/result.php?job=498217097&organism=Homo_sapiens
LACTONE_5R,"(5R)-5-[(3,4-dihydroxyphenyl)methyl]oxolan-2-one",45093080,69,ALK tyrosine kinase receptor,ALK,Q9UM73,CHEMBL4247,Kinase,0.10327073623260692,18 / 10,498217097,https://www.swisstargetprediction.ch/result.php?job=498217097&organism=Homo_sapiens
LACTONE_5R,"(5R)-5-[(3,4-dihydroxyphenyl)methyl]oxolan-2-one",45093080,70,Focal adhesion kinase 1,PTK2,Q05397,CHEMBL2695,Kinase,0.10327073623260692,8 / 3,498217097,https://www.swisstargetprediction.ch/result.php?job=498217097&organism=Homo_sapiens
LACTONE_5R,"(5R)-5-[(3,4-dihydroxyphenyl)methyl]oxolan-2-one",45093080,71,Lysine-specific demethylase 4E,KDM4E,B2RXH2,CHEMBL1293226,Eraser,0.10142154583833116,9 / 3,498217097,https://www.swisstargetprediction.ch/result.php?job=498217097&organism=Homo_sapiens
LACTONE_5R,"(5R)-5-[(3,4-dihydroxyphenyl)methyl]oxolan-2-one",45093080,72,Cyclin-dependent kinase 2,CDK2,P24941,CHEMBL301,Kinase,0.10128810334553326,152 / 2,498217097,https://www.swisstargetprediction.ch/result.php?job=498217097&organism=Homo_sapiens
LACTONE_5R,"(5R)-5-[(3,4-dihydroxyphenyl)methyl]oxolan-2-one",45093080,73,Prothrombin,F2,P00734,CHEMBL204,Protease,0.10123880352238465,43 / 39,498217097,https://www.swisstargetprediction.ch/result.php?job=498217097&organism=Homo_sapiens
LACTONE_5R,"(5R)-5-[(3,4-dihydroxyphenyl)methyl]oxolan-2-one",45093080,74,"3',5'-cyclic-AMP phosphodiesterase 4B",PDE4B,Q07343,CHEMBL275,Phosphodiesterase,0.10032817934749133,6 / 47,498217097,https://www.swisstargetprediction.ch/result.php?job=498217097&organism=Homo_sapiens
LACTONE_5R,"(5R)-5-[(3,4-dihydroxyphenyl)methyl]oxolan-2-one",45093080,75,Phosphatidylserine lipase ABHD16A,ABHD16A,O95870,CHEMBL6168,Hydrolase,0.09923358483581685,0 / 1,498217097,https://www.swisstargetprediction.ch/result.php?job=498217097&organism=Homo_sapiens
LACTONE_5R,"(5R)-5-[(3,4-dihydroxyphenyl)methyl]oxolan-2-one",45093080,76,Acyl-protein thioesterase 2,LYPLA2,O95372,CHEMBL1932891,Hydrolase,0.09923358483581685,0 / 2,498217097,https://www.swisstargetprediction.ch/result.php?job=498217097&organism=Homo_sapiens
LACTONE_5R,"(5R)-5-[(3,4-dihydroxyphenyl)methyl]oxolan-2-one",45093080,77,Acyl-protein thioesterase 1,LYPLA1,O75608,CHEMBL1681631,Hydrolase,0.09923358483581685,0 / 2,498217097,https://www.swisstargetprediction.ch/result.php?job=498217097&organism=Homo_sapiens
LACTONE_5R,"(5R)-5-[(3,4-dihydroxyphenyl)methyl]oxolan-2-one",45093080,78,"Fatty acid-binding protein, brain",FABP7,O15540,CHEMBL3826863,Fatty acid binding protein family,0.09481791032223792,2 / 41,498217097,https://www.swisstargetprediction.ch/result.php?job=498217097&organism=Homo_sapiens
LACTONE_5R,"(5R)-5-[(3,4-dihydroxyphenyl)methyl]oxolan-2-one",45093080,79,Aldo-keto reductase family 1 member B1,AKR1B1,P15121,CHEMBL1900,Oxidoreductase,0.0943751012266867,120 / 65,498217097,https://www.swisstargetprediction.ch/result.php?job=498217097&organism=Homo_sapiens
LACTONE_5R,"(5R)-5-[(3,4-dihydroxyphenyl)methyl]oxolan-2-one",45093080,80,Collagenase 3,MMP13,P45452,CHEMBL280,Protease,0.09272573028769066,29 / 24,498217097,https://www.swisstargetprediction.ch/result.php?job=498217097&organism=Homo_sapiens
LACTONE_5R,"(5R)-5-[(3,4-dihydroxyphenyl)methyl]oxolan-2-one",45093080,81,"3',5'-cyclic-AMP phosphodiesterase 4D",PDE4D,Q08499,CHEMBL288,Phosphodiesterase,0.09252278360720012,37 / 48,498217097,https://www.swisstargetprediction.ch/result.php?job=498217097&organism=Homo_sapiens
LACTONE_5R,"(5R)-5-[(3,4-dihydroxyphenyl)methyl]oxolan-2-one",45093080,82,"Fatty acid-binding protein, heart",FABP3,P05413,CHEMBL3344,Fatty acid binding protein family,0.09135455778808516,2 / 25,498217097,https://www.swisstargetprediction.ch/result.php?job=498217097&organism=Homo_sapiens
LACTONE_5R,"(5R)-5-[(3,4-dihydroxyphenyl)methyl]oxolan-2-one",45093080,83,Tyrosine-protein phosphatase non-receptor type 1,PTPN1,P18031,CHEMBL335,Phosphatase,0.08964663149731378,321 / 92,498217097,https://www.swisstargetprediction.ch/result.php?job=498217097&organism=Homo_sapiens
LACTONE_5R,"(5R)-5-[(3,4-dihydroxyphenyl)methyl]oxolan-2-one",45093080,84,5-hydroxytryptamine receptor 2B,HTR2B,P41595,CHEMBL1833,Family A G protein-coupled receptor,0.0879024055775604,46 / 20,498217097,https://www.swisstargetprediction.ch/result.php?job=498217097&organism=Homo_sapiens
LACTONE_5R,"(5R)-5-[(3,4-dihydroxyphenyl)methyl]oxolan-2-one",45093080,85,11-beta-hydroxysteroid dehydrogenase 1,HSD11B1,P28845,CHEMBL4235,Oxidoreductase,0.0878867774343053,13 / 183,498217097,https://www.swisstargetprediction.ch/result.php?job=498217097&organism=Homo_sapiens
LACTONE_5R,"(5R)-5-[(3,4-dihydroxyphenyl)methyl]oxolan-2-one",45093080,86,Prostaglandin G/H synthase 1,PTGS1,P23219,CHEMBL221,Oxidoreductase,0.08682153267017069,54 / 57,498217097,https://www.swisstargetprediction.ch/result.php?job=498217097&organism=Homo_sapiens
LACTONE_5R,"(5R)-5-[(3,4-dihydroxyphenyl)methyl]oxolan-2-one",45093080,87,HSP60/HSP10,N/A,P10809&P61604,CHEMBL4106131,Unclassified protein,0.08655601100692788,12 / 5,498217097,https://www.swisstargetprediction.ch/result.php?job=498217097&organism=Homo_sapiens
LACTONE_5R,"(5R)-5-[(3,4-dihydroxyphenyl)methyl]oxolan-2-one",45093080,88,Cannabinoid receptor 1,CNR1,P21554,CHEMBL218,Family A G protein-coupled receptor,0.08638342445713573,22 / 194,498217097,https://www.swisstargetprediction.ch/result.php?job=498217097&organism=Homo_sapiens
LACTONE_5R,"(5R)-5-[(3,4-dihydroxyphenyl)methyl]oxolan-2-one",45093080,89,Sodium-dependent serotonin transporter,SLC6A4,P31645,CHEMBL228,Electrochemical transporter,0.08586806358213406,19 / 496,498217097,https://www.swisstargetprediction.ch/result.php?job=498217097&organism=Homo_sapiens
LACTONE_5R,"(5R)-5-[(3,4-dihydroxyphenyl)methyl]oxolan-2-one",45093080,90,Disabled homolog 2-interacting protein,DAB2IP,Q5VWQ8,CHEMBL4523330,Unclassified protein,0.0846680239388852,2 / 1,498217097,https://www.swisstargetprediction.ch/result.php?job=498217097&organism=Homo_sapiens
LACTONE_5R,"(5R)-5-[(3,4-dihydroxyphenyl)methyl]oxolan-2-one",45093080,91,Receptor tyrosine-protein kinase erbB-2,ERBB2,P04626,CHEMBL1824,Kinase,0.08403225345916741,45 / 3,498217097,https://www.swisstargetprediction.ch/result.php?job=498217097&organism=Homo_sapiens
LACTONE_5R,"(5R)-5-[(3,4-dihydroxyphenyl)methyl]oxolan-2-one",45093080,92,Cyclin-dependent kinase 1/cyclin B1,N/A,P06493&P14635,CHEMBL1907602,Kinase,0.08368755842660376,46 / 1,498217097,https://www.swisstargetprediction.ch/result.php?job=498217097&organism=Homo_sapiens
LACTONE_5R,"(5R)-5-[(3,4-dihydroxyphenyl)methyl]oxolan-2-one",45093080,93,Beta-secretase 1,BACE1,P56817,CHEMBL4822,Protease,0.08213982982619354,95 / 37,498217097,https://www.swisstargetprediction.ch/result.php?job=498217097&organism=Homo_sapiens
LACTONE_5R,"(5R)-5-[(3,4-dihydroxyphenyl)methyl]oxolan-2-one",45093080,94,Leukotriene B4 receptor 1,LTB4R,Q15722,CHEMBL3911,Family A G protein-coupled receptor,0.0788153557669266,1 / 32,498217097,https://www.swisstargetprediction.ch/result.php?job=498217097&organism=Homo_sapiens
LACTONE_5R,"(5R)-5-[(3,4-dihydroxyphenyl)methyl]oxolan-2-one",45093080,95,Transcription factor AP1,N/A,P05412&P01100,CHEMBL2111421,Transcription factor,0.0788153557669266,2 / 4,498217097,https://www.swisstargetprediction.ch/result.php?job=498217097&organism=Homo_sapiens
LACTONE_5R,"(5R)-5-[(3,4-dihydroxyphenyl)methyl]oxolan-2-one",45093080,96,E-selectin,SELE,P16581,CHEMBL3890,Adhesion,0.07846804392599704,12 / 4,498217097,https://www.swisstargetprediction.ch/result.php?job=498217097&organism=Homo_sapiens
LACTONE_5R,"(5R)-5-[(3,4-dihydroxyphenyl)methyl]oxolan-2-one",45093080,97,P-selectin,SELP,P16109,CHEMBL5378,Adhesion,0.07846804392599704,17 / 9,498217097,https://www.swisstargetprediction.ch/result.php?job=498217097&organism=Homo_sapiens
LACTONE_5R,"(5R)-5-[(3,4-dihydroxyphenyl)methyl]oxolan-2-one",45093080,98,Dual specificity tyrosine-phosphorylation-regulated kinase 1A,DYRK1A,Q13627,CHEMBL2292,Kinase,0.07813403094039383,80 / 31,498217097,https://www.swisstargetprediction.ch/result.php?job=498217097&organism=Homo_sapiens
LACTONE_5R,"(5R)-5-[(3,4-dihydroxyphenyl)methyl]oxolan-2-one",45093080,99,5-hydroxytryptamine receptor 2A,HTR2A,P28223,CHEMBL224,Family A G protein-coupled receptor,0.07799611326103023,63 / 113,498217097,https://www.swisstargetprediction.ch/result.php?job=498217097&organism=Homo_sapiens
LACTONE_5R,"(5R)-5-[(3,4-dihydroxyphenyl)methyl]oxolan-2-one",45093080,100,Cyclin-dependent kinase 1,CDK1,P06493,CHEMBL308,Kinase,0.0776061917617719,84 / 2,498217097,https://www.swisstargetprediction.ch/result.php?job=498217097&organism=Homo_sapiens
LACTONE_HYDROLYSIS_ACID,"5-(3,4-dihydroxyphenyl)-4-hydroxypentanoic acid",52920332,1,Lysine-specific demethylase 6B,KDM6B,O15054,CHEMBL1938211,Eraser,0.5944697993924744,4 / 1,1088871440,https://www.swisstargetprediction.ch/result.php?job=1088871440&organism=Homo_sapiens
LACTONE_HYDROLYSIS_ACID,"5-(3,4-dihydroxyphenyl)-4-hydroxypentanoic acid",52920332,2,Carbonic anhydrase 9,CA9,Q16790,CHEMBL3594,Lyase,0.5748509855186651,313 / 50,1088871440,https://www.swisstargetprediction.ch/result.php?job=1088871440&organism=Homo_sapiens
LACTONE_HYDROLYSIS_ACID,"5-(3,4-dihydroxyphenyl)-4-hydroxypentanoic acid",52920332,3,Carbonic anhydrase 2,CA2,P00918,CHEMBL205,Lyase,0.5748509855186651,349 / 97,1088871440,https://www.swisstargetprediction.ch/result.php?job=1088871440&organism=Homo_sapiens
LACTONE_HYDROLYSIS_ACID,"5-(3,4-dihydroxyphenyl)-4-hydroxypentanoic acid",52920332,4,Carbonic anhydrase 1,CA1,P00915,CHEMBL261,Lyase,0.5748509855186651,293 / 86,1088871440,https://www.swisstargetprediction.ch/result.php?job=1088871440&organism=Homo_sapiens
LACTONE_HYDROLYSIS_ACID,"5-(3,4-dihydroxyphenyl)-4-hydroxypentanoic acid",52920332,5,Carbonic anhydrase 12,CA12,O43570,CHEMBL3242,Lyase,0.5748509855186651,297 / 30,1088871440,https://www.swisstargetprediction.ch/result.php?job=1088871440&organism=Homo_sapiens
LACTONE_HYDROLYSIS_ACID,"5-(3,4-dihydroxyphenyl)-4-hydroxypentanoic acid",52920332,6,Aromatase,CYP19A1,P11511,CHEMBL1978,Cytochrome P450,0.47010184006706907,101 / 160,1088871440,https://www.swisstargetprediction.ch/result.php?job=1088871440&organism=Homo_sapiens
LACTONE_HYDROLYSIS_ACID,"5-(3,4-dihydroxyphenyl)-4-hydroxypentanoic acid",52920332,7,Estrogen receptor beta,ESR2,Q92731,CHEMBL242,Nuclear receptor,0.4437492444207082,609 / 237,1088871440,https://www.swisstargetprediction.ch/result.php?job=1088871440&organism=Homo_sapiens
LACTONE_HYDROLYSIS_ACID,"5-(3,4-dihydroxyphenyl)-4-hydroxypentanoic acid",52920332,8,Estrogen receptor,ESR1,P03372,CHEMBL206,Nuclear receptor,0.4437492444207082,617 / 301,1088871440,https://www.swisstargetprediction.ch/result.php?job=1088871440&organism=Homo_sapiens
LACTONE_HYDROLYSIS_ACID,"5-(3,4-dihydroxyphenyl)-4-hydroxypentanoic acid",52920332,9,Polyunsaturated fatty acid 5-lipoxygenase,ALOX5,P09917,CHEMBL215,Oxidoreductase,0.4157814054583893,227 / 200,1088871440,https://www.swisstargetprediction.ch/result.php?job=1088871440&organism=Homo_sapiens
LACTONE_HYDROLYSIS_ACID,"5-(3,4-dihydroxyphenyl)-4-hydroxypentanoic acid",52920332,10,Islet amyloid polypeptide,IAPP,P10997,CHEMBL1914266,Secreted protein,0.41465239025583533,17 / 10,1088871440,https://www.swisstargetprediction.ch/result.php?job=1088871440&organism=Homo_sapiens
LACTONE_HYDROLYSIS_ACID,"5-(3,4-dihydroxyphenyl)-4-hydroxypentanoic acid",52920332,11,Alpha-synuclein,SNCA,P37840,CHEMBL6152,Unclassified protein,0.39452644606472387,74 / 15,1088871440,https://www.swisstargetprediction.ch/result.php?job=1088871440&organism=Homo_sapiens
LACTONE_HYDROLYSIS_ACID,"5-(3,4-dihydroxyphenyl)-4-hydroxypentanoic acid",52920332,12,17-beta-hydroxysteroid dehydrogenase type 2,HSD17B2,P37059,CHEMBL2789,Oxidoreductase,0.3809775201332135,192 / 24,1088871440,https://www.swisstargetprediction.ch/result.php?job=1088871440&organism=Homo_sapiens
LACTONE_HYDROLYSIS_ACID,"5-(3,4-dihydroxyphenyl)-4-hydroxypentanoic acid",52920332,13,17-beta-hydroxysteroid dehydrogenase type 1,HSD17B1,P14061,CHEMBL3181,Oxidoreductase,0.3809775201332135,188 / 65,1088871440,https://www.swisstargetprediction.ch/result.php?job=1088871440&organism=Homo_sapiens
LACTONE_HYDROLYSIS_ACID,"5-(3,4-dihydroxyphenyl)-4-hydroxypentanoic acid",52920332,14,Transthyretin,TTR,P02766,CHEMBL3194,Secreted protein,0.3809775201332135,55 / 11,1088871440,https://www.swisstargetprediction.ch/result.php?job=1088871440&organism=Homo_sapiens
LACTONE_HYDROLYSIS_ACID,"5-(3,4-dihydroxyphenyl)-4-hydroxypentanoic acid",52920332,15,Transient receptor potential cation channel subfamily A member 1,TRPA1,O75762,CHEMBL6007,Voltage-gated ion channel,0.375026959742513,6 / 27,1088871440,https://www.swisstargetprediction.ch/result.php?job=1088871440&organism=Homo_sapiens
LACTONE_HYDROLYSIS_ACID,"5-(3,4-dihydroxyphenyl)-4-hydroxypentanoic acid",52920332,16,Insulin-like growth factor 1 receptor,IGF1R,P08069,CHEMBL1957,Kinase,0.3700271883592962,43 / 16,1088871440,https://www.swisstargetprediction.ch/result.php?job=1088871440&organism=Homo_sapiens
LACTONE_HYDROLYSIS_ACID,"5-(3,4-dihydroxyphenyl)-4-hydroxypentanoic acid",52920332,17,Polyunsaturated fatty acid lipoxygenase ALOX12,ALOX12,P18054,CHEMBL3687,Enzyme,0.36881846649313477,39 / 16,1088871440,https://www.swisstargetprediction.ch/result.php?job=1088871440&organism=Homo_sapiens
LACTONE_HYDROLYSIS_ACID,"5-(3,4-dihydroxyphenyl)-4-hydroxypentanoic acid",52920332,18,Proto-oncogene tyrosine-protein kinase Src,SRC,P12931,CHEMBL267,Kinase,0.3439443952099774,138 / 11,1088871440,https://www.swisstargetprediction.ch/result.php?job=1088871440&organism=Homo_sapiens
LACTONE_HYDROLYSIS_ACID,"5-(3,4-dihydroxyphenyl)-4-hydroxypentanoic acid",52920332,19,Vascular endothelial growth factor receptor 2,KDR,P35968,CHEMBL279,Kinase,0.3427745158185695,144 / 22,1088871440,https://www.swisstargetprediction.ch/result.php?job=1088871440&organism=Homo_sapiens
LACTONE_HYDROLYSIS_ACID,"5-(3,4-dihydroxyphenyl)-4-hydroxypentanoic acid",52920332,20,Polyunsaturated fatty acid lipoxygenase ALOX15,ALOX15,P16050,CHEMBL2903,Oxidoreductase,0.3380050576020946,83 / 38,1088871440,https://www.swisstargetprediction.ch/result.php?job=1088871440&organism=Homo_sapiens
LACTONE_HYDROLYSIS_ACID,"5-(3,4-dihydroxyphenyl)-4-hydroxypentanoic acid",52920332,21,Prostaglandin E synthase,PTGES,O14684,CHEMBL5658,Isomerase,0.3361680690000176,40 / 51,1088871440,https://www.swisstargetprediction.ch/result.php?job=1088871440&organism=Homo_sapiens
LACTONE_HYDROLYSIS_ACID,"5-(3,4-dihydroxyphenyl)-4-hydroxypentanoic acid",52920332,22,Farnesyl pyrophosphate synthase,FDPS,P14324,CHEMBL1782,Transferase,0.3280977389728292,215 / 21,1088871440,https://www.swisstargetprediction.ch/result.php?job=1088871440&organism=Homo_sapiens
LACTONE_HYDROLYSIS_ACID,"5-(3,4-dihydroxyphenyl)-4-hydroxypentanoic acid",52920332,23,Sex hormone-binding globulin,SHBG,P04278,CHEMBL3305,Secreted protein,0.29960412431252076,7 / 22,1088871440,https://www.swisstargetprediction.ch/result.php?job=1088871440&organism=Homo_sapiens
LACTONE_HYDROLYSIS_ACID,"5-(3,4-dihydroxyphenyl)-4-hydroxypentanoic acid",52920332,24,Acetylcholinesterase,ACHE,P22303,CHEMBL220,Hydrolase,0.291009096237854,86 / 167,1088871440,https://www.swisstargetprediction.ch/result.php?job=1088871440&organism=Homo_sapiens
LACTONE_HYDROLYSIS_ACID,"5-(3,4-dihydroxyphenyl)-4-hydroxypentanoic acid",52920332,25,Cytochrome P450 1B1,CYP1B1,Q16678,CHEMBL4878,Cytochrome P450,0.2893587224339647,45 / 18,1088871440,https://www.swisstargetprediction.ch/result.php?job=1088871440&organism=Homo_sapiens
LACTONE_HYDROLYSIS_ACID,"5-(3,4-dihydroxyphenyl)-4-hydroxypentanoic acid",52920332,26,Peroxisome proliferator-activated receptor gamma,PPARG,P37231,CHEMBL235,Nuclear receptor,0.283477500154099,45 / 311,1088871440,https://www.swisstargetprediction.ch/result.php?job=1088871440&organism=Homo_sapiens
LACTONE_HYDROLYSIS_ACID,"5-(3,4-dihydroxyphenyl)-4-hydroxypentanoic acid",52920332,27,ALK tyrosine kinase receptor,ALK,Q9UM73,CHEMBL4247,Kinase,0.263135527196639,19 / 10,1088871440,https://www.swisstargetprediction.ch/result.php?job=1088871440&organism=Homo_sapiens
LACTONE_HYDROLYSIS_ACID,"5-(3,4-dihydroxyphenyl)-4-hydroxypentanoic acid",52920332,28,Focal adhesion kinase 1,PTK2,Q05397,CHEMBL2695,Kinase,0.263135527196639,5 / 3,1088871440,https://www.swisstargetprediction.ch/result.php?job=1088871440&organism=Homo_sapiens
LACTONE_HYDROLYSIS_ACID,"5-(3,4-dihydroxyphenyl)-4-hydroxypentanoic acid",52920332,29,beta-catenin-B-cell lymphoma 9 protein complex,N/A,P35222&O00512,CHEMBL3885525,Unclassified protein,0.26245366757852784,14 / 4,1088871440,https://www.swisstargetprediction.ch/result.php?job=1088871440&organism=Homo_sapiens
LACTONE_HYDROLYSIS_ACID,"5-(3,4-dihydroxyphenyl)-4-hydroxypentanoic acid",52920332,30,5-hydroxytryptamine receptor 1A,HTR1A,P08908,CHEMBL214,Family A G protein-coupled receptor,0.2617650999253825,36 / 120,1088871440,https://www.swisstargetprediction.ch/result.php?job=1088871440&organism=Homo_sapiens
LACTONE_HYDROLYSIS_ACID,"5-(3,4-dihydroxyphenyl)-4-hydroxypentanoic acid",52920332,31,Aldehyde oxidase,AOX1,Q06278,CHEMBL3257,Oxidoreductase,0.2564425548181942,1 / 2,1088871440,https://www.swisstargetprediction.ch/result.php?job=1088871440&organism=Homo_sapiens
LACTONE_HYDROLYSIS_ACID,"5-(3,4-dihydroxyphenyl)-4-hydroxypentanoic acid",52920332,32,Steroid hormone receptor ERR1,ESRRA,P11474,CHEMBL3429,Nuclear receptor,0.2564425548181942,30 / 9,1088871440,https://www.swisstargetprediction.ch/result.php?job=1088871440&organism=Homo_sapiens
LACTONE_HYDROLYSIS_ACID,"5-(3,4-dihydroxyphenyl)-4-hydroxypentanoic acid",52920332,33,Steroid hormone receptor ERR2,ESRRB,O95718,CHEMBL3751,Nuclear receptor,0.2564425548181942,21 / 27,1088871440,https://www.swisstargetprediction.ch/result.php?job=1088871440&organism=Homo_sapiens
LACTONE_HYDROLYSIS_ACID,"5-(3,4-dihydroxyphenyl)-4-hydroxypentanoic acid",52920332,34,Amyloid-beta precursor protein,APP,P05067,CHEMBL2487,Membrane receptor,0.2541857292762099,137 / 25,1088871440,https://www.swisstargetprediction.ch/result.php?job=1088871440&organism=Homo_sapiens
LACTONE_HYDROLYSIS_ACID,"5-(3,4-dihydroxyphenyl)-4-hydroxypentanoic acid",52920332,35,Steryl-sulfatase,STS,P08842,CHEMBL3559,Hydrolase,0.2530192903347107,11 / 148,1088871440,https://www.swisstargetprediction.ch/result.php?job=1088871440&organism=Homo_sapiens
LACTONE_HYDROLYSIS_ACID,"5-(3,4-dihydroxyphenyl)-4-hydroxypentanoic acid",52920332,36,Epidermal growth factor receptor,EGFR,P00533,CHEMBL203,Kinase,0.2331145035583074,195 / 19,1088871440,https://www.swisstargetprediction.ch/result.php?job=1088871440&organism=Homo_sapiens
LACTONE_HYDROLYSIS_ACID,"5-(3,4-dihydroxyphenyl)-4-hydroxypentanoic acid",52920332,37,DNA polymerase alpha catalytic subunit,POLA1,P09884,CHEMBL1828,Transferase,0.21855761371692803,5 / 15,1088871440,https://www.swisstargetprediction.ch/result.php?job=1088871440&organism=Homo_sapiens
LACTONE_HYDROLYSIS_ACID,"5-(3,4-dihydroxyphenyl)-4-hydroxypentanoic acid",52920332,38,Aldo-keto reductase family 1 member C3,AKR1C3,P42330,CHEMBL4681,Oxidoreductase,0.21804050167173591,43 / 74,1088871440,https://www.swisstargetprediction.ch/result.php?job=1088871440&organism=Homo_sapiens
LACTONE_HYDROLYSIS_ACID,"5-(3,4-dihydroxyphenyl)-4-hydroxypentanoic acid",52920332,39,Dual specificity mitogen-activated protein kinase kinase 1,MAP2K1,Q02750,CHEMBL3587,Kinase,0.20964629411546923,9 / 1,1088871440,https://www.swisstargetprediction.ch/result.php?job=1088871440&organism=Homo_sapiens
LACTONE_HYDROLYSIS_ACID,"5-(3,4-dihydroxyphenyl)-4-hydroxypentanoic acid",52920332,40,"3',5'-cyclic-AMP phosphodiesterase 4B",PDE4B,Q07343,CHEMBL275,Phosphodiesterase,0.20266747957443823,5 / 53,1088871440,https://www.swisstargetprediction.ch/result.php?job=1088871440&organism=Homo_sapiens
LACTONE_HYDROLYSIS_ACID,"5-(3,4-dihydroxyphenyl)-4-hydroxypentanoic acid",52920332,41,E-selectin,SELE,P16581,CHEMBL3890,Adhesion,0.20017510999312108,12 / 7,1088871440,https://www.swisstargetprediction.ch/result.php?job=1088871440&organism=Homo_sapiens
LACTONE_HYDROLYSIS_ACID,"5-(3,4-dihydroxyphenyl)-4-hydroxypentanoic acid",52920332,42,Tyrosine-protein kinase Lck,LCK,P06239,CHEMBL258,Kinase,0.19237052000969057,49 / 10,1088871440,https://www.swisstargetprediction.ch/result.php?job=1088871440&organism=Homo_sapiens
LACTONE_HYDROLYSIS_ACID,"5-(3,4-dihydroxyphenyl)-4-hydroxypentanoic acid",52920332,43,Leukotriene B4 receptor 1,LTB4R,Q15722,CHEMBL3911,Family A G protein-coupled receptor,0.19152436483807064,3 / 45,1088871440,https://www.swisstargetprediction.ch/result.php?job=1088871440&organism=Homo_sapiens
LACTONE_HYDROLYSIS_ACID,"5-(3,4-dihydroxyphenyl)-4-hydroxypentanoic acid",52920332,44,Transcription factor AP1,N/A,P05412&P01100,CHEMBL2111421,Transcription factor,0.19152436483807064,3 / 4,1088871440,https://www.swisstargetprediction.ch/result.php?job=1088871440&organism=Homo_sapiens
LACTONE_HYDROLYSIS_ACID,"5-(3,4-dihydroxyphenyl)-4-hydroxypentanoic acid",52920332,45,5-hydroxytryptamine receptor 2B,HTR2B,P41595,CHEMBL1833,Family A G protein-coupled receptor,0.18745267868348303,48 / 29,1088871440,https://www.swisstargetprediction.ch/result.php?job=1088871440&organism=Homo_sapiens
LACTONE_HYDROLYSIS_ACID,"5-(3,4-dihydroxyphenyl)-4-hydroxypentanoic acid",52920332,46,Carbonic anhydrase 7,CA7,P43166,CHEMBL2326,Lyase,0.1859687535617732,90 / 39,1088871440,https://www.swisstargetprediction.ch/result.php?job=1088871440&organism=Homo_sapiens
LACTONE_HYDROLYSIS_ACID,"5-(3,4-dihydroxyphenyl)-4-hydroxypentanoic acid",52920332,47,Prostaglandin G/H synthase 2,PTGS2,P35354,CHEMBL230,Oxidoreductase,0.18414362065161133,123 / 71,1088871440,https://www.swisstargetprediction.ch/result.php?job=1088871440&organism=Homo_sapiens
LACTONE_HYDROLYSIS_ACID,"5-(3,4-dihydroxyphenyl)-4-hydroxypentanoic acid",52920332,48,Prostaglandin G/H synthase 1,PTGS1,P23219,CHEMBL221,Oxidoreductase,0.18181650725354206,55 / 54,1088871440,https://www.swisstargetprediction.ch/result.php?job=1088871440&organism=Homo_sapiens
LACTONE_HYDROLYSIS_ACID,"5-(3,4-dihydroxyphenyl)-4-hydroxypentanoic acid",52920332,49,Histone deacetylase 6,HDAC6,Q9UBN7,CHEMBL1865,Eraser,0.17981855931534646,73 / 40,1088871440,https://www.swisstargetprediction.ch/result.php?job=1088871440&organism=Homo_sapiens
LACTONE_HYDROLYSIS_ACID,"5-(3,4-dihydroxyphenyl)-4-hydroxypentanoic acid",52920332,50,11-beta-hydroxysteroid dehydrogenase 1,HSD11B1,P28845,CHEMBL4235,Oxidoreductase,0.17813225175697858,13 / 214,1088871440,https://www.swisstargetprediction.ch/result.php?job=1088871440&organism=Homo_sapiens
LACTONE_HYDROLYSIS_ACID,"5-(3,4-dihydroxyphenyl)-4-hydroxypentanoic acid",52920332,51,Androgen receptor,AR,P10275,CHEMBL1871,Nuclear receptor,0.17475633850064753,175 / 59,1088871440,https://www.swisstargetprediction.ch/result.php?job=1088871440&organism=Homo_sapiens
LACTONE_HYDROLYSIS_ACID,"5-(3,4-dihydroxyphenyl)-4-hydroxypentanoic acid",52920332,52,P-selectin,SELP,P16109,CHEMBL5378,Adhesion,0.17341451455622264,17 / 11,1088871440,https://www.swisstargetprediction.ch/result.php?job=1088871440&organism=Homo_sapiens
LACTONE_HYDROLYSIS_ACID,"5-(3,4-dihydroxyphenyl)-4-hydroxypentanoic acid",52920332,53,L-selectin,SELL,P14151,CHEMBL3161,Adhesion,0.17341451455622264,15 / 6,1088871440,https://www.swisstargetprediction.ch/result.php?job=1088871440&organism=Homo_sapiens
LACTONE_HYDROLYSIS_ACID,"5-(3,4-dihydroxyphenyl)-4-hydroxypentanoic acid",52920332,54,Beta-secretase 1,BACE1,P56817,CHEMBL4822,Protease,0.17339558052939966,108 / 28,1088871440,https://www.swisstargetprediction.ch/result.php?job=1088871440&organism=Homo_sapiens
LACTONE_HYDROLYSIS_ACID,"5-(3,4-dihydroxyphenyl)-4-hydroxypentanoic acid",52920332,55,M-phase inducer phosphatase 1,CDC25A,P30304,CHEMBL3775,Phosphatase,0.1705446157864116,34 / 5,1088871440,https://www.swisstargetprediction.ch/result.php?job=1088871440&organism=Homo_sapiens
LACTONE_HYDROLYSIS_ACID,"5-(3,4-dihydroxyphenyl)-4-hydroxypentanoic acid",52920332,56,Oxysterols receptor LXR-alpha,NR1H3,Q13133,CHEMBL2808,Nuclear receptor,0.16994889350269227,1 / 27,1088871440,https://www.swisstargetprediction.ch/result.php?job=1088871440&organism=Homo_sapiens
LACTONE_HYDROLYSIS_ACID,"5-(3,4-dihydroxyphenyl)-4-hydroxypentanoic acid",52920332,57,Oxysterols receptor LXR-beta,NR1H2,P55055,CHEMBL4093,Nuclear receptor,0.16994889350269227,2 / 24,1088871440,https://www.swisstargetprediction.ch/result.php?job=1088871440&organism=Homo_sapiens
LACTONE_HYDROLYSIS_ACID,"5-(3,4-dihydroxyphenyl)-4-hydroxypentanoic acid",52920332,58,17-beta-hydroxysteroid dehydrogenase type 3,HSD17B3,P37058,CHEMBL4234,Oxidoreductase,0.16279101243220614,51 / 12,1088871440,https://www.swisstargetprediction.ch/result.php?job=1088871440&organism=Homo_sapiens
LACTONE_HYDROLYSIS_ACID,"5-(3,4-dihydroxyphenyl)-4-hydroxypentanoic acid",52920332,59,Amine oxidase [flavin-containing] B,MAOB,P27338,CHEMBL2039,Oxidoreductase,0.16043210788285167,218 / 152,1088871440,https://www.swisstargetprediction.ch/result.php?job=1088871440&organism=Homo_sapiens
LACTONE_HYDROLYSIS_ACID,"5-(3,4-dihydroxyphenyl)-4-hydroxypentanoic acid",52920332,60,Amine oxidase [flavin-containing] A,MAOA,P21397,CHEMBL1951,Oxidoreductase,0.16043210788285167,168 / 75,1088871440,https://www.swisstargetprediction.ch/result.php?job=1088871440&organism=Homo_sapiens
LACTONE_HYDROLYSIS_ACID,"5-(3,4-dihydroxyphenyl)-4-hydroxypentanoic acid",52920332,61,Phosphatidylcholine:ceramide cholinephosphotransferase 2,SGMS2,Q8NHU3,CHEMBL3112379,Transferase,0.15312294650930253,4 / 5,1088871440,https://www.swisstargetprediction.ch/result.php?job=1088871440&organism=Homo_sapiens
LACTONE_HYDROLYSIS_ACID,"5-(3,4-dihydroxyphenyl)-4-hydroxypentanoic acid",52920332,62,Phosphatidylcholine:ceramide cholinephosphotransferase 1,SGMS1,Q86VZ5,CHEMBL3611965,Transferase,0.15312294650930253,4 / 5,1088871440,https://www.swisstargetprediction.ch/result.php?job=1088871440&organism=Homo_sapiens
LACTONE_HYDROLYSIS_ACID,"5-(3,4-dihydroxyphenyl)-4-hydroxypentanoic acid",52920332,63,Lysine-specific demethylase 4E,KDM4E,B2RXH2,CHEMBL1293226,Eraser,0.1459455207556705,9 / 3,1088871440,https://www.swisstargetprediction.ch/result.php?job=1088871440&organism=Homo_sapiens
LACTONE_HYDROLYSIS_ACID,"5-(3,4-dihydroxyphenyl)-4-hydroxypentanoic acid",52920332,64,Adenosine receptor A3,ADORA3,P0DMS8,CHEMBL256,Family A G protein-coupled receptor,0.1410376250299122,31 / 5,1088871440,https://www.swisstargetprediction.ch/result.php?job=1088871440&organism=Homo_sapiens
LACTONE_HYDROLYSIS_ACID,"5-(3,4-dihydroxyphenyl)-4-hydroxypentanoic acid",52920332,65,Induced myeloid leukemia cell differentiation protein Mcl-1,MCL1,Q07820,CHEMBL4361,Other cytosolic protein,0.1391623438380606,160 / 31,1088871440,https://www.swisstargetprediction.ch/result.php?job=1088871440&organism=Homo_sapiens
LACTONE_HYDROLYSIS_ACID,"5-(3,4-dihydroxyphenyl)-4-hydroxypentanoic acid",52920332,66,NAD-dependent protein deacetylase sirtuin-1,SIRT1,Q96EB6,CHEMBL4506,Eraser,0.13800583551648107,38 / 5,1088871440,https://www.swisstargetprediction.ch/result.php?job=1088871440&organism=Homo_sapiens
LACTONE_HYDROLYSIS_ACID,"5-(3,4-dihydroxyphenyl)-4-hydroxypentanoic acid",52920332,67,5-hydroxytryptamine receptor 2C,HTR2C,P28335,CHEMBL225,Family A G protein-coupled receptor,0.1348679322909186,49 / 51,1088871440,https://www.swisstargetprediction.ch/result.php?job=1088871440&organism=Homo_sapiens
LACTONE_HYDROLYSIS_ACID,"5-(3,4-dihydroxyphenyl)-4-hydroxypentanoic acid",52920332,68,Cannabinoid receptor 2,CNR2,P34972,CHEMBL253,Family A G protein-coupled receptor,0.1339799124190467,46 / 385,1088871440,https://www.swisstargetprediction.ch/result.php?job=1088871440&organism=Homo_sapiens
LACTONE_HYDROLYSIS_ACID,"5-(3,4-dihydroxyphenyl)-4-hydroxypentanoic acid",52920332,69,Prostaglandin F2-alpha receptor,PTGFR,P43088,CHEMBL1987,Family A G protein-coupled receptor,0.12975418209773473,2 / 22,1088871440,https://www.swisstargetprediction.ch/result.php?job=1088871440&organism=Homo_sapiens
LACTONE_HYDROLYSIS_ACID,"5-(3,4-dihydroxyphenyl)-4-hydroxypentanoic acid",52920332,70,Tyrosine-protein phosphatase non-receptor type 1,PTPN1,P18031,CHEMBL335,Phosphatase,0.12914445082361045,323 / 73,1088871440,https://www.swisstargetprediction.ch/result.php?job=1088871440&organism=Homo_sapiens
LACTONE_HYDROLYSIS_ACID,"5-(3,4-dihydroxyphenyl)-4-hydroxypentanoic acid",52920332,71,Aldo-keto reductase family 1 member B1,AKR1B1,P15121,CHEMBL1900,Oxidoreductase,0.12770730370996727,122 / 61,1088871440,https://www.swisstargetprediction.ch/result.php?job=1088871440&organism=Homo_sapiens
LACTONE_HYDROLYSIS_ACID,"5-(3,4-dihydroxyphenyl)-4-hydroxypentanoic acid",52920332,72,Sodium-dependent serotonin transporter,SLC6A4,P31645,CHEMBL228,Electrochemical transporter,0.12634853000514334,12 / 547,1088871440,https://www.swisstargetprediction.ch/result.php?job=1088871440&organism=Homo_sapiens
LACTONE_HYDROLYSIS_ACID,"5-(3,4-dihydroxyphenyl)-4-hydroxypentanoic acid",52920332,73,Disabled homolog 2-interacting protein,DAB2IP,Q5VWQ8,CHEMBL4523330,Unclassified protein,0.12464021900395687,2 / 1,1088871440,https://www.swisstargetprediction.ch/result.php?job=1088871440&organism=Homo_sapiens
LACTONE_HYDROLYSIS_ACID,"5-(3,4-dihydroxyphenyl)-4-hydroxypentanoic acid",52920332,74,72 kDa type IV collagenase,MMP2,P08253,CHEMBL333,Protease,0.1242331032612332,129 / 158,1088871440,https://www.swisstargetprediction.ch/result.php?job=1088871440&organism=Homo_sapiens
LACTONE_HYDROLYSIS_ACID,"5-(3,4-dihydroxyphenyl)-4-hydroxypentanoic acid",52920332,75,Toll-like receptor 4,TLR4,O00206,CHEMBL5255,Toll-like and Il-1 receptors,0.12366162801225189,5 / 5,1088871440,https://www.swisstargetprediction.ch/result.php?job=1088871440&organism=Homo_sapiens
LACTONE_HYDROLYSIS_ACID,"5-(3,4-dihydroxyphenyl)-4-hydroxypentanoic acid",52920332,76,Collagenase 3,MMP13,P45452,CHEMBL280,Protease,0.12310842987844295,28 / 27,1088871440,https://www.swisstargetprediction.ch/result.php?job=1088871440&organism=Homo_sapiens
LACTONE_HYDROLYSIS_ACID,"5-(3,4-dihydroxyphenyl)-4-hydroxypentanoic acid",52920332,77,ATP-citrate synthase,ACLY,P53396,CHEMBL3720,Transferase,0.12269549354469446,26 / 19,1088871440,https://www.swisstargetprediction.ch/result.php?job=1088871440&organism=Homo_sapiens
LACTONE_HYDROLYSIS_ACID,"5-(3,4-dihydroxyphenyl)-4-hydroxypentanoic acid",52920332,78,Protein kinase C theta type,PRKCQ,Q04759,CHEMBL3920,Kinase,0.12199251980909065,4 / 8,1088871440,https://www.swisstargetprediction.ch/result.php?job=1088871440&organism=Homo_sapiens
LACTONE_HYDROLYSIS_ACID,"5-(3,4-dihydroxyphenyl)-4-hydroxypentanoic acid",52920332,79,Cyclin-dependent kinase 1,CDK1,P06493,CHEMBL308,Kinase,0.11989744571233954,90 / 2,1088871440,https://www.swisstargetprediction.ch/result.php?job=1088871440&organism=Homo_sapiens
LACTONE_HYDROLYSIS_ACID,"5-(3,4-dihydroxyphenyl)-4-hydroxypentanoic acid",52920332,80,Tyrosine-protein kinase Fyn,FYN,P06241,CHEMBL1841,Kinase,0.11953149656747421,23 / 9,1088871440,https://www.swisstargetprediction.ch/result.php?job=1088871440&organism=Homo_sapiens
LACTONE_HYDROLYSIS_ACID,"5-(3,4-dihydroxyphenyl)-4-hydroxypentanoic acid",52920332,81,Tyrosinase,TYR,P14679,CHEMBL1973,Oxidoreductase,0.1183213189527375,111 / 27,1088871440,https://www.swisstargetprediction.ch/result.php?job=1088871440&organism=Homo_sapiens
LACTONE_HYDROLYSIS_ACID,"5-(3,4-dihydroxyphenyl)-4-hydroxypentanoic acid",52920332,82,Adenylate cyclase type 10,ADCY10,Q96PN6,CHEMBL5854,Lyase,0.11800400809100842,3 / 1,1088871440,https://www.swisstargetprediction.ch/result.php?job=1088871440&organism=Homo_sapiens
LACTONE_HYDROLYSIS_ACID,"5-(3,4-dihydroxyphenyl)-4-hydroxypentanoic acid",52920332,83,"3',5'-cyclic-AMP phosphodiesterase 4D",PDE4D,Q08499,CHEMBL288,Phosphodiesterase,0.11751145043099516,46 / 48,1088871440,https://www.swisstargetprediction.ch/result.php?job=1088871440&organism=Homo_sapiens
LACTONE_HYDROLYSIS_ACID,"5-(3,4-dihydroxyphenyl)-4-hydroxypentanoic acid",52920332,84,Prostaglandin E2 receptor EP2 subtype,PTGER2,P43116,CHEMBL1881,Family A G protein-coupled receptor,0.1145864062394478,1 / 46,1088871440,https://www.swisstargetprediction.ch/result.php?job=1088871440&organism=Homo_sapiens
LACTONE_HYDROLYSIS_ACID,"5-(3,4-dihydroxyphenyl)-4-hydroxypentanoic acid",52920332,85,Cystathionine beta-synthase,CBS,P35520,CHEMBL3399911,Enzyme,0.11366593061873019,9 / 3,1088871440,https://www.swisstargetprediction.ch/result.php?job=1088871440&organism=Homo_sapiens
LACTONE_HYDROLYSIS_ACID,"5-(3,4-dihydroxyphenyl)-4-hydroxypentanoic acid",52920332,86,Kynureninase,KYNU,Q16719,CHEMBL5100,Hydrolase,0.11318272992566045,1 / 2,1088871440,https://www.swisstargetprediction.ch/result.php?job=1088871440&organism=Homo_sapiens
LACTONE_HYDROLYSIS_ACID,"5-(3,4-dihydroxyphenyl)-4-hydroxypentanoic acid",52920332,87,G-protein coupled receptor 55,GPR55,Q9Y2T6,CHEMBL1075322,Family A G protein-coupled receptor,0.10651391990574655,2 / 3,1088871440,https://www.swisstargetprediction.ch/result.php?job=1088871440&organism=Homo_sapiens
LACTONE_HYDROLYSIS_ACID,"5-(3,4-dihydroxyphenyl)-4-hydroxypentanoic acid",52920332,88,HSP60/HSP10,N/A,P10809&P61604,CHEMBL4106131,Unclassified protein,0.10440998144559886,13 / 5,1088871440,https://www.swisstargetprediction.ch/result.php?job=1088871440&organism=Homo_sapiens
LACTONE_HYDROLYSIS_ACID,"5-(3,4-dihydroxyphenyl)-4-hydroxypentanoic acid",52920332,89,Sodium-dependent dopamine transporter,SLC6A3,Q01959,CHEMBL238,Electrochemical transporter,0.10136451241234894,14 / 523,1088871440,https://www.swisstargetprediction.ch/result.php?job=1088871440&organism=Homo_sapiens
LACTONE_HYDROLYSIS_ACID,"5-(3,4-dihydroxyphenyl)-4-hydroxypentanoic acid",52920332,90,Transcription factor Jun,JUN,P05412,CHEMBL4977,Transcription factor,0.09755989152566376,5 / 4,1088871440,https://www.swisstargetprediction.ch/result.php?job=1088871440&organism=Homo_sapiens
LACTONE_HYDROLYSIS_ACID,"5-(3,4-dihydroxyphenyl)-4-hydroxypentanoic acid",52920332,91,Dual specificity protein phosphatase 3,DUSP3,P51452,CHEMBL2635,Phosphatase,0.09705629399048044,26 / 2,1088871440,https://www.swisstargetprediction.ch/result.php?job=1088871440&organism=Homo_sapiens
LACTONE_HYDROLYSIS_ACID,"5-(3,4-dihydroxyphenyl)-4-hydroxypentanoic acid",52920332,92,Carboxypeptidase B2,CPB2,Q96IY4,CHEMBL3419,Protease,0.09648975594485532,36 / 4,1088871440,https://www.swisstargetprediction.ch/result.php?job=1088871440&organism=Homo_sapiens
LACTONE_HYDROLYSIS_ACID,"5-(3,4-dihydroxyphenyl)-4-hydroxypentanoic acid",52920332,93,Cannabinoid receptor 1,CNR1,P21554,CHEMBL218,Family A G protein-coupled receptor,0.09578174276072414,23 / 229,1088871440,https://www.swisstargetprediction.ch/result.php?job=1088871440&organism=Homo_sapiens
LACTONE_HYDROLYSIS_ACID,"5-(3,4-dihydroxyphenyl)-4-hydroxypentanoic acid",52920332,94,Macrophage metalloelastase,MMP12,P39900,CHEMBL4393,Protease,0.09456929369145606,26 / 34,1088871440,https://www.swisstargetprediction.ch/result.php?job=1088871440&organism=Homo_sapiens
LACTONE_HYDROLYSIS_ACID,"5-(3,4-dihydroxyphenyl)-4-hydroxypentanoic acid",52920332,95,Kinesin-like protein KIF11,KIF11,P52732,CHEMBL4581,Other cytosolic protein,0.0944450273688549,14 / 31,1088871440,https://www.swisstargetprediction.ch/result.php?job=1088871440&organism=Homo_sapiens
LACTONE_HYDROLYSIS_ACID,"5-(3,4-dihydroxyphenyl)-4-hydroxypentanoic acid",52920332,96,Glucocorticoid receptor,NR3C1,P04150,CHEMBL2034,Nuclear receptor,0.09339859817663941,3 / 113,1088871440,https://www.swisstargetprediction.ch/result.php?job=1088871440&organism=Homo_sapiens
LACTONE_HYDROLYSIS_ACID,"5-(3,4-dihydroxyphenyl)-4-hydroxypentanoic acid",52920332,97,Flap endonuclease 1,FEN1,P39748,CHEMBL5027,Hydrolase,0.09290057541381821,176 / 12,1088871440,https://www.swisstargetprediction.ch/result.php?job=1088871440&organism=Homo_sapiens
LACTONE_HYDROLYSIS_ACID,"5-(3,4-dihydroxyphenyl)-4-hydroxypentanoic acid",52920332,98,DNA excision repair protein ERCC-5,ERCC5,P28715,CHEMBL4736,Other nuclear protein,0.09290057541381821,77 / 10,1088871440,https://www.swisstargetprediction.ch/result.php?job=1088871440&organism=Homo_sapiens
LACTONE_HYDROLYSIS_ACID,"5-(3,4-dihydroxyphenyl)-4-hydroxypentanoic acid",52920332,99,14-3-3 protein gamma,YWHAG,P61981,CHEMBL1293296,Unclassified protein,0.09280701169346588,2 / 2,1088871440,https://www.swisstargetprediction.ch/result.php?job=1088871440&organism=Homo_sapiens
LACTONE_HYDROLYSIS_ACID,"5-(3,4-dihydroxyphenyl)-4-hydroxypentanoic acid",52920332,100,Progesterone receptor,PGR,P06401,CHEMBL208,Nuclear receptor,0.0909154866336575,5 / 39,1088871440,https://www.swisstargetprediction.ch/result.php?job=1088871440&organism=Homo_sapiens
LACTONE_3_SULFATE,5-(4'-hydroxyphenyl)-γ-valerolactone-3'-sulfate,129626609,1,Carbonic anhydrase 2,CA2,P00918,CHEMBL205,Lyase,0.19462852313482373,607 / 77,1153462946,https://www.swisstargetprediction.ch/result.php?job=1153462946&organism=Homo_sapiens
LACTONE_3_SULFATE,5-(4'-hydroxyphenyl)-γ-valerolactone-3'-sulfate,129626609,2,Carbonic anhydrase 9,CA9,Q16790,CHEMBL3594,Lyase,0.1896233845940121,532 / 43,1153462946,https://www.swisstargetprediction.ch/result.php?job=1153462946&organism=Homo_sapiens
LACTONE_3_SULFATE,5-(4'-hydroxyphenyl)-γ-valerolactone-3'-sulfate,129626609,3,Carbonic anhydrase 1,CA1,P00915,CHEMBL261,Lyase,0.1896233845940121,520 / 67,1153462946,https://www.swisstargetprediction.ch/result.php?job=1153462946&organism=Homo_sapiens
LACTONE_3_SULFATE,5-(4'-hydroxyphenyl)-γ-valerolactone-3'-sulfate,129626609,4,Steryl-sulfatase,STS,P08842,CHEMBL3559,Hydrolase,0.18058510056522112,39 / 159,1153462946,https://www.swisstargetprediction.ch/result.php?job=1153462946&organism=Homo_sapiens
LACTONE_3_SULFATE,5-(4'-hydroxyphenyl)-γ-valerolactone-3'-sulfate,129626609,5,Carbonic anhydrase 4,CA4,P22748,CHEMBL3729,Lyase,0.15033905783597726,83 / 14,1153462946,https://www.swisstargetprediction.ch/result.php?job=1153462946&organism=Homo_sapiens
LACTONE_3_SULFATE,5-(4'-hydroxyphenyl)-γ-valerolactone-3'-sulfate,129626609,6,Estrogen receptor beta,ESR2,Q92731,CHEMBL242,Nuclear receptor,0.14693846207459627,1056 / 138,1153462946,https://www.swisstargetprediction.ch/result.php?job=1153462946&organism=Homo_sapiens
LACTONE_3_SULFATE,5-(4'-hydroxyphenyl)-γ-valerolactone-3'-sulfate,129626609,7,Estrogen receptor,ESR1,P03372,CHEMBL206,Nuclear receptor,0.14693846207459627,1329 / 143,1153462946,https://www.swisstargetprediction.ch/result.php?job=1153462946&organism=Homo_sapiens
LACTONE_3_SULFATE,5-(4'-hydroxyphenyl)-γ-valerolactone-3'-sulfate,129626609,8,"Carbonic anhydrase 5A, mitochondrial",CA5A,P35218,CHEMBL4789,Lyase,0.12712816505921468,41 / 9,1153462946,https://www.swisstargetprediction.ch/result.php?job=1153462946&organism=Homo_sapiens
LACTONE_3_SULFATE,5-(4'-hydroxyphenyl)-γ-valerolactone-3'-sulfate,129626609,9,Carbonic anhydrase 6,CA6,P23280,CHEMBL3025,Lyase,0.12140616622502326,39 / 15,1153462946,https://www.swisstargetprediction.ch/result.php?job=1153462946&organism=Homo_sapiens
LACTONE_3_SULFATE,5-(4'-hydroxyphenyl)-γ-valerolactone-3'-sulfate,129626609,10,Aldo-keto reductase family 1 member C3,AKR1C3,P42330,CHEMBL4681,Oxidoreductase,0.11616829364763619,88 / 26,1153462946,https://www.swisstargetprediction.ch/result.php?job=1153462946&organism=Homo_sapiens
LACTONE_3_SULFATE,5-(4'-hydroxyphenyl)-γ-valerolactone-3'-sulfate,129626609,11,17-beta-hydroxysteroid dehydrogenase type 2,HSD17B2,P37059,CHEMBL2789,Oxidoreductase,0.11498863790658918,348 / 7,1153462946,https://www.swisstargetprediction.ch/result.php?job=1153462946&organism=Homo_sapiens
LACTONE_3_SULFATE,5-(4'-hydroxyphenyl)-γ-valerolactone-3'-sulfate,129626609,12,Mitogen-activated protein kinase 10,MAPK10,P53779,CHEMBL2637,Kinase,0.10008964798068846,84 / 1,1153462946,https://www.swisstargetprediction.ch/result.php?job=1153462946&organism=Homo_sapiens
LACTONE_3_SULFATE,5-(4'-hydroxyphenyl)-γ-valerolactone-3'-sulfate,129626609,13,Aromatase,CYP19A1,P11511,CHEMBL1978,Cytochrome P450,0.07766671446788671,178 / 54,1153462946,https://www.swisstargetprediction.ch/result.php?job=1153462946&organism=Homo_sapiens
LACTONE_3_SULFATE,5-(4'-hydroxyphenyl)-γ-valerolactone-3'-sulfate,129626609,14,Toll-like receptor 4,TLR4,O00206,CHEMBL5255,Toll-like and Il-1 receptors,0.07365188881410441,8 / 3,1153462946,https://www.swisstargetprediction.ch/result.php?job=1153462946&organism=Homo_sapiens
LACTONE_3_SULFATE,5-(4'-hydroxyphenyl)-γ-valerolactone-3'-sulfate,129626609,15,Kinesin-like protein KIF11,KIF11,P52732,CHEMBL4581,Other cytosolic protein,0.06331428552197466,97 / 14,1153462946,https://www.swisstargetprediction.ch/result.php?job=1153462946&organism=Homo_sapiens
LACTONE_3_SULFATE,5-(4'-hydroxyphenyl)-γ-valerolactone-3'-sulfate,129626609,16,Carbonic anhydrase 12,CA12,O43570,CHEMBL3242,Lyase,0.06150680345981136,452 / 19,1153462946,https://www.swisstargetprediction.ch/result.php?job=1153462946&organism=Homo_sapiens
LACTONE_3_SULFATE,5-(4'-hydroxyphenyl)-γ-valerolactone-3'-sulfate,129626609,17,Amyloid-beta precursor protein,APP,P05067,CHEMBL2487,Membrane receptor,0.05832394368856915,244 / 11,1153462946,https://www.swisstargetprediction.ch/result.php?job=1153462946&organism=Homo_sapiens
LACTONE_3_SULFATE,5-(4'-hydroxyphenyl)-γ-valerolactone-3'-sulfate,129626609,18,Peroxisome proliferator-activated receptor gamma,PPARG,P37231,CHEMBL235,Nuclear receptor,0.05696671618361942,178 / 133,1153462946,https://www.swisstargetprediction.ch/result.php?job=1153462946&organism=Homo_sapiens
LACTONE_3_SULFATE,5-(4'-hydroxyphenyl)-γ-valerolactone-3'-sulfate,129626609,19,Methylcytosine dioxygenase TET1,TET1,Q8NFU7,CHEMBL4523402,Oxidoreductase,0.05048426767320508,4 / 1,1153462946,https://www.swisstargetprediction.ch/result.php?job=1153462946&organism=Homo_sapiens
LACTONE_3_SULFATE,5-(4'-hydroxyphenyl)-γ-valerolactone-3'-sulfate,129626609,20,Methylcytosine dioxygenase TET2,TET2,Q6N021,CHEMBL4523344,Oxidoreductase,0.05048426767320508,4 / 1,1153462946,https://www.swisstargetprediction.ch/result.php?job=1153462946&organism=Homo_sapiens
LACTONE_3_SULFATE,5-(4'-hydroxyphenyl)-γ-valerolactone-3'-sulfate,129626609,21,Methylcytosine dioxygenase TET3,TET3,O43151,CHEMBL4879414,Oxidoreductase,0.05048426767320508,4 / 1,1153462946,https://www.swisstargetprediction.ch/result.php?job=1153462946&organism=Homo_sapiens
LACTONE_3_SULFATE,5-(4'-hydroxyphenyl)-γ-valerolactone-3'-sulfate,129626609,22,Farnesyl pyrophosphate synthase,FDPS,P14324,CHEMBL1782,Transferase,0.0427288685752888,213 / 18,1153462946,https://www.swisstargetprediction.ch/result.php?job=1153462946&organism=Homo_sapiens
LACTONE_3_SULFATE,5-(4'-hydroxyphenyl)-γ-valerolactone-3'-sulfate,129626609,23,Sodium-dependent dopamine transporter,SLC6A3,Q01959,CHEMBL238,Electrochemical transporter,0.040300133664983376,46 / 173,1153462946,https://www.swisstargetprediction.ch/result.php?job=1153462946&organism=Homo_sapiens
LACTONE_3_SULFATE,5-(4'-hydroxyphenyl)-γ-valerolactone-3'-sulfate,129626609,24,Oxysterols receptor LXR-alpha,NR1H3,Q13133,CHEMBL2808,Nuclear receptor,0.03652762783829999,16 / 17,1153462946,https://www.swisstargetprediction.ch/result.php?job=1153462946&organism=Homo_sapiens
LACTONE_3_SULFATE,5-(4'-hydroxyphenyl)-γ-valerolactone-3'-sulfate,129626609,25,Oxysterols receptor LXR-beta,NR1H2,P55055,CHEMBL4093,Nuclear receptor,0.03652762783829999,14 / 15,1153462946,https://www.swisstargetprediction.ch/result.php?job=1153462946&organism=Homo_sapiens
LACTONE_3_SULFATE,5-(4'-hydroxyphenyl)-γ-valerolactone-3'-sulfate,129626609,26,Polyunsaturated fatty acid 5-lipoxygenase,ALOX5,P09917,CHEMBL215,Oxidoreductase,0.03585497289765024,423 / 78,1153462946,https://www.swisstargetprediction.ch/result.php?job=1153462946&organism=Homo_sapiens
LACTONE_3_SULFATE,5-(4'-hydroxyphenyl)-γ-valerolactone-3'-sulfate,129626609,27,Transcription factor Jun,JUN,P05412,CHEMBL4977,Transcription factor,0.0342093513308628,8 / 2,1153462946,https://www.swisstargetprediction.ch/result.php?job=1153462946&organism=Homo_sapiens
LACTONE_3_SULFATE,5-(4'-hydroxyphenyl)-γ-valerolactone-3'-sulfate,129626609,28,Sex hormone-binding globulin,SHBG,P04278,CHEMBL3305,Secreted protein,0.03417307703203857,10 / 19,1153462946,https://www.swisstargetprediction.ch/result.php?job=1153462946&organism=Homo_sapiens
LACTONE_3_SULFATE,5-(4'-hydroxyphenyl)-γ-valerolactone-3'-sulfate,129626609,29,Kappa-type opioid receptor,OPRK1,P41145,CHEMBL237,Family A G protein-coupled receptor,0.032275647202143945,620 / 367,1153462946,https://www.swisstargetprediction.ch/result.php?job=1153462946&organism=Homo_sapiens
LACTONE_3_SULFATE,5-(4'-hydroxyphenyl)-γ-valerolactone-3'-sulfate,129626609,30,Tyrosine-protein phosphatase non-receptor type 1,PTPN1,P18031,CHEMBL335,Phosphatase,0.030503002023965314,515 / 23,1153462946,https://www.swisstargetprediction.ch/result.php?job=1153462946&organism=Homo_sapiens
LACTONE_3_SULFATE,5-(4'-hydroxyphenyl)-γ-valerolactone-3'-sulfate,129626609,31,17-beta-hydroxysteroid dehydrogenase type 1,HSD17B1,P14061,CHEMBL3181,Oxidoreductase,0.02845759080683746,344 / 43,1153462946,https://www.swisstargetprediction.ch/result.php?job=1153462946&organism=Homo_sapiens
LACTONE_3_SULFATE,5-(4'-hydroxyphenyl)-γ-valerolactone-3'-sulfate,129626609,32,Dual specificity mitogen-activated protein kinase kinase 1,MAP2K1,Q02750,CHEMBL3587,Kinase,0.02748597715875337,44 / 1,1153462946,https://www.swisstargetprediction.ch/result.php?job=1153462946&organism=Homo_sapiens
LACTONE_3_SULFATE,5-(4'-hydroxyphenyl)-γ-valerolactone-3'-sulfate,129626609,33,Carbonic anhydrase 7,CA7,P43166,CHEMBL2326,Lyase,0.026526013609608014,114 / 14,1153462946,https://www.swisstargetprediction.ch/result.php?job=1153462946&organism=Homo_sapiens
LACTONE_3_SULFATE,5-(4'-hydroxyphenyl)-γ-valerolactone-3'-sulfate,129626609,34,Sodium-dependent noradrenaline transporter,SLC6A2,P23975,CHEMBL222,Electrochemical transporter,0.026313884282763298,57 / 113,1153462946,https://www.swisstargetprediction.ch/result.php?job=1153462946&organism=Homo_sapiens
LACTONE_3_SULFATE,5-(4'-hydroxyphenyl)-γ-valerolactone-3'-sulfate,129626609,35,Peroxisome proliferator-activated receptor alpha,PPARA,Q07869,CHEMBL239,Nuclear receptor,0.025549532591594308,77 / 125,1153462946,https://www.swisstargetprediction.ch/result.php?job=1153462946&organism=Homo_sapiens
LACTONE_3_SULFATE,5-(4'-hydroxyphenyl)-γ-valerolactone-3'-sulfate,129626609,36,"Alpha-(1,3)-fucosyltransferase 7",FUT7,Q11130,CHEMBL3596077,Transferase,0.025112765459242195,2 / 3,1153462946,https://www.swisstargetprediction.ch/result.php?job=1153462946&organism=Homo_sapiens
LACTONE_3_SULFATE,5-(4'-hydroxyphenyl)-γ-valerolactone-3'-sulfate,129626609,37,17-beta-hydroxysteroid dehydrogenase type 3,HSD17B3,P37058,CHEMBL4234,Oxidoreductase,0.02361974873331116,88 / 12,1153462946,https://www.swisstargetprediction.ch/result.php?job=1153462946&organism=Homo_sapiens
LACTONE_3_SULFATE,5-(4'-hydroxyphenyl)-γ-valerolactone-3'-sulfate,129626609,38,Prostaglandin E synthase,PTGES,O14684,CHEMBL5658,Isomerase,0.022759645452597826,89 / 33,1153462946,https://www.swisstargetprediction.ch/result.php?job=1153462946&organism=Homo_sapiens
LACTONE_3_SULFATE,5-(4'-hydroxyphenyl)-γ-valerolactone-3'-sulfate,129626609,39,Androgen receptor,AR,P10275,CHEMBL1871,Nuclear receptor,0.022238332746087247,291 / 23,1153462946,https://www.swisstargetprediction.ch/result.php?job=1153462946&organism=Homo_sapiens
LACTONE_3_SULFATE,5-(4'-hydroxyphenyl)-γ-valerolactone-3'-sulfate,129626609,40,Nuclear receptor subfamily 4immunitygroup A member 1,NR4A1,P22736,CHEMBL1293229,Nuclear receptor,0.021830816153578646,9 / 8,1153462946,https://www.swisstargetprediction.ch/result.php?job=1153462946&organism=Homo_sapiens
LACTONE_3_SULFATE,5-(4'-hydroxyphenyl)-γ-valerolactone-3'-sulfate,129626609,41,Cannabinoid receptor 2,CNR2,P34972,CHEMBL253,Family A G protein-coupled receptor,0.02051016671638811,187 / 199,1153462946,https://www.swisstargetprediction.ch/result.php?job=1153462946&organism=Homo_sapiens
LACTONE_3_SULFATE,5-(4'-hydroxyphenyl)-γ-valerolactone-3'-sulfate,129626609,42,Mu-type opioid receptor,OPRM1,P35372,CHEMBL233,Family A G protein-coupled receptor,0.02006429163471012,703 / 388,1153462946,https://www.swisstargetprediction.ch/result.php?job=1153462946&organism=Homo_sapiens
LACTONE_3_SULFATE,5-(4'-hydroxyphenyl)-γ-valerolactone-3'-sulfate,129626609,43,5-hydroxytryptamine receptor 1A,HTR1A,P08908,CHEMBL214,Family A G protein-coupled receptor,0.019862084659150115,197 / 18,1153462946,https://www.swisstargetprediction.ch/result.php?job=1153462946&organism=Homo_sapiens
LACTONE_3_SULFATE,5-(4'-hydroxyphenyl)-γ-valerolactone-3'-sulfate,129626609,44,Cyclin-dependent kinase 2,CDK2,P24941,CHEMBL301,Kinase,0.019410643051885723,262 / 1,1153462946,https://www.swisstargetprediction.ch/result.php?job=1153462946&organism=Homo_sapiens
LACTONE_3_SULFATE,5-(4'-hydroxyphenyl)-γ-valerolactone-3'-sulfate,129626609,45,Cyclin-dependent kinase 1,CDK1,P06493,CHEMBL308,Kinase,0.019410643051885723,170 / 2,1153462946,https://www.swisstargetprediction.ch/result.php?job=1153462946&organism=Homo_sapiens
LACTONE_3_SULFATE,5-(4'-hydroxyphenyl)-γ-valerolactone-3'-sulfate,129626609,46,Hepatocyte growth factor receptor,MET,P08581,CHEMBL3717,Kinase,0.018632298916403257,229 / 20,1153462946,https://www.swisstargetprediction.ch/result.php?job=1153462946&organism=Homo_sapiens
LACTONE_3_SULFATE,5-(4'-hydroxyphenyl)-γ-valerolactone-3'-sulfate,129626609,47,5-hydroxytryptamine receptor 2B,HTR2B,P41595,CHEMBL1833,Family A G protein-coupled receptor,0.018057505651249733,86 / 6,1153462946,https://www.swisstargetprediction.ch/result.php?job=1153462946&organism=Homo_sapiens
LACTONE_3_SULFATE,5-(4'-hydroxyphenyl)-γ-valerolactone-3'-sulfate,129626609,48,Alpha-synuclein,SNCA,P37840,CHEMBL6152,Unclassified protein,0.01761946547744428,84 / 5,1153462946,https://www.swisstargetprediction.ch/result.php?job=1153462946&organism=Homo_sapiens
LACTONE_3_SULFATE,5-(4'-hydroxyphenyl)-γ-valerolactone-3'-sulfate,129626609,49,Aldo-keto reductase family 1 member B1,AKR1B1,P15121,CHEMBL1900,Oxidoreductase,0.01761946547744428,161 / 17,1153462946,https://www.swisstargetprediction.ch/result.php?job=1153462946&organism=Homo_sapiens
LACTONE_3_SULFATE,5-(4'-hydroxyphenyl)-γ-valerolactone-3'-sulfate,129626609,50,Cyclin-dependent kinase 1/cyclin B1,N/A,P06493&P14635,CHEMBL1907602,Kinase,0.017192320619284787,82 / 1,1153462946,https://www.swisstargetprediction.ch/result.php?job=1153462946&organism=Homo_sapiens
LACTONE_3_SULFATE,5-(4'-hydroxyphenyl)-γ-valerolactone-3'-sulfate,129626609,51,Amine oxidase [flavin-containing] B,MAOB,P27338,CHEMBL2039,Oxidoreductase,0.01621770827173441,505 / 33,1153462946,https://www.swisstargetprediction.ch/result.php?job=1153462946&organism=Homo_sapiens
LACTONE_3_SULFATE,5-(4'-hydroxyphenyl)-γ-valerolactone-3'-sulfate,129626609,52,Amine oxidase [flavin-containing] A,MAOA,P21397,CHEMBL1951,Oxidoreductase,0.01621770827173441,283 / 35,1153462946,https://www.swisstargetprediction.ch/result.php?job=1153462946&organism=Homo_sapiens
LACTONE_3_SULFATE,5-(4'-hydroxyphenyl)-γ-valerolactone-3'-sulfate,129626609,53,Carbonic anhydrase 3,CA3,P07451,CHEMBL2885,Lyase,0.016182046625698863,15 / 1,1153462946,https://www.swisstargetprediction.ch/result.php?job=1153462946&organism=Homo_sapiens
LACTONE_3_SULFATE,5-(4'-hydroxyphenyl)-γ-valerolactone-3'-sulfate,129626609,54,Prostaglandin G/H synthase 2,PTGS2,P35354,CHEMBL230,Oxidoreductase,0.015731996487957915,220 / 46,1153462946,https://www.swisstargetprediction.ch/result.php?job=1153462946&organism=Homo_sapiens
LACTONE_3_SULFATE,5-(4'-hydroxyphenyl)-γ-valerolactone-3'-sulfate,129626609,55,Protein kinase C alpha type,PRKCA,P17252,CHEMBL299,Kinase,0.015719644414698745,123 / 19,1153462946,https://www.swisstargetprediction.ch/result.php?job=1153462946&organism=Homo_sapiens
LACTONE_3_SULFATE,5-(4'-hydroxyphenyl)-γ-valerolactone-3'-sulfate,129626609,56,Protein kinase C beta type,PRKCB,P05771,CHEMBL3045,Kinase,0.015719644414698745,134 / 10,1153462946,https://www.swisstargetprediction.ch/result.php?job=1153462946&organism=Homo_sapiens
LACTONE_3_SULFATE,5-(4'-hydroxyphenyl)-γ-valerolactone-3'-sulfate,129626609,57,Protein kinase C gamma type,PRKCG,P05129,CHEMBL2938,Kinase,0.015719644414698745,81 / 10,1153462946,https://www.swisstargetprediction.ch/result.php?job=1153462946&organism=Homo_sapiens
LACTONE_3_SULFATE,5-(4'-hydroxyphenyl)-γ-valerolactone-3'-sulfate,129626609,58,beta-catenin-B-cell lymphoma 9 protein complex,N/A,P35222&O00512,CHEMBL3885525,Unclassified protein,0.014820157238410105,14 / 3,1153462946,https://www.swisstargetprediction.ch/result.php?job=1153462946&organism=Homo_sapiens
LACTONE_3_SULFATE,5-(4'-hydroxyphenyl)-γ-valerolactone-3'-sulfate,129626609,59,Glycogen synthase kinase-3 beta,GSK3B,P49841,CHEMBL262,Kinase,0.014438671225190804,265 / 6,1153462946,https://www.swisstargetprediction.ch/result.php?job=1153462946&organism=Homo_sapiens
LACTONE_3_SULFATE,5-(4'-hydroxyphenyl)-γ-valerolactone-3'-sulfate,129626609,60,11-beta-hydroxysteroid dehydrogenase 1,HSD11B1,P28845,CHEMBL4235,Oxidoreductase,0.014266099444349544,89 / 105,1153462946,https://www.swisstargetprediction.ch/result.php?job=1153462946&organism=Homo_sapiens
LACTONE_3_SULFATE,5-(4'-hydroxyphenyl)-γ-valerolactone-3'-sulfate,129626609,61,Cannabinoid receptor 1,CNR1,P21554,CHEMBL218,Family A G protein-coupled receptor,0.014095334943271745,89 / 121,1153462946,https://www.swisstargetprediction.ch/result.php?job=1153462946&organism=Homo_sapiens
LACTONE_3_SULFATE,5-(4'-hydroxyphenyl)-γ-valerolactone-3'-sulfate,129626609,62,Heat shock protein HSP 90-beta,HSP90AB1,P08238,CHEMBL4303,Other cytosolic protein,0.013724605365775798,314 / 1,1153462946,https://www.swisstargetprediction.ch/result.php?job=1153462946&organism=Homo_sapiens
LACTONE_3_SULFATE,5-(4'-hydroxyphenyl)-γ-valerolactone-3'-sulfate,129626609,63,Steroid hormone receptor ERR1,ESRRA,P11474,CHEMBL3429,Nuclear receptor,0.013627471145621512,33 / 5,1153462946,https://www.swisstargetprediction.ch/result.php?job=1153462946&organism=Homo_sapiens
LACTONE_3_SULFATE,5-(4'-hydroxyphenyl)-γ-valerolactone-3'-sulfate,129626609,64,Dual specificity tyrosine-phosphorylation-regulated kinase 1A,DYRK1A,Q13627,CHEMBL2292,Kinase,0.013351889731195759,143 / 16,1153462946,https://www.swisstargetprediction.ch/result.php?job=1153462946&organism=Homo_sapiens
LACTONE_3_SULFATE,5-(4'-hydroxyphenyl)-γ-valerolactone-3'-sulfate,129626609,65,Transthyretin,TTR,P02766,CHEMBL3194,Secreted protein,0.013310079209121622,72 / 6,1153462946,https://www.swisstargetprediction.ch/result.php?job=1153462946&organism=Homo_sapiens
LACTONE_3_SULFATE,5-(4'-hydroxyphenyl)-γ-valerolactone-3'-sulfate,129626609,66,Monoglyceride lipase,MGLL,Q99685,CHEMBL4191,Hydrolase,0.013034208203230977,82 / 11,1153462946,https://www.swisstargetprediction.ch/result.php?job=1153462946&organism=Homo_sapiens
LACTONE_3_SULFATE,5-(4'-hydroxyphenyl)-γ-valerolactone-3'-sulfate,129626609,67,Tyrosine-protein phosphatase non-receptor type 11,PTPN11,Q06124,CHEMBL3864,Phosphatase,0.012342357386513783,97 / 2,1153462946,https://www.swisstargetprediction.ch/result.php?job=1153462946&organism=Homo_sapiens
LACTONE_3_SULFATE,5-(4'-hydroxyphenyl)-γ-valerolactone-3'-sulfate,129626609,68,Ectonucleotide pyrophosphatase/phosphodiesterase family member 1,ENPP1,P22413,CHEMBL5925,Enzyme,0.012291799996528227,74 / 1,1153462946,https://www.swisstargetprediction.ch/result.php?job=1153462946&organism=Homo_sapiens
LACTONE_3_SULFATE,5-(4'-hydroxyphenyl)-γ-valerolactone-3'-sulfate,129626609,69,Sigma non-opioid intracellular receptor 1,SIGMAR1,Q99720,CHEMBL287,Membrane receptor,0.01226304531721602,118 / 85,1153462946,https://www.swisstargetprediction.ch/result.php?job=1153462946&organism=Homo_sapiens
LACTONE_3_SULFATE,5-(4'-hydroxyphenyl)-γ-valerolactone-3'-sulfate,129626609,70,DNA polymerase alpha catalytic subunit,POLA1,P09884,CHEMBL1828,Transferase,0.012257961600879134,8 / 15,1153462946,https://www.swisstargetprediction.ch/result.php?job=1153462946&organism=Homo_sapiens
LACTONE_3_SULFATE,5-(4'-hydroxyphenyl)-γ-valerolactone-3'-sulfate,129626609,71,Lysine-specific demethylase 6B,KDM6B,O15054,CHEMBL1938211,Eraser,0.012160054538038052,9 / 1,1153462946,https://www.swisstargetprediction.ch/result.php?job=1153462946&organism=Homo_sapiens
LACTONE_3_SULFATE,5-(4'-hydroxyphenyl)-γ-valerolactone-3'-sulfate,129626609,72,"Fatty acid-binding protein, heart",FABP3,P05413,CHEMBL3344,Fatty acid binding protein family,0.01215491464427503,4 / 22,1153462946,https://www.swisstargetprediction.ch/result.php?job=1153462946&organism=Homo_sapiens
LACTONE_3_SULFATE,5-(4'-hydroxyphenyl)-γ-valerolactone-3'-sulfate,129626609,73,"Fatty acid-binding protein, brain",FABP7,O15540,CHEMBL3826863,Fatty acid binding protein family,0.01215491464427503,4 / 36,1153462946,https://www.swisstargetprediction.ch/result.php?job=1153462946&organism=Homo_sapiens
LACTONE_3_SULFATE,5-(4'-hydroxyphenyl)-γ-valerolactone-3'-sulfate,129626609,74,Induced myeloid leukemia cell differentiation protein Mcl-1,MCL1,Q07820,CHEMBL4361,Other cytosolic protein,0.012030757349116163,230 / 3,1153462946,https://www.swisstargetprediction.ch/result.php?job=1153462946&organism=Homo_sapiens
LACTONE_3_SULFATE,5-(4'-hydroxyphenyl)-γ-valerolactone-3'-sulfate,129626609,75,Cytochrome P450 1B1,CYP1B1,Q16678,CHEMBL4878,Cytochrome P450,0.011998062044466164,74 / 6,1153462946,https://www.swisstargetprediction.ch/result.php?job=1153462946&organism=Homo_sapiens
LACTONE_3_SULFATE,5-(4'-hydroxyphenyl)-γ-valerolactone-3'-sulfate,129626609,76,Alpha-2A adrenergic receptor,ADRA2A,P08913,CHEMBL1867,Family A G protein-coupled receptor,0.011779445306903663,53 / 4,1153462946,https://www.swisstargetprediction.ch/result.php?job=1153462946&organism=Homo_sapiens
LACTONE_3_SULFATE,5-(4'-hydroxyphenyl)-γ-valerolactone-3'-sulfate,129626609,77,Flap endonuclease 1,FEN1,P39748,CHEMBL5027,Hydrolase,0.011763565837089589,224 / 6,1153462946,https://www.swisstargetprediction.ch/result.php?job=1153462946&organism=Homo_sapiens
LACTONE_3_SULFATE,5-(4'-hydroxyphenyl)-γ-valerolactone-3'-sulfate,129626609,78,Vascular endothelial growth factor receptor 2,KDR,P35968,CHEMBL279,Kinase,0.011657743738770786,619 / 15,1153462946,https://www.swisstargetprediction.ch/result.php?job=1153462946&organism=Homo_sapiens
LACTONE_3_SULFATE,5-(4'-hydroxyphenyl)-γ-valerolactone-3'-sulfate,129626609,79,"Phospholipase A2, membrane associated",PLA2G2A,P14555,CHEMBL3474,Hydrolase,0.011635418089101351,29 / 2,1153462946,https://www.swisstargetprediction.ch/result.php?job=1153462946&organism=Homo_sapiens
LACTONE_3_SULFATE,5-(4'-hydroxyphenyl)-γ-valerolactone-3'-sulfate,129626609,80,Acetylcholinesterase,ACHE,P22303,CHEMBL220,Hydrolase,0.011485070935591576,218 / 40,1153462946,https://www.swisstargetprediction.ch/result.php?job=1153462946&organism=Homo_sapiens
LACTONE_3_SULFATE,5-(4'-hydroxyphenyl)-γ-valerolactone-3'-sulfate,129626609,81,D(3) dopamine receptor,DRD3,P35462,CHEMBL234,Family A G protein-coupled receptor,0.011418918646349767,315 / 92,1153462946,https://www.swisstargetprediction.ch/result.php?job=1153462946&organism=Homo_sapiens
LACTONE_3_SULFATE,5-(4'-hydroxyphenyl)-γ-valerolactone-3'-sulfate,129626609,82,D(2) dopamine receptor,DRD2,P14416,CHEMBL217,Family A G protein-coupled receptor,0.011418918646349767,475 / 90,1153462946,https://www.swisstargetprediction.ch/result.php?job=1153462946&organism=Homo_sapiens
LACTONE_3_SULFATE,5-(4'-hydroxyphenyl)-γ-valerolactone-3'-sulfate,129626609,83,Serine protease 1,PRSS1,P07477,CHEMBL209,Protease,0.011370552010854063,63 / 15,1153462946,https://www.swisstargetprediction.ch/result.php?job=1153462946&organism=Homo_sapiens
LACTONE_3_SULFATE,5-(4'-hydroxyphenyl)-γ-valerolactone-3'-sulfate,129626609,84,Tyrosinase,TYR,P14679,CHEMBL1973,Oxidoreductase,0.011346379699487921,127 / 11,1153462946,https://www.swisstargetprediction.ch/result.php?job=1153462946&organism=Homo_sapiens
LACTONE_3_SULFATE,5-(4'-hydroxyphenyl)-γ-valerolactone-3'-sulfate,129626609,85,Progesterone receptor,PGR,P06401,CHEMBL208,Nuclear receptor,0.0111824845643431,29 / 8,1153462946,https://www.swisstargetprediction.ch/result.php?job=1153462946&organism=Homo_sapiens
LACTONE_3_SULFATE,5-(4'-hydroxyphenyl)-γ-valerolactone-3'-sulfate,129626609,86,Protein kinase C delta type,PRKCD,Q05655,CHEMBL2996,Kinase,0.011136195607349006,100 / 20,1153462946,https://www.swisstargetprediction.ch/result.php?job=1153462946&organism=Homo_sapiens
LACTONE_3_SULFATE,5-(4'-hydroxyphenyl)-γ-valerolactone-3'-sulfate,129626609,87,Protein kinase C epsilon type,PRKCE,Q02156,CHEMBL3582,Kinase,0.011136195607349006,99 / 10,1153462946,https://www.swisstargetprediction.ch/result.php?job=1153462946&organism=Homo_sapiens
LACTONE_3_SULFATE,5-(4'-hydroxyphenyl)-γ-valerolactone-3'-sulfate,129626609,88,Protein kinase C eta type,PRKCH,P24723,CHEMBL3616,Kinase,0.011136195607349006,84 / 8,1153462946,https://www.swisstargetprediction.ch/result.php?job=1153462946&organism=Homo_sapiens
LACTONE_3_SULFATE,5-(4'-hydroxyphenyl)-γ-valerolactone-3'-sulfate,129626609,89,Protein farnesyltransferase,N/A,P49354&P49356,CHEMBL2094108,Transferase,0.010899389678184943,62 / 1,1153462946,https://www.swisstargetprediction.ch/result.php?job=1153462946&organism=Homo_sapiens
LACTONE_3_SULFATE,5-(4'-hydroxyphenyl)-γ-valerolactone-3'-sulfate,129626609,90,Serine/threonine-protein kinase B-raf,BRAF,P15056,CHEMBL5145,Kinase,0.010829274847223144,209 / 1,1153462946,https://www.swisstargetprediction.ch/result.php?job=1153462946&organism=Homo_sapiens
LACTONE_3_SULFATE,5-(4'-hydroxyphenyl)-γ-valerolactone-3'-sulfate,129626609,91,14-3-3 protein gamma,YWHAG,P61981,CHEMBL1293296,Unclassified protein,0.010772821450932094,2 / 2,1153462946,https://www.swisstargetprediction.ch/result.php?job=1153462946&organism=Homo_sapiens
LACTONE_3_SULFATE,5-(4'-hydroxyphenyl)-γ-valerolactone-3'-sulfate,129626609,92,Polyunsaturated fatty acid lipoxygenase ALOX12,ALOX12,P18054,CHEMBL3687,Enzyme,0.010669131149222714,89 / 10,1153462946,https://www.swisstargetprediction.ch/result.php?job=1153462946&organism=Homo_sapiens
LACTONE_3_SULFATE,5-(4'-hydroxyphenyl)-γ-valerolactone-3'-sulfate,129626609,93,Prothrombin,F2,P00734,CHEMBL204,Protease,0.010667916358700407,134 / 21,1153462946,https://www.swisstargetprediction.ch/result.php?job=1153462946&organism=Homo_sapiens
LACTONE_3_SULFATE,5-(4'-hydroxyphenyl)-γ-valerolactone-3'-sulfate,129626609,94,Carbonic anhydrase 14,CA14,Q9ULX7,CHEMBL3510,Lyase,0.010592160947506481,93 / 9,1153462946,https://www.swisstargetprediction.ch/result.php?job=1153462946&organism=Homo_sapiens
LACTONE_3_SULFATE,5-(4'-hydroxyphenyl)-γ-valerolactone-3'-sulfate,129626609,95,Polyunsaturated fatty acid lipoxygenase ALOX15,ALOX15,P16050,CHEMBL2903,Oxidoreductase,0.010500271978815598,101 / 23,1153462946,https://www.swisstargetprediction.ch/result.php?job=1153462946&organism=Homo_sapiens
LACTONE_3_SULFATE,5-(4'-hydroxyphenyl)-γ-valerolactone-3'-sulfate,129626609,96,Sodium-dependent serotonin transporter,SLC6A4,P31645,CHEMBL228,Electrochemical transporter,0.010405698585782512,82 / 151,1153462946,https://www.swisstargetprediction.ch/result.php?job=1153462946&organism=Homo_sapiens
LACTONE_3_SULFATE,5-(4'-hydroxyphenyl)-γ-valerolactone-3'-sulfate,129626609,97,Tyrosine-protein kinase Fyn,FYN,P06241,CHEMBL1841,Kinase,0.010369675338382338,138 / 7,1153462946,https://www.swisstargetprediction.ch/result.php?job=1153462946&organism=Homo_sapiens
LACTONE_3_SULFATE,5-(4'-hydroxyphenyl)-γ-valerolactone-3'-sulfate,129626609,98,Insulin-like growth factor 1 receptor,IGF1R,P08069,CHEMBL1957,Kinase,0.010261400834712112,57 / 14,1153462946,https://www.swisstargetprediction.ch/result.php?job=1153462946&organism=Homo_sapiens
LACTONE_3_SULFATE,5-(4'-hydroxyphenyl)-γ-valerolactone-3'-sulfate,129626609,99,Transient receptor potential cation channel subfamily A member 1,TRPA1,O75762,CHEMBL6007,Voltage-gated ion channel,0.01011103603139123,10 / 5,1153462946,https://www.swisstargetprediction.ch/result.php?job=1153462946&organism=Homo_sapiens
LACTONE_3_SULFATE,5-(4'-hydroxyphenyl)-γ-valerolactone-3'-sulfate,129626609,100,Organic anion transporter 3,SLC22A8,Q8TCC7,CHEMBL1641348,Electrochemical transporter,0.010037511761392514,5 / 1,1153462946,https://www.swisstargetprediction.ch/result.php?job=1153462946&organism=Homo_sapiens
LACTONE_4_SULFATE,5-(3'-hydroxyphenyl)-γ-valerolactone-4'-sulfate,101913834,1,"Carbonic anhydrase 5A, mitochondrial",CA5A,P35218,CHEMBL4789,Lyase,0.1789843208301627,41 / 11,690079036,https://www.swisstargetprediction.ch/result.php?job=690079036&organism=Homo_sapiens
LACTONE_4_SULFATE,5-(3'-hydroxyphenyl)-γ-valerolactone-4'-sulfate,101913834,2,Aldo-keto reductase family 1 member C3,AKR1C3,P42330,CHEMBL4681,Oxidoreductase,0.13049305600756853,86 / 31,690079036,https://www.swisstargetprediction.ch/result.php?job=690079036&organism=Homo_sapiens
LACTONE_4_SULFATE,5-(3'-hydroxyphenyl)-γ-valerolactone-4'-sulfate,101913834,3,Carbonic anhydrase 2,CA2,P00918,CHEMBL205,Lyase,0.1284968766601558,600 / 85,690079036,https://www.swisstargetprediction.ch/result.php?job=690079036&organism=Homo_sapiens
LACTONE_4_SULFATE,5-(3'-hydroxyphenyl)-γ-valerolactone-4'-sulfate,101913834,4,Carbonic anhydrase 1,CA1,P00915,CHEMBL261,Lyase,0.1284968766601558,515 / 70,690079036,https://www.swisstargetprediction.ch/result.php?job=690079036&organism=Homo_sapiens
LACTONE_4_SULFATE,5-(3'-hydroxyphenyl)-γ-valerolactone-4'-sulfate,101913834,5,Carbonic anhydrase 9,CA9,Q16790,CHEMBL3594,Lyase,0.12789618798211025,526 / 47,690079036,https://www.swisstargetprediction.ch/result.php?job=690079036&organism=Homo_sapiens
LACTONE_4_SULFATE,5-(3'-hydroxyphenyl)-γ-valerolactone-4'-sulfate,101913834,6,Steryl-sulfatase,STS,P08842,CHEMBL3559,Hydrolase,0.12088494394223714,37 / 166,690079036,https://www.swisstargetprediction.ch/result.php?job=690079036&organism=Homo_sapiens
LACTONE_4_SULFATE,5-(3'-hydroxyphenyl)-γ-valerolactone-4'-sulfate,101913834,7,17-beta-hydroxysteroid dehydrogenase type 2,HSD17B2,P37059,CHEMBL2789,Oxidoreductase,0.11122902280661857,328 / 7,690079036,https://www.swisstargetprediction.ch/result.php?job=690079036&organism=Homo_sapiens
LACTONE_4_SULFATE,5-(3'-hydroxyphenyl)-γ-valerolactone-4'-sulfate,101913834,8,Aromatase,CYP19A1,P11511,CHEMBL1978,Cytochrome P450,0.10088840871693519,152 / 63,690079036,https://www.swisstargetprediction.ch/result.php?job=690079036&organism=Homo_sapiens
LACTONE_4_SULFATE,5-(3'-hydroxyphenyl)-γ-valerolactone-4'-sulfate,101913834,9,Estrogen receptor beta,ESR2,Q92731,CHEMBL242,Nuclear receptor,0.10079473526305574,1022 / 144,690079036,https://www.swisstargetprediction.ch/result.php?job=690079036&organism=Homo_sapiens
LACTONE_4_SULFATE,5-(3'-hydroxyphenyl)-γ-valerolactone-4'-sulfate,101913834,10,Estrogen receptor,ESR1,P03372,CHEMBL206,Nuclear receptor,0.10079473526305574,1273 / 149,690079036,https://www.swisstargetprediction.ch/result.php?job=690079036&organism=Homo_sapiens
LACTONE_4_SULFATE,5-(3'-hydroxyphenyl)-γ-valerolactone-4'-sulfate,101913834,11,Carbonic anhydrase 4,CA4,P22748,CHEMBL3729,Lyase,0.09371921794936273,82 / 15,690079036,https://www.swisstargetprediction.ch/result.php?job=690079036&organism=Homo_sapiens
LACTONE_4_SULFATE,5-(3'-hydroxyphenyl)-γ-valerolactone-4'-sulfate,101913834,12,Peroxisome proliferator-activated receptor gamma,PPARG,P37231,CHEMBL235,Nuclear receptor,0.08364955368027412,175 / 174,690079036,https://www.swisstargetprediction.ch/result.php?job=690079036&organism=Homo_sapiens
LACTONE_4_SULFATE,5-(3'-hydroxyphenyl)-γ-valerolactone-4'-sulfate,101913834,13,Carbonic anhydrase 6,CA6,P23280,CHEMBL3025,Lyase,0.08169491857063077,39 / 16,690079036,https://www.swisstargetprediction.ch/result.php?job=690079036&organism=Homo_sapiens
LACTONE_4_SULFATE,5-(3'-hydroxyphenyl)-γ-valerolactone-4'-sulfate,101913834,14,Carbonic anhydrase 12,CA12,O43570,CHEMBL3242,Lyase,0.07329662744674961,449 / 23,690079036,https://www.swisstargetprediction.ch/result.php?job=690079036&organism=Homo_sapiens
LACTONE_4_SULFATE,5-(3'-hydroxyphenyl)-γ-valerolactone-4'-sulfate,101913834,15,Toll-like receptor 4,TLR4,O00206,CHEMBL5255,Toll-like and Il-1 receptors,0.07162100754136634,7 / 3,690079036,https://www.swisstargetprediction.ch/result.php?job=690079036&organism=Homo_sapiens
LACTONE_4_SULFATE,5-(3'-hydroxyphenyl)-γ-valerolactone-4'-sulfate,101913834,16,Amyloid-beta precursor protein,APP,P05067,CHEMBL2487,Membrane receptor,0.07123584463956607,239 / 15,690079036,https://www.swisstargetprediction.ch/result.php?job=690079036&organism=Homo_sapiens
LACTONE_4_SULFATE,5-(3'-hydroxyphenyl)-γ-valerolactone-4'-sulfate,101913834,17,Mitogen-activated protein kinase 10,MAPK10,P53779,CHEMBL2637,Kinase,0.06777037976732161,77 / 1,690079036,https://www.swisstargetprediction.ch/result.php?job=690079036&organism=Homo_sapiens
LACTONE_4_SULFATE,5-(3'-hydroxyphenyl)-γ-valerolactone-4'-sulfate,101913834,18,Methylcytosine dioxygenase TET1,TET1,Q8NFU7,CHEMBL4523402,Oxidoreductase,0.04962639469335044,4 / 1,690079036,https://www.swisstargetprediction.ch/result.php?job=690079036&organism=Homo_sapiens
LACTONE_4_SULFATE,5-(3'-hydroxyphenyl)-γ-valerolactone-4'-sulfate,101913834,19,Methylcytosine dioxygenase TET2,TET2,Q6N021,CHEMBL4523344,Oxidoreductase,0.04962639469335044,4 / 1,690079036,https://www.swisstargetprediction.ch/result.php?job=690079036&organism=Homo_sapiens
LACTONE_4_SULFATE,5-(3'-hydroxyphenyl)-γ-valerolactone-4'-sulfate,101913834,20,Methylcytosine dioxygenase TET3,TET3,O43151,CHEMBL4879414,Oxidoreductase,0.04962639469335044,4 / 1,690079036,https://www.swisstargetprediction.ch/result.php?job=690079036&organism=Homo_sapiens
LACTONE_4_SULFATE,5-(3'-hydroxyphenyl)-γ-valerolactone-4'-sulfate,101913834,21,Sodium-dependent dopamine transporter,SLC6A3,Q01959,CHEMBL238,Electrochemical transporter,0.04574613270059439,45 / 211,690079036,https://www.swisstargetprediction.ch/result.php?job=690079036&organism=Homo_sapiens
LACTONE_4_SULFATE,5-(3'-hydroxyphenyl)-γ-valerolactone-4'-sulfate,101913834,22,Polyunsaturated fatty acid 5-lipoxygenase,ALOX5,P09917,CHEMBL215,Oxidoreductase,0.04252869391891705,413 / 91,690079036,https://www.swisstargetprediction.ch/result.php?job=690079036&organism=Homo_sapiens
LACTONE_4_SULFATE,5-(3'-hydroxyphenyl)-γ-valerolactone-4'-sulfate,101913834,23,Transcription factor Jun,JUN,P05412,CHEMBL4977,Transcription factor,0.041645053755034724,8 / 2,690079036,https://www.swisstargetprediction.ch/result.php?job=690079036&organism=Homo_sapiens
LACTONE_4_SULFATE,5-(3'-hydroxyphenyl)-γ-valerolactone-4'-sulfate,101913834,24,Farnesyl pyrophosphate synthase,FDPS,P14324,CHEMBL1782,Transferase,0.04143232281400708,212 / 17,690079036,https://www.swisstargetprediction.ch/result.php?job=690079036&organism=Homo_sapiens
LACTONE_4_SULFATE,5-(3'-hydroxyphenyl)-γ-valerolactone-4'-sulfate,101913834,25,Sex hormone-binding globulin,SHBG,P04278,CHEMBL3305,Secreted protein,0.04069531406866001,10 / 19,690079036,https://www.swisstargetprediction.ch/result.php?job=690079036&organism=Homo_sapiens
LACTONE_4_SULFATE,5-(3'-hydroxyphenyl)-γ-valerolactone-4'-sulfate,101913834,26,Kappa-type opioid receptor,OPRK1,P41145,CHEMBL237,Family A G protein-coupled receptor,0.0392088608441174,549 / 294,690079036,https://www.swisstargetprediction.ch/result.php?job=690079036&organism=Homo_sapiens
LACTONE_4_SULFATE,5-(3'-hydroxyphenyl)-γ-valerolactone-4'-sulfate,101913834,27,Oxysterols receptor LXR-alpha,NR1H3,Q13133,CHEMBL2808,Nuclear receptor,0.03682381952885013,15 / 17,690079036,https://www.swisstargetprediction.ch/result.php?job=690079036&organism=Homo_sapiens
LACTONE_4_SULFATE,5-(3'-hydroxyphenyl)-γ-valerolactone-4'-sulfate,101913834,28,Oxysterols receptor LXR-beta,NR1H2,P55055,CHEMBL4093,Nuclear receptor,0.03682381952885013,13 / 15,690079036,https://www.swisstargetprediction.ch/result.php?job=690079036&organism=Homo_sapiens
LACTONE_4_SULFATE,5-(3'-hydroxyphenyl)-γ-valerolactone-4'-sulfate,101913834,29,Peroxisome proliferator-activated receptor alpha,PPARA,Q07869,CHEMBL239,Nuclear receptor,0.03644535775815485,77 / 160,690079036,https://www.swisstargetprediction.ch/result.php?job=690079036&organism=Homo_sapiens
LACTONE_4_SULFATE,5-(3'-hydroxyphenyl)-γ-valerolactone-4'-sulfate,101913834,30,Carbonic anhydrase 7,CA7,P43166,CHEMBL2326,Lyase,0.03520976737032195,112 / 16,690079036,https://www.swisstargetprediction.ch/result.php?job=690079036&organism=Homo_sapiens
LACTONE_4_SULFATE,5-(3'-hydroxyphenyl)-γ-valerolactone-4'-sulfate,101913834,31,Kinesin-like protein KIF11,KIF11,P52732,CHEMBL4581,Other cytosolic protein,0.0350300041619942,94 / 15,690079036,https://www.swisstargetprediction.ch/result.php?job=690079036&organism=Homo_sapiens
LACTONE_4_SULFATE,5-(3'-hydroxyphenyl)-γ-valerolactone-4'-sulfate,101913834,32,Dual specificity mitogen-activated protein kinase kinase 1,MAP2K1,Q02750,CHEMBL3587,Kinase,0.03182475510618159,43 / 1,690079036,https://www.swisstargetprediction.ch/result.php?job=690079036&organism=Homo_sapiens
LACTONE_4_SULFATE,5-(3'-hydroxyphenyl)-γ-valerolactone-4'-sulfate,101913834,33,Sodium-dependent noradrenaline transporter,SLC6A2,P23975,CHEMBL222,Electrochemical transporter,0.030400477505320336,55 / 132,690079036,https://www.swisstargetprediction.ch/result.php?job=690079036&organism=Homo_sapiens
LACTONE_4_SULFATE,5-(3'-hydroxyphenyl)-γ-valerolactone-4'-sulfate,101913834,34,Tyrosine-protein phosphatase non-receptor type 1,PTPN1,P18031,CHEMBL335,Phosphatase,0.029139245297609414,507 / 29,690079036,https://www.swisstargetprediction.ch/result.php?job=690079036&organism=Homo_sapiens
LACTONE_4_SULFATE,5-(3'-hydroxyphenyl)-γ-valerolactone-4'-sulfate,101913834,35,17-beta-hydroxysteroid dehydrogenase type 3,HSD17B3,P37058,CHEMBL4234,Oxidoreductase,0.0275247694452833,88 / 13,690079036,https://www.swisstargetprediction.ch/result.php?job=690079036&organism=Homo_sapiens
LACTONE_4_SULFATE,5-(3'-hydroxyphenyl)-γ-valerolactone-4'-sulfate,101913834,36,Prostaglandin E synthase,PTGES,O14684,CHEMBL5658,Isomerase,0.02696184139853435,86 / 34,690079036,https://www.swisstargetprediction.ch/result.php?job=690079036&organism=Homo_sapiens
LACTONE_4_SULFATE,5-(3'-hydroxyphenyl)-γ-valerolactone-4'-sulfate,101913834,37,17-beta-hydroxysteroid dehydrogenase type 1,HSD17B1,P14061,CHEMBL3181,Oxidoreductase,0.025969227735552013,327 / 44,690079036,https://www.swisstargetprediction.ch/result.php?job=690079036&organism=Homo_sapiens
LACTONE_4_SULFATE,5-(3'-hydroxyphenyl)-γ-valerolactone-4'-sulfate,101913834,38,Cannabinoid receptor 2,CNR2,P34972,CHEMBL253,Family A G protein-coupled receptor,0.02548575727576454,164 / 217,690079036,https://www.swisstargetprediction.ch/result.php?job=690079036&organism=Homo_sapiens
LACTONE_4_SULFATE,5-(3'-hydroxyphenyl)-γ-valerolactone-4'-sulfate,101913834,39,5-hydroxytryptamine receptor 1A,HTR1A,P08908,CHEMBL214,Family A G protein-coupled receptor,0.024291212421314212,193 / 16,690079036,https://www.swisstargetprediction.ch/result.php?job=690079036&organism=Homo_sapiens
LACTONE_4_SULFATE,5-(3'-hydroxyphenyl)-γ-valerolactone-4'-sulfate,101913834,40,Mu-type opioid receptor,OPRM1,P35372,CHEMBL233,Family A G protein-coupled receptor,0.023807750319901247,633 / 311,690079036,https://www.swisstargetprediction.ch/result.php?job=690079036&organism=Homo_sapiens
LACTONE_4_SULFATE,5-(3'-hydroxyphenyl)-γ-valerolactone-4'-sulfate,101913834,41,Cyclin-dependent kinase 2,CDK2,P24941,CHEMBL301,Kinase,0.023300481797961146,256 / 1,690079036,https://www.swisstargetprediction.ch/result.php?job=690079036&organism=Homo_sapiens
LACTONE_4_SULFATE,5-(3'-hydroxyphenyl)-γ-valerolactone-4'-sulfate,101913834,42,Cyclin-dependent kinase 1,CDK1,P06493,CHEMBL308,Kinase,0.023300481797961146,163 / 2,690079036,https://www.swisstargetprediction.ch/result.php?job=690079036&organism=Homo_sapiens
LACTONE_4_SULFATE,5-(3'-hydroxyphenyl)-γ-valerolactone-4'-sulfate,101913834,43,Hepatocyte growth factor receptor,MET,P08581,CHEMBL3717,Kinase,0.021436779087419974,217 / 21,690079036,https://www.swisstargetprediction.ch/result.php?job=690079036&organism=Homo_sapiens
LACTONE_4_SULFATE,5-(3'-hydroxyphenyl)-γ-valerolactone-4'-sulfate,101913834,44,Nuclear receptor subfamily 4immunitygroup A member 1,NR4A1,P22736,CHEMBL1293229,Nuclear receptor,0.021019895375608208,9 / 8,690079036,https://www.swisstargetprediction.ch/result.php?job=690079036&organism=Homo_sapiens
LACTONE_4_SULFATE,5-(3'-hydroxyphenyl)-γ-valerolactone-4'-sulfate,101913834,45,Cyclin-dependent kinase 1/cyclin B1,N/A,P06493&P14635,CHEMBL1907602,Kinase,0.020538573157379055,77 / 1,690079036,https://www.swisstargetprediction.ch/result.php?job=690079036&organism=Homo_sapiens
LACTONE_4_SULFATE,5-(3'-hydroxyphenyl)-γ-valerolactone-4'-sulfate,101913834,46,Alpha-synuclein,SNCA,P37840,CHEMBL6152,Unclassified protein,0.01964244267468135,84 / 8,690079036,https://www.swisstargetprediction.ch/result.php?job=690079036&organism=Homo_sapiens
LACTONE_4_SULFATE,5-(3'-hydroxyphenyl)-γ-valerolactone-4'-sulfate,101913834,47,Aldo-keto reductase family 1 member B1,AKR1B1,P15121,CHEMBL1900,Oxidoreductase,0.018831330263523533,161 / 33,690079036,https://www.swisstargetprediction.ch/result.php?job=690079036&organism=Homo_sapiens
LACTONE_4_SULFATE,5-(3'-hydroxyphenyl)-γ-valerolactone-4'-sulfate,101913834,48,Androgen receptor,AR,P10275,CHEMBL1871,Nuclear receptor,0.01870747955383673,280 / 24,690079036,https://www.swisstargetprediction.ch/result.php?job=690079036&organism=Homo_sapiens
LACTONE_4_SULFATE,5-(3'-hydroxyphenyl)-γ-valerolactone-4'-sulfate,101913834,49,Carbonic anhydrase 3,CA3,P07451,CHEMBL2885,Lyase,0.01862339330047707,15 / 2,690079036,https://www.swisstargetprediction.ch/result.php?job=690079036&organism=Homo_sapiens
LACTONE_4_SULFATE,5-(3'-hydroxyphenyl)-γ-valerolactone-4'-sulfate,101913834,50,5-hydroxytryptamine receptor 2B,HTR2B,P41595,CHEMBL1833,Family A G protein-coupled receptor,0.018106578964832008,84 / 6,690079036,https://www.swisstargetprediction.ch/result.php?job=690079036&organism=Homo_sapiens
LACTONE_4_SULFATE,5-(3'-hydroxyphenyl)-γ-valerolactone-4'-sulfate,101913834,51,Amine oxidase [flavin-containing] B,MAOB,P27338,CHEMBL2039,Oxidoreductase,0.018038399399766095,488 / 40,690079036,https://www.swisstargetprediction.ch/result.php?job=690079036&organism=Homo_sapiens
LACTONE_4_SULFATE,5-(3'-hydroxyphenyl)-γ-valerolactone-4'-sulfate,101913834,52,Amine oxidase [flavin-containing] A,MAOA,P21397,CHEMBL1951,Oxidoreductase,0.018038399399766095,272 / 40,690079036,https://www.swisstargetprediction.ch/result.php?job=690079036&organism=Homo_sapiens
LACTONE_4_SULFATE,5-(3'-hydroxyphenyl)-γ-valerolactone-4'-sulfate,101913834,53,Prostaglandin G/H synthase 2,PTGS2,P35354,CHEMBL230,Oxidoreductase,0.017857892884048522,208 / 48,690079036,https://www.swisstargetprediction.ch/result.php?job=690079036&organism=Homo_sapiens
LACTONE_4_SULFATE,5-(3'-hydroxyphenyl)-γ-valerolactone-4'-sulfate,101913834,54,Protein kinase C alpha type,PRKCA,P17252,CHEMBL299,Kinase,0.017215394689007377,122 / 24,690079036,https://www.swisstargetprediction.ch/result.php?job=690079036&organism=Homo_sapiens
LACTONE_4_SULFATE,5-(3'-hydroxyphenyl)-γ-valerolactone-4'-sulfate,101913834,55,Protein kinase C beta type,PRKCB,P05771,CHEMBL3045,Kinase,0.017215394689007377,134 / 11,690079036,https://www.swisstargetprediction.ch/result.php?job=690079036&organism=Homo_sapiens
LACTONE_4_SULFATE,5-(3'-hydroxyphenyl)-γ-valerolactone-4'-sulfate,101913834,56,Protein kinase C gamma type,PRKCG,P05129,CHEMBL2938,Kinase,0.017215394689007377,81 / 11,690079036,https://www.swisstargetprediction.ch/result.php?job=690079036&organism=Homo_sapiens
LACTONE_4_SULFATE,5-(3'-hydroxyphenyl)-γ-valerolactone-4'-sulfate,101913834,57,11-beta-hydroxysteroid dehydrogenase 1,HSD11B1,P28845,CHEMBL4235,Oxidoreductase,0.016877915947980243,79 / 69,690079036,https://www.swisstargetprediction.ch/result.php?job=690079036&organism=Homo_sapiens
LACTONE_4_SULFATE,5-(3'-hydroxyphenyl)-γ-valerolactone-4'-sulfate,101913834,58,Glycogen synthase kinase-3 beta,GSK3B,P49841,CHEMBL262,Kinase,0.016855892037811453,253 / 6,690079036,https://www.swisstargetprediction.ch/result.php?job=690079036&organism=Homo_sapiens
LACTONE_4_SULFATE,5-(3'-hydroxyphenyl)-γ-valerolactone-4'-sulfate,101913834,59,Cannabinoid receptor 1,CNR1,P21554,CHEMBL218,Family A G protein-coupled receptor,0.016378119943251186,81 / 128,690079036,https://www.swisstargetprediction.ch/result.php?job=690079036&organism=Homo_sapiens
LACTONE_4_SULFATE,5-(3'-hydroxyphenyl)-γ-valerolactone-4'-sulfate,101913834,60,Monoglyceride lipase,MGLL,Q99685,CHEMBL4191,Hydrolase,0.016322256060532458,79 / 13,690079036,https://www.swisstargetprediction.ch/result.php?job=690079036&organism=Homo_sapiens
LACTONE_4_SULFATE,5-(3'-hydroxyphenyl)-γ-valerolactone-4'-sulfate,101913834,61,beta-catenin-B-cell lymphoma 9 protein complex,N/A,P35222&O00512,CHEMBL3885525,Unclassified protein,0.015894058357439733,14 / 3,690079036,https://www.swisstargetprediction.ch/result.php?job=690079036&organism=Homo_sapiens
LACTONE_4_SULFATE,5-(3'-hydroxyphenyl)-γ-valerolactone-4'-sulfate,101913834,62,Transthyretin,TTR,P02766,CHEMBL3194,Secreted protein,0.01557007277113689,71 / 8,690079036,https://www.swisstargetprediction.ch/result.php?job=690079036&organism=Homo_sapiens
LACTONE_4_SULFATE,5-(3'-hydroxyphenyl)-γ-valerolactone-4'-sulfate,101913834,63,Heat shock protein HSP 90-beta,HSP90AB1,P08238,CHEMBL4303,Other cytosolic protein,0.015520252097709809,306 / 1,690079036,https://www.swisstargetprediction.ch/result.php?job=690079036&organism=Homo_sapiens
LACTONE_4_SULFATE,5-(3'-hydroxyphenyl)-γ-valerolactone-4'-sulfate,101913834,64,Lysine-specific demethylase 6B,KDM6B,O15054,CHEMBL1938211,Eraser,0.015452412361543473,9 / 1,690079036,https://www.swisstargetprediction.ch/result.php?job=690079036&organism=Homo_sapiens
LACTONE_4_SULFATE,5-(3'-hydroxyphenyl)-γ-valerolactone-4'-sulfate,101913834,65,"Phospholipase A2, membrane associated",PLA2G2A,P14555,CHEMBL3474,Hydrolase,0.01514591069658788,28 / 2,690079036,https://www.swisstargetprediction.ch/result.php?job=690079036&organism=Homo_sapiens
LACTONE_4_SULFATE,5-(3'-hydroxyphenyl)-γ-valerolactone-4'-sulfate,101913834,66,"Fatty acid-binding protein, heart",FABP3,P05413,CHEMBL3344,Fatty acid binding protein family,0.014683789804187102,4 / 23,690079036,https://www.swisstargetprediction.ch/result.php?job=690079036&organism=Homo_sapiens
LACTONE_4_SULFATE,5-(3'-hydroxyphenyl)-γ-valerolactone-4'-sulfate,101913834,67,"Fatty acid-binding protein, brain",FABP7,O15540,CHEMBL3826863,Fatty acid binding protein family,0.014683789804187102,4 / 38,690079036,https://www.swisstargetprediction.ch/result.php?job=690079036&organism=Homo_sapiens
LACTONE_4_SULFATE,5-(3'-hydroxyphenyl)-γ-valerolactone-4'-sulfate,101913834,68,Serine protease 1,PRSS1,P07477,CHEMBL209,Protease,0.014470500337458485,62 / 17,690079036,https://www.swisstargetprediction.ch/result.php?job=690079036&organism=Homo_sapiens
LACTONE_4_SULFATE,5-(3'-hydroxyphenyl)-γ-valerolactone-4'-sulfate,101913834,69,Vascular endothelial growth factor receptor 2,KDR,P35968,CHEMBL279,Kinase,0.013941204127232893,594 / 16,690079036,https://www.swisstargetprediction.ch/result.php?job=690079036&organism=Homo_sapiens
LACTONE_4_SULFATE,5-(3'-hydroxyphenyl)-γ-valerolactone-4'-sulfate,101913834,70,14-3-3 protein gamma,YWHAG,P61981,CHEMBL1293296,Unclassified protein,0.013833534632883794,2 / 2,690079036,https://www.swisstargetprediction.ch/result.php?job=690079036&organism=Homo_sapiens
LACTONE_4_SULFATE,5-(3'-hydroxyphenyl)-γ-valerolactone-4'-sulfate,101913834,71,Induced myeloid leukemia cell differentiation protein Mcl-1,MCL1,Q07820,CHEMBL4361,Other cytosolic protein,0.013651251470042026,228 / 5,690079036,https://www.swisstargetprediction.ch/result.php?job=690079036&organism=Homo_sapiens
LACTONE_4_SULFATE,5-(3'-hydroxyphenyl)-γ-valerolactone-4'-sulfate,101913834,72,Ectonucleotide pyrophosphatase/phosphodiesterase family member 1,ENPP1,P22413,CHEMBL5925,Enzyme,0.013567005851417917,74 / 1,690079036,https://www.swisstargetprediction.ch/result.php?job=690079036&organism=Homo_sapiens
LACTONE_4_SULFATE,5-(3'-hydroxyphenyl)-γ-valerolactone-4'-sulfate,101913834,73,Sigma non-opioid intracellular receptor 1,SIGMAR1,Q99720,CHEMBL287,Membrane receptor,0.013478505896116119,102 / 64,690079036,https://www.swisstargetprediction.ch/result.php?job=690079036&organism=Homo_sapiens
LACTONE_4_SULFATE,5-(3'-hydroxyphenyl)-γ-valerolactone-4'-sulfate,101913834,74,Steroid hormone receptor ERR1,ESRRA,P11474,CHEMBL3429,Nuclear receptor,0.013478049217407863,33 / 5,690079036,https://www.swisstargetprediction.ch/result.php?job=690079036&organism=Homo_sapiens
LACTONE_4_SULFATE,5-(3'-hydroxyphenyl)-γ-valerolactone-4'-sulfate,101913834,75,Tyrosinase,TYR,P14679,CHEMBL1973,Oxidoreductase,0.013250881799138707,127 / 11,690079036,https://www.swisstargetprediction.ch/result.php?job=690079036&organism=Homo_sapiens
LACTONE_4_SULFATE,5-(3'-hydroxyphenyl)-γ-valerolactone-4'-sulfate,101913834,76,Acetylcholinesterase,ACHE,P22303,CHEMBL220,Hydrolase,0.013225505785254686,208 / 45,690079036,https://www.swisstargetprediction.ch/result.php?job=690079036&organism=Homo_sapiens
LACTONE_4_SULFATE,5-(3'-hydroxyphenyl)-γ-valerolactone-4'-sulfate,101913834,77,Dual specificity tyrosine-phosphorylation-regulated kinase 1A,DYRK1A,Q13627,CHEMBL2292,Kinase,0.013158490023870364,137 / 17,690079036,https://www.swisstargetprediction.ch/result.php?job=690079036&organism=Homo_sapiens
LACTONE_4_SULFATE,5-(3'-hydroxyphenyl)-γ-valerolactone-4'-sulfate,101913834,78,Flap endonuclease 1,FEN1,P39748,CHEMBL5027,Hydrolase,0.013030960147833311,223 / 6,690079036,https://www.swisstargetprediction.ch/result.php?job=690079036&organism=Homo_sapiens
LACTONE_4_SULFATE,5-(3'-hydroxyphenyl)-γ-valerolactone-4'-sulfate,101913834,79,Protein kinase C delta type,PRKCD,Q05655,CHEMBL2996,Kinase,0.012934727129536258,100 / 21,690079036,https://www.swisstargetprediction.ch/result.php?job=690079036&organism=Homo_sapiens
LACTONE_4_SULFATE,5-(3'-hydroxyphenyl)-γ-valerolactone-4'-sulfate,101913834,80,Prothrombin,F2,P00734,CHEMBL204,Protease,0.012877524362181687,132 / 23,690079036,https://www.swisstargetprediction.ch/result.php?job=690079036&organism=Homo_sapiens
LACTONE_4_SULFATE,5-(3'-hydroxyphenyl)-γ-valerolactone-4'-sulfate,101913834,81,Protein kinase C epsilon type,PRKCE,Q02156,CHEMBL3582,Kinase,0.012798200817372339,99 / 11,690079036,https://www.swisstargetprediction.ch/result.php?job=690079036&organism=Homo_sapiens
LACTONE_4_SULFATE,5-(3'-hydroxyphenyl)-γ-valerolactone-4'-sulfate,101913834,82,Protein kinase C eta type,PRKCH,P24723,CHEMBL3616,Kinase,0.012798200817372339,84 / 9,690079036,https://www.swisstargetprediction.ch/result.php?job=690079036&organism=Homo_sapiens
LACTONE_4_SULFATE,5-(3'-hydroxyphenyl)-γ-valerolactone-4'-sulfate,101913834,83,"Alpha-(1,3)-fucosyltransferase 7",FUT7,Q11130,CHEMBL3596077,Transferase,0.012736313404908595,2 / 3,690079036,https://www.swisstargetprediction.ch/result.php?job=690079036&organism=Homo_sapiens
LACTONE_4_SULFATE,5-(3'-hydroxyphenyl)-γ-valerolactone-4'-sulfate,101913834,84,Tyrosine-protein kinase Fyn,FYN,P06241,CHEMBL1841,Kinase,0.012462996399900759,128 / 7,690079036,https://www.swisstargetprediction.ch/result.php?job=690079036&organism=Homo_sapiens
LACTONE_4_SULFATE,5-(3'-hydroxyphenyl)-γ-valerolactone-4'-sulfate,101913834,85,Proto-oncogene tyrosine-protein kinase Src,SRC,P12931,CHEMBL267,Kinase,0.012340083985143174,339 / 8,690079036,https://www.swisstargetprediction.ch/result.php?job=690079036&organism=Homo_sapiens
LACTONE_4_SULFATE,5-(3'-hydroxyphenyl)-γ-valerolactone-4'-sulfate,101913834,86,DNA polymerase alpha catalytic subunit,POLA1,P09884,CHEMBL1828,Transferase,0.012097435760598043,8 / 15,690079036,https://www.swisstargetprediction.ch/result.php?job=690079036&organism=Homo_sapiens
LACTONE_4_SULFATE,5-(3'-hydroxyphenyl)-γ-valerolactone-4'-sulfate,101913834,87,Transient receptor potential cation channel subfamily A member 1,TRPA1,O75762,CHEMBL6007,Voltage-gated ion channel,0.012006237978264075,8 / 8,690079036,https://www.swisstargetprediction.ch/result.php?job=690079036&organism=Homo_sapiens
LACTONE_4_SULFATE,5-(3'-hydroxyphenyl)-γ-valerolactone-4'-sulfate,101913834,88,Tyrosine-protein phosphatase non-receptor type 11,PTPN11,Q06124,CHEMBL3864,Phosphatase,0.011939908122215891,93 / 2,690079036,https://www.swisstargetprediction.ch/result.php?job=690079036&organism=Homo_sapiens
LACTONE_4_SULFATE,5-(3'-hydroxyphenyl)-γ-valerolactone-4'-sulfate,101913834,89,Polyunsaturated fatty acid lipoxygenase ALOX12,ALOX12,P18054,CHEMBL3687,Enzyme,0.01169608139792873,82 / 11,690079036,https://www.swisstargetprediction.ch/result.php?job=690079036&organism=Homo_sapiens
LACTONE_4_SULFATE,5-(3'-hydroxyphenyl)-γ-valerolactone-4'-sulfate,101913834,90,Carbonic anhydrase 14,CA14,Q9ULX7,CHEMBL3510,Lyase,0.011686510098840284,94 / 9,690079036,https://www.swisstargetprediction.ch/result.php?job=690079036&organism=Homo_sapiens
LACTONE_4_SULFATE,5-(3'-hydroxyphenyl)-γ-valerolactone-4'-sulfate,101913834,91,Cytochrome P450 1B1,CYP1B1,Q16678,CHEMBL4878,Cytochrome P450,0.01149405643291038,68 / 6,690079036,https://www.swisstargetprediction.ch/result.php?job=690079036&organism=Homo_sapiens
LACTONE_4_SULFATE,5-(3'-hydroxyphenyl)-γ-valerolactone-4'-sulfate,101913834,92,Protein farnesyltransferase,N/A,P49354&P49356,CHEMBL2094108,Transferase,0.011444889469590344,62 / 1,690079036,https://www.swisstargetprediction.ch/result.php?job=690079036&organism=Homo_sapiens
LACTONE_4_SULFATE,5-(3'-hydroxyphenyl)-γ-valerolactone-4'-sulfate,101913834,93,Matrix metalloproteinase-9,MMP9,P14780,CHEMBL321,Protease,0.011410999479878845,162 / 11,690079036,https://www.swisstargetprediction.ch/result.php?job=690079036&organism=Homo_sapiens
LACTONE_4_SULFATE,5-(3'-hydroxyphenyl)-γ-valerolactone-4'-sulfate,101913834,94,72 kDa type IV collagenase,MMP2,P08253,CHEMBL333,Protease,0.011410999479878845,229 / 26,690079036,https://www.swisstargetprediction.ch/result.php?job=690079036&organism=Homo_sapiens
LACTONE_4_SULFATE,5-(3'-hydroxyphenyl)-γ-valerolactone-4'-sulfate,101913834,95,Insulin-like growth factor 1 receptor,IGF1R,P08069,CHEMBL1957,Kinase,0.01121493697786783,56 / 14,690079036,https://www.swisstargetprediction.ch/result.php?job=690079036&organism=Homo_sapiens
LACTONE_4_SULFATE,5-(3'-hydroxyphenyl)-γ-valerolactone-4'-sulfate,101913834,96,Islet amyloid polypeptide,IAPP,P10997,CHEMBL1914266,Secreted protein,0.011098227092514127,17 / 8,690079036,https://www.swisstargetprediction.ch/result.php?job=690079036&organism=Homo_sapiens
LACTONE_4_SULFATE,5-(3'-hydroxyphenyl)-γ-valerolactone-4'-sulfate,101913834,97,Polyunsaturated fatty acid lipoxygenase ALOX15,ALOX15,P16050,CHEMBL2903,Oxidoreductase,0.011090833503042527,99 / 25,690079036,https://www.swisstargetprediction.ch/result.php?job=690079036&organism=Homo_sapiens
LACTONE_4_SULFATE,5-(3'-hydroxyphenyl)-γ-valerolactone-4'-sulfate,101913834,98,Protein kinase C theta type,PRKCQ,Q04759,CHEMBL3920,Kinase,0.011088600705396068,9 / 8,690079036,https://www.swisstargetprediction.ch/result.php?job=690079036&organism=Homo_sapiens
LACTONE_4_SULFATE,5-(3'-hydroxyphenyl)-γ-valerolactone-4'-sulfate,101913834,99,Nuclear receptor subfamily 1 group I member 2,NR1I2,O75469,CHEMBL3401,Nuclear receptor,0.011033685170121519,19 / 6,690079036,https://www.swisstargetprediction.ch/result.php?job=690079036&organism=Homo_sapiens
LACTONE_4_SULFATE,5-(3'-hydroxyphenyl)-γ-valerolactone-4'-sulfate,101913834,100,Serine/threonine-protein kinase B-raf,BRAF,P15056,CHEMBL5145,Kinase,0.010641620027288341,192 / 1,690079036,https://www.swisstargetprediction.ch/result.php?job=690079036&organism=Homo_sapiens
LACTONE_3_GLUCURONIDE,5-(4'-hydroxyphenyl)-γ-valerolactone-3'-glucuronide,131834060,1,Estrogen receptor,ESR1,P03372,CHEMBL206,Nuclear receptor,0.7638874487475442,2137 / 60,510864724,https://www.swisstargetprediction.ch/result.php?job=510864724&organism=Homo_sapiens
LACTONE_3_GLUCURONIDE,5-(4'-hydroxyphenyl)-γ-valerolactone-3'-glucuronide,131834060,2,D(1A) dopamine receptor,DRD1,P21728,CHEMBL2056,Family A G protein-coupled receptor,0.27252498763544286,418 / 14,510864724,https://www.swisstargetprediction.ch/result.php?job=510864724&organism=Homo_sapiens
LACTONE_3_GLUCURONIDE,5-(4'-hydroxyphenyl)-γ-valerolactone-3'-glucuronide,131834060,3,D(2) dopamine receptor,DRD2,P14416,CHEMBL217,Family A G protein-coupled receptor,0.27252498763544286,699 / 80,510864724,https://www.swisstargetprediction.ch/result.php?job=510864724&organism=Homo_sapiens
LACTONE_3_GLUCURONIDE,5-(4'-hydroxyphenyl)-γ-valerolactone-3'-glucuronide,131834060,4,Adenosine receptor A1,ADORA1,P30542,CHEMBL226,Family A G protein-coupled receptor,0.2417798162143462,156 / 1,510864724,https://www.swisstargetprediction.ch/result.php?job=510864724&organism=Homo_sapiens
LACTONE_3_GLUCURONIDE,5-(4'-hydroxyphenyl)-γ-valerolactone-3'-glucuronide,131834060,5,Acetylcholinesterase,ACHE,P22303,CHEMBL220,Hydrolase,0.1677252561198463,392 / 100,510864724,https://www.swisstargetprediction.ch/result.php?job=510864724&organism=Homo_sapiens
LACTONE_3_GLUCURONIDE,5-(4'-hydroxyphenyl)-γ-valerolactone-3'-glucuronide,131834060,6,Solute carrier organic anion transporter family member 2B1,SLCO2B1,O94956,CHEMBL1743124,Electrochemical transporter,0.16035492232142026,5 / 1,510864724,https://www.swisstargetprediction.ch/result.php?job=510864724&organism=Homo_sapiens
LACTONE_3_GLUCURONIDE,5-(4'-hydroxyphenyl)-γ-valerolactone-3'-glucuronide,131834060,7,Histone deacetylase 1,HDAC1,Q13547,CHEMBL325,Eraser,0.15681038252959814,304 / 31,510864724,https://www.swisstargetprediction.ch/result.php?job=510864724&organism=Homo_sapiens
LACTONE_3_GLUCURONIDE,5-(4'-hydroxyphenyl)-γ-valerolactone-3'-glucuronide,131834060,8,3-oxo-5-alpha-steroid 4-dehydrogenase 1,SRD5A1,P18405,CHEMBL1787,Oxidoreductase,0.14952405623870227,5 / 1,510864724,https://www.swisstargetprediction.ch/result.php?job=510864724&organism=Homo_sapiens
LACTONE_3_GLUCURONIDE,5-(4'-hydroxyphenyl)-γ-valerolactone-3'-glucuronide,131834060,9,Tyrosine-protein phosphatase non-receptor type 1,PTPN1,P18031,CHEMBL335,Phosphatase,0.11709241399487376,660 / 89,510864724,https://www.swisstargetprediction.ch/result.php?job=510864724&organism=Homo_sapiens
LACTONE_3_GLUCURONIDE,5-(4'-hydroxyphenyl)-γ-valerolactone-3'-glucuronide,131834060,10,Sodium/glucose cotransporter 2,SLC5A2,P31639,CHEMBL3884,Electrochemical transporter,0.1149154153368005,90 / 615,510864724,https://www.swisstargetprediction.ch/result.php?job=510864724&organism=Homo_sapiens
LACTONE_3_GLUCURONIDE,5-(4'-hydroxyphenyl)-γ-valerolactone-3'-glucuronide,131834060,11,Tyrosinase,TYR,P14679,CHEMBL1973,Oxidoreductase,0.11236210154994011,122 / 17,510864724,https://www.swisstargetprediction.ch/result.php?job=510864724&organism=Homo_sapiens
LACTONE_3_GLUCURONIDE,5-(4'-hydroxyphenyl)-γ-valerolactone-3'-glucuronide,131834060,12,Sodium/glucose cotransporter 1,SLC5A1,P13866,CHEMBL4979,Electrochemical transporter,0.10499012885799025,65 / 348,510864724,https://www.swisstargetprediction.ch/result.php?job=510864724&organism=Homo_sapiens
LACTONE_3_GLUCURONIDE,5-(4'-hydroxyphenyl)-γ-valerolactone-3'-glucuronide,131834060,13,Telomerase reverse transcriptase,TERT,O14746,CHEMBL2916,Transferase,0.09371483196392344,55 / 7,510864724,https://www.swisstargetprediction.ch/result.php?job=510864724&organism=Homo_sapiens
LACTONE_3_GLUCURONIDE,5-(4'-hydroxyphenyl)-γ-valerolactone-3'-glucuronide,131834060,14,Heparanase,HPSE,Q9Y251,CHEMBL3921,Hydrolase,0.08671446450984173,10 / 3,510864724,https://www.swisstargetprediction.ch/result.php?job=510864724&organism=Homo_sapiens
LACTONE_3_GLUCURONIDE,5-(4'-hydroxyphenyl)-γ-valerolactone-3'-glucuronide,131834060,15,Dual specificity tyrosine-phosphorylation-regulated kinase 1A,DYRK1A,Q13627,CHEMBL2292,Kinase,0.08159816542657018,176 / 27,510864724,https://www.swisstargetprediction.ch/result.php?job=510864724&organism=Homo_sapiens
LACTONE_3_GLUCURONIDE,5-(4'-hydroxyphenyl)-γ-valerolactone-3'-glucuronide,131834060,16,Protein kinase C delta type,PRKCD,Q05655,CHEMBL2996,Kinase,0.08047507612494294,122 / 46,510864724,https://www.swisstargetprediction.ch/result.php?job=510864724&organism=Homo_sapiens
LACTONE_3_GLUCURONIDE,5-(4'-hydroxyphenyl)-γ-valerolactone-3'-glucuronide,131834060,17,Bifunctional epoxide hydrolase 2,EPHX2,P34913,CHEMBL2409,Protease,0.07626778871092216,42 / 17,510864724,https://www.swisstargetprediction.ch/result.php?job=510864724&organism=Homo_sapiens
LACTONE_3_GLUCURONIDE,5-(4'-hydroxyphenyl)-γ-valerolactone-3'-glucuronide,131834060,18,Mu-type opioid receptor,OPRM1,P35372,CHEMBL233,Family A G protein-coupled receptor,0.05988688755738474,1594 / 645,510864724,https://www.swisstargetprediction.ch/result.php?job=510864724&organism=Homo_sapiens
LACTONE_3_GLUCURONIDE,5-(4'-hydroxyphenyl)-γ-valerolactone-3'-glucuronide,131834060,19,Squalene synthase,FDFT1,P37268,CHEMBL3338,Transferase,0.05729214725259996,42 / 31,510864724,https://www.swisstargetprediction.ch/result.php?job=510864724&organism=Homo_sapiens
LACTONE_3_GLUCURONIDE,5-(4'-hydroxyphenyl)-γ-valerolactone-3'-glucuronide,131834060,20,Tyrosyl-DNA phosphodiesterase 1,TDP1,Q9NUW8,CHEMBL1075138,Phosphodiesterase,0.05651635333116943,80 / 2,510864724,https://www.swisstargetprediction.ch/result.php?job=510864724&organism=Homo_sapiens
LACTONE_3_GLUCURONIDE,5-(4'-hydroxyphenyl)-γ-valerolactone-3'-glucuronide,131834060,21,Protein kinase C alpha type,PRKCA,P17252,CHEMBL299,Kinase,0.045947802062505864,143 / 52,510864724,https://www.swisstargetprediction.ch/result.php?job=510864724&organism=Homo_sapiens
LACTONE_3_GLUCURONIDE,5-(4'-hydroxyphenyl)-γ-valerolactone-3'-glucuronide,131834060,22,Pyruvate kinase PKM,PKM,P14618,CHEMBL1075189,Enzyme,0.04506358096297219,21 / 7,510864724,https://www.swisstargetprediction.ch/result.php?job=510864724&organism=Homo_sapiens
LACTONE_3_GLUCURONIDE,5-(4'-hydroxyphenyl)-γ-valerolactone-3'-glucuronide,131834060,23,"Histone-lysine N-methyltransferase, H3 lysine-79 specific",DOT1L,Q8TEK3,CHEMBL1795117,Writer,0.04351829485642953,2 / 1,510864724,https://www.swisstargetprediction.ch/result.php?job=510864724&organism=Homo_sapiens
LACTONE_3_GLUCURONIDE,5-(4'-hydroxyphenyl)-γ-valerolactone-3'-glucuronide,131834060,24,Lysine-specific histone demethylase 1A,KDM1A,O60341,CHEMBL6136,Eraser,0.04200582814044311,215 / 10,510864724,https://www.swisstargetprediction.ch/result.php?job=510864724&organism=Homo_sapiens
LACTONE_3_GLUCURONIDE,5-(4'-hydroxyphenyl)-γ-valerolactone-3'-glucuronide,131834060,25,Tyrosine-protein phosphatase non-receptor type 2,PTPN2,P17706,CHEMBL3807,Phosphatase,0.0380359818833317,118 / 4,510864724,https://www.swisstargetprediction.ch/result.php?job=510864724&organism=Homo_sapiens
LACTONE_3_GLUCURONIDE,5-(4'-hydroxyphenyl)-γ-valerolactone-3'-glucuronide,131834060,26,Protein kinase C beta type,PRKCB,P05771,CHEMBL3045,Kinase,0.037560258453387035,146 / 17,510864724,https://www.swisstargetprediction.ch/result.php?job=510864724&organism=Homo_sapiens
LACTONE_3_GLUCURONIDE,5-(4'-hydroxyphenyl)-γ-valerolactone-3'-glucuronide,131834060,27,Kappa-type opioid receptor,OPRK1,P41145,CHEMBL237,Family A G protein-coupled receptor,0.036905250732615344,1489 / 773,510864724,https://www.swisstargetprediction.ch/result.php?job=510864724&organism=Homo_sapiens
LACTONE_3_GLUCURONIDE,5-(4'-hydroxyphenyl)-γ-valerolactone-3'-glucuronide,131834060,28,Peroxisome proliferator-activated receptor gamma,PPARG,P37231,CHEMBL235,Nuclear receptor,0.036008405051963004,264 / 281,510864724,https://www.swisstargetprediction.ch/result.php?job=510864724&organism=Homo_sapiens
LACTONE_3_GLUCURONIDE,5-(4'-hydroxyphenyl)-γ-valerolactone-3'-glucuronide,131834060,29,Protein kinase C gamma type,PRKCG,P05129,CHEMBL2938,Kinase,0.035305010247170705,88 / 14,510864724,https://www.swisstargetprediction.ch/result.php?job=510864724&organism=Homo_sapiens
LACTONE_3_GLUCURONIDE,5-(4'-hydroxyphenyl)-γ-valerolactone-3'-glucuronide,131834060,30,Synaptojanin-2,SYNJ2,O15056,CHEMBL4523129,Hydrolase,0.034313754121751305,9 / 18,510864724,https://www.swisstargetprediction.ch/result.php?job=510864724&organism=Homo_sapiens
LACTONE_3_GLUCURONIDE,5-(4'-hydroxyphenyl)-γ-valerolactone-3'-glucuronide,131834060,31,Transcription factor Jun,JUN,P05412,CHEMBL4977,Transcription factor,0.033580992922097784,8 / 3,510864724,https://www.swisstargetprediction.ch/result.php?job=510864724&organism=Homo_sapiens
LACTONE_3_GLUCURONIDE,5-(4'-hydroxyphenyl)-γ-valerolactone-3'-glucuronide,131834060,32,Amine oxidase [flavin-containing] B,MAOB,P27338,CHEMBL2039,Oxidoreductase,0.03127689312523657,606 / 58,510864724,https://www.swisstargetprediction.ch/result.php?job=510864724&organism=Homo_sapiens
LACTONE_3_GLUCURONIDE,5-(4'-hydroxyphenyl)-γ-valerolactone-3'-glucuronide,131834060,33,Protein kinase C theta type,PRKCQ,Q04759,CHEMBL3920,Kinase,0.031003723947154557,19 / 11,510864724,https://www.swisstargetprediction.ch/result.php?job=510864724&organism=Homo_sapiens
LACTONE_3_GLUCURONIDE,5-(4'-hydroxyphenyl)-γ-valerolactone-3'-glucuronide,131834060,34,Protein kinase C epsilon type,PRKCE,Q02156,CHEMBL3582,Kinase,0.02996780751981573,109 / 18,510864724,https://www.swisstargetprediction.ch/result.php?job=510864724&organism=Homo_sapiens
LACTONE_3_GLUCURONIDE,5-(4'-hydroxyphenyl)-γ-valerolactone-3'-glucuronide,131834060,35,Protein kinase C eta type,PRKCH,P24723,CHEMBL3616,Kinase,0.02996780751981573,92 / 11,510864724,https://www.swisstargetprediction.ch/result.php?job=510864724&organism=Homo_sapiens
LACTONE_3_GLUCURONIDE,5-(4'-hydroxyphenyl)-γ-valerolactone-3'-glucuronide,131834060,36,Amyloid-beta precursor protein,APP,P05067,CHEMBL2487,Membrane receptor,0.02889717748622458,306 / 13,510864724,https://www.swisstargetprediction.ch/result.php?job=510864724&organism=Homo_sapiens
LACTONE_3_GLUCURONIDE,5-(4'-hydroxyphenyl)-γ-valerolactone-3'-glucuronide,131834060,37,"Troponin, cardiac muscle",N/A,P63316&P19429&P45379,CHEMBL2095202,Unclassified protein,0.027759089584269283,20 / 2,510864724,https://www.swisstargetprediction.ch/result.php?job=510864724&organism=Homo_sapiens
LACTONE_3_GLUCURONIDE,5-(4'-hydroxyphenyl)-γ-valerolactone-3'-glucuronide,131834060,38,Solute carrier family 28 member 3,SLC28A3,Q9HAS3,CHEMBL5707,Electrochemical transporter,0.026908615116647886,1 / 1,510864724,https://www.swisstargetprediction.ch/result.php?job=510864724&organism=Homo_sapiens
LACTONE_3_GLUCURONIDE,5-(4'-hydroxyphenyl)-γ-valerolactone-3'-glucuronide,131834060,39,Eukaryotic initiation factor 4A-I,EIF4A1,P60842,CHEMBL2052028,Hydrolase,0.02651021301822515,1 / 30,510864724,https://www.swisstargetprediction.ch/result.php?job=510864724&organism=Homo_sapiens
LACTONE_3_GLUCURONIDE,5-(4'-hydroxyphenyl)-γ-valerolactone-3'-glucuronide,131834060,40,Catenin beta-1,CTNNB1,P35222,CHEMBL5866,Unclassified protein,0.02627291733638547,12 / 10,510864724,https://www.swisstargetprediction.ch/result.php?job=510864724&organism=Homo_sapiens
LACTONE_3_GLUCURONIDE,5-(4'-hydroxyphenyl)-γ-valerolactone-3'-glucuronide,131834060,41,Aromatase,CYP19A1,P11511,CHEMBL1978,Cytochrome P450,0.024214961215760052,274 / 25,510864724,https://www.swisstargetprediction.ch/result.php?job=510864724&organism=Homo_sapiens
LACTONE_3_GLUCURONIDE,5-(4'-hydroxyphenyl)-γ-valerolactone-3'-glucuronide,131834060,42,Cannabinoid receptor 2,CNR2,P34972,CHEMBL253,Family A G protein-coupled receptor,0.0237768609388684,474 / 268,510864724,https://www.swisstargetprediction.ch/result.php?job=510864724&organism=Homo_sapiens
LACTONE_3_GLUCURONIDE,5-(4'-hydroxyphenyl)-γ-valerolactone-3'-glucuronide,131834060,43,"3',5'-cyclic-AMP phosphodiesterase 4D",PDE4D,Q08499,CHEMBL288,Phosphodiesterase,0.023443651519985644,98 / 52,510864724,https://www.swisstargetprediction.ch/result.php?job=510864724&organism=Homo_sapiens
LACTONE_3_GLUCURONIDE,5-(4'-hydroxyphenyl)-γ-valerolactone-3'-glucuronide,131834060,44,Prostaglandin G/H synthase 2,PTGS2,P35354,CHEMBL230,Oxidoreductase,0.022699549838124437,286 / 40,510864724,https://www.swisstargetprediction.ch/result.php?job=510864724&organism=Homo_sapiens
LACTONE_3_GLUCURONIDE,5-(4'-hydroxyphenyl)-γ-valerolactone-3'-glucuronide,131834060,45,Prostaglandin G/H synthase 1,PTGS1,P23219,CHEMBL221,Oxidoreductase,0.022699549838124437,114 / 14,510864724,https://www.swisstargetprediction.ch/result.php?job=510864724&organism=Homo_sapiens
LACTONE_3_GLUCURONIDE,5-(4'-hydroxyphenyl)-γ-valerolactone-3'-glucuronide,131834060,46,MUS81-ECE1,N/A,P42892&Q96NY9,CHEMBL5465380,Protease,0.021943649371776022,6 / 5,510864724,https://www.swisstargetprediction.ch/result.php?job=510864724&organism=Homo_sapiens
LACTONE_3_GLUCURONIDE,5-(4'-hydroxyphenyl)-γ-valerolactone-3'-glucuronide,131834060,47,"Indoleamine 2,3-dioxygenase 1",IDO1,P14902,CHEMBL4685,Oxidoreductase,0.020435118487843622,256 / 9,510864724,https://www.swisstargetprediction.ch/result.php?job=510864724&organism=Homo_sapiens
LACTONE_3_GLUCURONIDE,5-(4'-hydroxyphenyl)-γ-valerolactone-3'-glucuronide,131834060,48,Carbonic anhydrase 9,CA9,Q16790,CHEMBL3594,Lyase,0.020203361499076214,552 / 60,510864724,https://www.swisstargetprediction.ch/result.php?job=510864724&organism=Homo_sapiens
LACTONE_3_GLUCURONIDE,5-(4'-hydroxyphenyl)-γ-valerolactone-3'-glucuronide,131834060,49,Carbonic anhydrase 1,CA1,P00915,CHEMBL261,Lyase,0.020203361499076214,548 / 72,510864724,https://www.swisstargetprediction.ch/result.php?job=510864724&organism=Homo_sapiens
LACTONE_3_GLUCURONIDE,5-(4'-hydroxyphenyl)-γ-valerolactone-3'-glucuronide,131834060,50,Carbonic anhydrase 12,CA12,O43570,CHEMBL3242,Lyase,0.020203361499076214,456 / 61,510864724,https://www.swisstargetprediction.ch/result.php?job=510864724&organism=Homo_sapiens
LACTONE_3_GLUCURONIDE,5-(4'-hydroxyphenyl)-γ-valerolactone-3'-glucuronide,131834060,51,Serine/threonine-protein kinase PLK1,PLK1,P53350,CHEMBL3024,Kinase,0.02004907800321929,69 / 3,510864724,https://www.swisstargetprediction.ch/result.php?job=510864724&organism=Homo_sapiens
LACTONE_3_GLUCURONIDE,5-(4'-hydroxyphenyl)-γ-valerolactone-3'-glucuronide,131834060,52,Polyunsaturated fatty acid 5-lipoxygenase,ALOX5,P09917,CHEMBL215,Oxidoreductase,0.01904279113171493,489 / 108,510864724,https://www.swisstargetprediction.ch/result.php?job=510864724&organism=Homo_sapiens
LACTONE_3_GLUCURONIDE,5-(4'-hydroxyphenyl)-γ-valerolactone-3'-glucuronide,131834060,53,Macrophage metalloelastase,MMP12,P39900,CHEMBL4393,Protease,0.01885759073021459,55 / 13,510864724,https://www.swisstargetprediction.ch/result.php?job=510864724&organism=Homo_sapiens
LACTONE_3_GLUCURONIDE,5-(4'-hydroxyphenyl)-γ-valerolactone-3'-glucuronide,131834060,54,Alpha-synuclein,SNCA,P37840,CHEMBL6152,Unclassified protein,0.018014721113011976,63 / 10,510864724,https://www.swisstargetprediction.ch/result.php?job=510864724&organism=Homo_sapiens
LACTONE_3_GLUCURONIDE,5-(4'-hydroxyphenyl)-γ-valerolactone-3'-glucuronide,131834060,55,Sodium-dependent noradrenaline transporter,SLC6A2,P23975,CHEMBL222,Electrochemical transporter,0.017808407586046078,61 / 54,510864724,https://www.swisstargetprediction.ch/result.php?job=510864724&organism=Homo_sapiens
LACTONE_3_GLUCURONIDE,5-(4'-hydroxyphenyl)-γ-valerolactone-3'-glucuronide,131834060,56,Cyclin-dependent kinase 2,CDK2,P24941,CHEMBL301,Kinase,0.016970763702377573,286 / 2,510864724,https://www.swisstargetprediction.ch/result.php?job=510864724&organism=Homo_sapiens
LACTONE_3_GLUCURONIDE,5-(4'-hydroxyphenyl)-γ-valerolactone-3'-glucuronide,131834060,57,Cannabinoid receptor 1,CNR1,P21554,CHEMBL218,Family A G protein-coupled receptor,0.01671376715383498,283 / 145,510864724,https://www.swisstargetprediction.ch/result.php?job=510864724&organism=Homo_sapiens
LACTONE_3_GLUCURONIDE,5-(4'-hydroxyphenyl)-γ-valerolactone-3'-glucuronide,131834060,58,Transient receptor potential cation channel subfamily V member 1,TRPV1,Q8NER1,CHEMBL4794,Voltage-gated ion channel,0.016038537828275252,123 / 25,510864724,https://www.swisstargetprediction.ch/result.php?job=510864724&organism=Homo_sapiens
LACTONE_3_GLUCURONIDE,5-(4'-hydroxyphenyl)-γ-valerolactone-3'-glucuronide,131834060,59,Prostaglandin E synthase,PTGES,O14684,CHEMBL5658,Isomerase,0.015938627459638456,107 / 23,510864724,https://www.swisstargetprediction.ch/result.php?job=510864724&organism=Homo_sapiens
LACTONE_3_GLUCURONIDE,5-(4'-hydroxyphenyl)-γ-valerolactone-3'-glucuronide,131834060,60,Beta-secretase 1,BACE1,P56817,CHEMBL4822,Protease,0.015692637066493053,267 / 36,510864724,https://www.swisstargetprediction.ch/result.php?job=510864724&organism=Homo_sapiens
LACTONE_3_GLUCURONIDE,5-(4'-hydroxyphenyl)-γ-valerolactone-3'-glucuronide,131834060,61,Hypoxia-inducible factor 1-alpha,HIF1A,Q16665,CHEMBL4261,Transcription factor,0.015372039767611893,105 / 11,510864724,https://www.swisstargetprediction.ch/result.php?job=510864724&organism=Homo_sapiens
LACTONE_3_GLUCURONIDE,5-(4'-hydroxyphenyl)-γ-valerolactone-3'-glucuronide,131834060,62,Carbonic anhydrase 2,CA2,P00918,CHEMBL205,Lyase,0.015338789174561171,633 / 78,510864724,https://www.swisstargetprediction.ch/result.php?job=510864724&organism=Homo_sapiens
LACTONE_3_GLUCURONIDE,5-(4'-hydroxyphenyl)-γ-valerolactone-3'-glucuronide,131834060,63,D(4) dopamine receptor,DRD4,P21917,CHEMBL219,Family A G protein-coupled receptor,0.015103267179338199,204 / 6,510864724,https://www.swisstargetprediction.ch/result.php?job=510864724&organism=Homo_sapiens
LACTONE_3_GLUCURONIDE,5-(4'-hydroxyphenyl)-γ-valerolactone-3'-glucuronide,131834060,64,Aldo-keto reductase family 1 member B1,AKR1B1,P15121,CHEMBL1900,Oxidoreductase,0.014986618257794373,156 / 60,510864724,https://www.swisstargetprediction.ch/result.php?job=510864724&organism=Homo_sapiens
LACTONE_3_GLUCURONIDE,5-(4'-hydroxyphenyl)-γ-valerolactone-3'-glucuronide,131834060,65,72 kDa type IV collagenase,MMP2,P08253,CHEMBL333,Protease,0.014312320230032559,273 / 31,510864724,https://www.swisstargetprediction.ch/result.php?job=510864724&organism=Homo_sapiens
LACTONE_3_GLUCURONIDE,5-(4'-hydroxyphenyl)-γ-valerolactone-3'-glucuronide,131834060,66,Carbonic anhydrase 13,CA13,Q8N1Q1,CHEMBL3912,Lyase,0.014164030815832049,21 / 9,510864724,https://www.swisstargetprediction.ch/result.php?job=510864724&organism=Homo_sapiens
LACTONE_3_GLUCURONIDE,5-(4'-hydroxyphenyl)-γ-valerolactone-3'-glucuronide,131834060,67,Carbonic anhydrase 7,CA7,P43166,CHEMBL2326,Lyase,0.014164030815832049,105 / 35,510864724,https://www.swisstargetprediction.ch/result.php?job=510864724&organism=Homo_sapiens
LACTONE_3_GLUCURONIDE,5-(4'-hydroxyphenyl)-γ-valerolactone-3'-glucuronide,131834060,68,Aldo-keto reductase family 1 member C3,AKR1C3,P42330,CHEMBL4681,Oxidoreductase,0.01391715492220833,103 / 35,510864724,https://www.swisstargetprediction.ch/result.php?job=510864724&organism=Homo_sapiens
LACTONE_3_GLUCURONIDE,5-(4'-hydroxyphenyl)-γ-valerolactone-3'-glucuronide,131834060,69,Cyclin-dependent kinase 1,CDK1,P06493,CHEMBL308,Kinase,0.013717081772363776,196 / 1,510864724,https://www.swisstargetprediction.ch/result.php?job=510864724&organism=Homo_sapiens
LACTONE_3_GLUCURONIDE,5-(4'-hydroxyphenyl)-γ-valerolactone-3'-glucuronide,131834060,70,Sodium-dependent dopamine transporter,SLC6A3,Q01959,CHEMBL238,Electrochemical transporter,0.01246458836734898,49 / 64,510864724,https://www.swisstargetprediction.ch/result.php?job=510864724&organism=Homo_sapiens
LACTONE_3_GLUCURONIDE,5-(4'-hydroxyphenyl)-γ-valerolactone-3'-glucuronide,131834060,71,Free fatty acid receptor 1,FFAR1,O14842,CHEMBL4422,Family A G protein-coupled receptor,0.01198387101994404,17 / 219,510864724,https://www.swisstargetprediction.ch/result.php?job=510864724&organism=Homo_sapiens
LACTONE_3_GLUCURONIDE,5-(4'-hydroxyphenyl)-γ-valerolactone-3'-glucuronide,131834060,72,Cyclin-dependent kinase 1/cyclin B1,N/A,P06493&P14635,CHEMBL1907602,Kinase,0.011875259636291758,89 / 4,510864724,https://www.swisstargetprediction.ch/result.php?job=510864724&organism=Homo_sapiens
LACTONE_3_GLUCURONIDE,5-(4'-hydroxyphenyl)-γ-valerolactone-3'-glucuronide,131834060,73,Endothelin-1 receptor,EDNRA,P25101,CHEMBL252,Family A G protein-coupled receptor,0.01186902698263177,20 / 141,510864724,https://www.swisstargetprediction.ch/result.php?job=510864724&organism=Homo_sapiens
LACTONE_3_GLUCURONIDE,5-(4'-hydroxyphenyl)-γ-valerolactone-3'-glucuronide,131834060,74,Sodium-dependent serotonin transporter,SLC6A4,P31645,CHEMBL228,Electrochemical transporter,0.011790515965093172,100 / 122,510864724,https://www.swisstargetprediction.ch/result.php?job=510864724&organism=Homo_sapiens
LACTONE_3_GLUCURONIDE,5-(4'-hydroxyphenyl)-γ-valerolactone-3'-glucuronide,131834060,75,Estrogen receptor beta,ESR2,Q92731,CHEMBL242,Nuclear receptor,0.011742987363055814,1374 / 40,510864724,https://www.swisstargetprediction.ch/result.php?job=510864724&organism=Homo_sapiens
LACTONE_3_GLUCURONIDE,5-(4'-hydroxyphenyl)-γ-valerolactone-3'-glucuronide,131834060,76,DNA topoisomerase 2-beta,TOP2B,Q02880,CHEMBL3396,Isomerase,0.011517361442356171,3 / 2,510864724,https://www.swisstargetprediction.ch/result.php?job=510864724&organism=Homo_sapiens
LACTONE_3_GLUCURONIDE,5-(4'-hydroxyphenyl)-γ-valerolactone-3'-glucuronide,131834060,77,DNA topoisomerase 2-alpha,TOP2A,P11388,CHEMBL1806,Isomerase,0.011517361442356171,44 / 11,510864724,https://www.swisstargetprediction.ch/result.php?job=510864724&organism=Homo_sapiens
LACTONE_3_GLUCURONIDE,5-(4'-hydroxyphenyl)-γ-valerolactone-3'-glucuronide,131834060,78,Transient receptor potential cation channel subfamily M member 8,TRPM8,Q7Z2W7,CHEMBL1075319,Voltage-gated ion channel,0.011118431893281128,71 / 16,510864724,https://www.swisstargetprediction.ch/result.php?job=510864724&organism=Homo_sapiens
LACTONE_3_GLUCURONIDE,5-(4'-hydroxyphenyl)-γ-valerolactone-3'-glucuronide,131834060,79,"Fatty acid-binding protein, heart",FABP3,P05413,CHEMBL3344,Fatty acid binding protein family,0.010751660569067855,4 / 24,510864724,https://www.swisstargetprediction.ch/result.php?job=510864724&organism=Homo_sapiens
LACTONE_3_GLUCURONIDE,5-(4'-hydroxyphenyl)-γ-valerolactone-3'-glucuronide,131834060,80,"Fatty acid-binding protein, brain",FABP7,O15540,CHEMBL3826863,Fatty acid binding protein family,0.010751660569067855,5 / 40,510864724,https://www.swisstargetprediction.ch/result.php?job=510864724&organism=Homo_sapiens
LACTONE_3_GLUCURONIDE,5-(4'-hydroxyphenyl)-γ-valerolactone-3'-glucuronide,131834060,81,Cyclin-dependent kinase 2/cyclin E,N/A,P24864&P24941&O96020,CHEMBL2094126,Kinase,0.010640923898497984,44 / 1,510864724,https://www.swisstargetprediction.ch/result.php?job=510864724&organism=Homo_sapiens
LACTONE_3_GLUCURONIDE,5-(4'-hydroxyphenyl)-γ-valerolactone-3'-glucuronide,131834060,82,Tyrosine-protein phosphatase non-receptor type 11,PTPN11,Q06124,CHEMBL3864,Phosphatase,0.010468826543830575,139 / 5,510864724,https://www.swisstargetprediction.ch/result.php?job=510864724&organism=Homo_sapiens
LACTONE_3_GLUCURONIDE,5-(4'-hydroxyphenyl)-γ-valerolactone-3'-glucuronide,131834060,83,Peroxisome proliferator-activated receptor alpha,PPARA,Q07869,CHEMBL239,Nuclear receptor,0.010436143146414025,104 / 271,510864724,https://www.swisstargetprediction.ch/result.php?job=510864724&organism=Homo_sapiens
LACTONE_3_GLUCURONIDE,5-(4'-hydroxyphenyl)-γ-valerolactone-3'-glucuronide,131834060,84,B-cell receptor CD22,CD22,P20273,CHEMBL3218,Surface antigen,0.010199813042025531,5 / 18,510864724,https://www.swisstargetprediction.ch/result.php?job=510864724&organism=Homo_sapiens
LACTONE_3_GLUCURONIDE,5-(4'-hydroxyphenyl)-γ-valerolactone-3'-glucuronide,131834060,85,Neprilysin,MME,P08473,CHEMBL1944,Protease,0.010070152255376571,103 / 8,510864724,https://www.swisstargetprediction.ch/result.php?job=510864724&organism=Homo_sapiens
LACTONE_3_GLUCURONIDE,5-(4'-hydroxyphenyl)-γ-valerolactone-3'-glucuronide,131834060,86,Ileal sodium/bile acid cotransporter,SLC10A2,Q12908,CHEMBL2778,Electrochemical transporter,0.009633577774140024,34 / 1,510864724,https://www.swisstargetprediction.ch/result.php?job=510864724&organism=Homo_sapiens
LACTONE_3_GLUCURONIDE,5-(4'-hydroxyphenyl)-γ-valerolactone-3'-glucuronide,131834060,87,Stimulator of interferon genes protein,STING1,Q86WV6,CHEMBL4523377,Unclassified protein,0.009304250199793262,251 / 4,510864724,https://www.swisstargetprediction.ch/result.php?job=510864724&organism=Homo_sapiens
LACTONE_3_GLUCURONIDE,5-(4'-hydroxyphenyl)-γ-valerolactone-3'-glucuronide,131834060,88,Tissue factor,F3,P13726,CHEMBL4081,Surface antigen,0.00922442884855118,59 / 5,510864724,https://www.swisstargetprediction.ch/result.php?job=510864724&organism=Homo_sapiens
LACTONE_3_GLUCURONIDE,5-(4'-hydroxyphenyl)-γ-valerolactone-3'-glucuronide,131834060,89,Induced myeloid leukemia cell differentiation protein Mcl-1,MCL1,Q07820,CHEMBL4361,Other cytosolic protein,0.008596797996011728,242 / 3,510864724,https://www.swisstargetprediction.ch/result.php?job=510864724&organism=Homo_sapiens
LACTONE_3_GLUCURONIDE,5-(4'-hydroxyphenyl)-γ-valerolactone-3'-glucuronide,131834060,90,Dual specificity mitogen-activated protein kinase kinase 1,MAP2K1,Q02750,CHEMBL3587,Kinase,0.008471674590491715,63 / 1,510864724,https://www.swisstargetprediction.ch/result.php?job=510864724&organism=Homo_sapiens
LACTONE_3_GLUCURONIDE,5-(4'-hydroxyphenyl)-γ-valerolactone-3'-glucuronide,131834060,91,Transient receptor potential cation channel subfamily V member 3,TRPV3,Q8NET8,CHEMBL5522,Voltage-gated ion channel,0.00824657263490325,4 / 1,510864724,https://www.swisstargetprediction.ch/result.php?job=510864724&organism=Homo_sapiens
LACTONE_3_GLUCURONIDE,5-(4'-hydroxyphenyl)-γ-valerolactone-3'-glucuronide,131834060,92,Sterol O-acyltransferase 1,SOAT1,P35610,CHEMBL2782,Transferase,0.008049850585894514,10 / 2,510864724,https://www.swisstargetprediction.ch/result.php?job=510864724&organism=Homo_sapiens
LACTONE_3_GLUCURONIDE,5-(4'-hydroxyphenyl)-γ-valerolactone-3'-glucuronide,131834060,93,Sterol O-acyltransferase 2,SOAT2,O75908,CHEMBL4465,Transferase,0.008049850585894514,5 / 2,510864724,https://www.swisstargetprediction.ch/result.php?job=510864724&organism=Homo_sapiens
LACTONE_3_GLUCURONIDE,5-(4'-hydroxyphenyl)-γ-valerolactone-3'-glucuronide,131834060,94,Delta-type opioid receptor,OPRD1,P41143,CHEMBL236,Family A G protein-coupled receptor,0.007936313920288526,1698 / 579,510864724,https://www.swisstargetprediction.ch/result.php?job=510864724&organism=Homo_sapiens
LACTONE_3_GLUCURONIDE,5-(4'-hydroxyphenyl)-γ-valerolactone-3'-glucuronide,131834060,95,Peroxisome proliferator-activated receptor delta,PPARD,Q03181,CHEMBL3979,Nuclear receptor,0.00772319466106481,60 / 97,510864724,https://www.swisstargetprediction.ch/result.php?job=510864724&organism=Homo_sapiens
LACTONE_3_GLUCURONIDE,5-(4'-hydroxyphenyl)-γ-valerolactone-3'-glucuronide,131834060,96,Sex hormone-binding globulin,SHBG,P04278,CHEMBL3305,Secreted protein,0.007486608054942102,16 / 5,510864724,https://www.swisstargetprediction.ch/result.php?job=510864724&organism=Homo_sapiens
LACTONE_3_GLUCURONIDE,5-(4'-hydroxyphenyl)-γ-valerolactone-3'-glucuronide,131834060,97,"3',5'-cyclic-AMP phosphodiesterase 4B",PDE4B,Q07343,CHEMBL275,Phosphodiesterase,0.007318875517930576,82 / 83,510864724,https://www.swisstargetprediction.ch/result.php?job=510864724&organism=Homo_sapiens
LACTONE_3_GLUCURONIDE,5-(4'-hydroxyphenyl)-γ-valerolactone-3'-glucuronide,131834060,98,Hepatocyte growth factor receptor,MET,P08581,CHEMBL3717,Kinase,0.007199008260889917,355 / 25,510864724,https://www.swisstargetprediction.ch/result.php?job=510864724&organism=Homo_sapiens
LACTONE_3_GLUCURONIDE,5-(4'-hydroxyphenyl)-γ-valerolactone-3'-glucuronide,131834060,99,Methylcytosine dioxygenase TET1,TET1,Q8NFU7,CHEMBL4523402,Oxidoreductase,0.007162207003860595,4 / 1,510864724,https://www.swisstargetprediction.ch/result.php?job=510864724&organism=Homo_sapiens
LACTONE_3_GLUCURONIDE,5-(4'-hydroxyphenyl)-γ-valerolactone-3'-glucuronide,131834060,100,Methylcytosine dioxygenase TET2,TET2,Q6N021,CHEMBL4523344,Oxidoreductase,0.007162207003860595,4 / 1,510864724,https://www.swisstargetprediction.ch/result.php?job=510864724&organism=Homo_sapiens
LACTONE_4_GLUCURONIDE,5-(3'-hydroxyphenyl)-γ-valerolactone-4'-glucuronide,131834059,1,Estrogen receptor,ESR1,P03372,CHEMBL206,Nuclear receptor,0.7391542823360345,2109 / 69,614480338,https://www.swisstargetprediction.ch/result.php?job=614480338&organism=Homo_sapiens
LACTONE_4_GLUCURONIDE,5-(3'-hydroxyphenyl)-γ-valerolactone-4'-glucuronide,131834059,2,Adenosine receptor A1,ADORA1,P30542,CHEMBL226,Family A G protein-coupled receptor,0.2598041131242491,156 / 1,614480338,https://www.swisstargetprediction.ch/result.php?job=614480338&organism=Homo_sapiens
LACTONE_4_GLUCURONIDE,5-(3'-hydroxyphenyl)-γ-valerolactone-4'-glucuronide,131834059,3,D(1A) dopamine receptor,DRD1,P21728,CHEMBL2056,Family A G protein-coupled receptor,0.22937848331551167,418 / 6,614480338,https://www.swisstargetprediction.ch/result.php?job=614480338&organism=Homo_sapiens
LACTONE_4_GLUCURONIDE,5-(3'-hydroxyphenyl)-γ-valerolactone-4'-glucuronide,131834059,4,D(2) dopamine receptor,DRD2,P14416,CHEMBL217,Family A G protein-coupled receptor,0.22937848331551167,695 / 61,614480338,https://www.swisstargetprediction.ch/result.php?job=614480338&organism=Homo_sapiens
LACTONE_4_GLUCURONIDE,5-(3'-hydroxyphenyl)-γ-valerolactone-4'-glucuronide,131834059,5,Solute carrier organic anion transporter family member 2B1,SLCO2B1,O94956,CHEMBL1743124,Electrochemical transporter,0.20898754145852216,5 / 1,614480338,https://www.swisstargetprediction.ch/result.php?job=614480338&organism=Homo_sapiens
LACTONE_4_GLUCURONIDE,5-(3'-hydroxyphenyl)-γ-valerolactone-4'-glucuronide,131834059,6,3-oxo-5-alpha-steroid 4-dehydrogenase 1,SRD5A1,P18405,CHEMBL1787,Oxidoreductase,0.1882500355345932,4 / 1,614480338,https://www.swisstargetprediction.ch/result.php?job=614480338&organism=Homo_sapiens
LACTONE_4_GLUCURONIDE,5-(3'-hydroxyphenyl)-γ-valerolactone-4'-glucuronide,131834059,7,Acetylcholinesterase,ACHE,P22303,CHEMBL220,Hydrolase,0.1702607032656549,393 / 102,614480338,https://www.swisstargetprediction.ch/result.php?job=614480338&organism=Homo_sapiens
LACTONE_4_GLUCURONIDE,5-(3'-hydroxyphenyl)-γ-valerolactone-4'-glucuronide,131834059,8,Histone deacetylase 1,HDAC1,Q13547,CHEMBL325,Eraser,0.1491446160415194,304 / 30,614480338,https://www.swisstargetprediction.ch/result.php?job=614480338&organism=Homo_sapiens
LACTONE_4_GLUCURONIDE,5-(3'-hydroxyphenyl)-γ-valerolactone-4'-glucuronide,131834059,9,Tyrosinase,TYR,P14679,CHEMBL1973,Oxidoreductase,0.1484204639943701,120 / 16,614480338,https://www.swisstargetprediction.ch/result.php?job=614480338&organism=Homo_sapiens
LACTONE_4_GLUCURONIDE,5-(3'-hydroxyphenyl)-γ-valerolactone-4'-glucuronide,131834059,10,Sodium/glucose cotransporter 2,SLC5A2,P31639,CHEMBL3884,Electrochemical transporter,0.14305176514032428,90 / 631,614480338,https://www.swisstargetprediction.ch/result.php?job=614480338&organism=Homo_sapiens
LACTONE_4_GLUCURONIDE,5-(3'-hydroxyphenyl)-γ-valerolactone-4'-glucuronide,131834059,11,Tyrosine-protein phosphatase non-receptor type 1,PTPN1,P18031,CHEMBL335,Phosphatase,0.10784200511037267,654 / 97,614480338,https://www.swisstargetprediction.ch/result.php?job=614480338&organism=Homo_sapiens
LACTONE_4_GLUCURONIDE,5-(3'-hydroxyphenyl)-γ-valerolactone-4'-glucuronide,131834059,12,Sodium/glucose cotransporter 1,SLC5A1,P13866,CHEMBL4979,Electrochemical transporter,0.1056743913974196,65 / 355,614480338,https://www.swisstargetprediction.ch/result.php?job=614480338&organism=Homo_sapiens
LACTONE_4_GLUCURONIDE,5-(3'-hydroxyphenyl)-γ-valerolactone-4'-glucuronide,131834059,13,Bifunctional epoxide hydrolase 2,EPHX2,P34913,CHEMBL2409,Protease,0.09544158599461916,41 / 17,614480338,https://www.swisstargetprediction.ch/result.php?job=614480338&organism=Homo_sapiens
LACTONE_4_GLUCURONIDE,5-(3'-hydroxyphenyl)-γ-valerolactone-4'-glucuronide,131834059,14,Telomerase reverse transcriptase,TERT,O14746,CHEMBL2916,Transferase,0.08845861226140184,55 / 7,614480338,https://www.swisstargetprediction.ch/result.php?job=614480338&organism=Homo_sapiens
LACTONE_4_GLUCURONIDE,5-(3'-hydroxyphenyl)-γ-valerolactone-4'-glucuronide,131834059,15,Heparanase,HPSE,Q9Y251,CHEMBL3921,Hydrolase,0.07980138755954383,10 / 3,614480338,https://www.swisstargetprediction.ch/result.php?job=614480338&organism=Homo_sapiens
LACTONE_4_GLUCURONIDE,5-(3'-hydroxyphenyl)-γ-valerolactone-4'-glucuronide,131834059,16,Protein kinase C delta type,PRKCD,Q05655,CHEMBL2996,Kinase,0.07035734935354221,122 / 48,614480338,https://www.swisstargetprediction.ch/result.php?job=614480338&organism=Homo_sapiens
LACTONE_4_GLUCURONIDE,5-(3'-hydroxyphenyl)-γ-valerolactone-4'-glucuronide,131834059,17,Pyruvate kinase PKM,PKM,P14618,CHEMBL1075189,Enzyme,0.057935533657096666,21 / 7,614480338,https://www.swisstargetprediction.ch/result.php?job=614480338&organism=Homo_sapiens
LACTONE_4_GLUCURONIDE,5-(3'-hydroxyphenyl)-γ-valerolactone-4'-glucuronide,131834059,18,Squalene synthase,FDFT1,P37268,CHEMBL3338,Transferase,0.05595099426788591,42 / 31,614480338,https://www.swisstargetprediction.ch/result.php?job=614480338&organism=Homo_sapiens
LACTONE_4_GLUCURONIDE,5-(3'-hydroxyphenyl)-γ-valerolactone-4'-glucuronide,131834059,19,Dual specificity tyrosine-phosphorylation-regulated kinase 1A,DYRK1A,Q13627,CHEMBL2292,Kinase,0.05420517108371643,176 / 27,614480338,https://www.swisstargetprediction.ch/result.php?job=614480338&organism=Homo_sapiens
LACTONE_4_GLUCURONIDE,5-(3'-hydroxyphenyl)-γ-valerolactone-4'-glucuronide,131834059,20,Lysine-specific histone demethylase 1A,KDM1A,O60341,CHEMBL6136,Eraser,0.05250573084686289,215 / 10,614480338,https://www.swisstargetprediction.ch/result.php?job=614480338&organism=Homo_sapiens
LACTONE_4_GLUCURONIDE,5-(3'-hydroxyphenyl)-γ-valerolactone-4'-glucuronide,131834059,21,Tyrosyl-DNA phosphodiesterase 1,TDP1,Q9NUW8,CHEMBL1075138,Phosphodiesterase,0.049759264819023416,79 / 2,614480338,https://www.swisstargetprediction.ch/result.php?job=614480338&organism=Homo_sapiens
LACTONE_4_GLUCURONIDE,5-(3'-hydroxyphenyl)-γ-valerolactone-4'-glucuronide,131834059,22,"Histone-lysine N-methyltransferase, H3 lysine-79 specific",DOT1L,Q8TEK3,CHEMBL1795117,Writer,0.04781057926827641,2 / 1,614480338,https://www.swisstargetprediction.ch/result.php?job=614480338&organism=Homo_sapiens
LACTONE_4_GLUCURONIDE,5-(3'-hydroxyphenyl)-γ-valerolactone-4'-glucuronide,131834059,23,Protein kinase C alpha type,PRKCA,P17252,CHEMBL299,Kinase,0.04541905171393589,144 / 57,614480338,https://www.swisstargetprediction.ch/result.php?job=614480338&organism=Homo_sapiens
LACTONE_4_GLUCURONIDE,5-(3'-hydroxyphenyl)-γ-valerolactone-4'-glucuronide,131834059,24,Mu-type opioid receptor,OPRM1,P35372,CHEMBL233,Family A G protein-coupled receptor,0.044934226154823564,1576 / 607,614480338,https://www.swisstargetprediction.ch/result.php?job=614480338&organism=Homo_sapiens
LACTONE_4_GLUCURONIDE,5-(3'-hydroxyphenyl)-γ-valerolactone-4'-glucuronide,131834059,25,Amine oxidase [flavin-containing] B,MAOB,P27338,CHEMBL2039,Oxidoreductase,0.03968756197308631,602 / 62,614480338,https://www.swisstargetprediction.ch/result.php?job=614480338&organism=Homo_sapiens
LACTONE_4_GLUCURONIDE,5-(3'-hydroxyphenyl)-γ-valerolactone-4'-glucuronide,131834059,26,"Troponin, cardiac muscle",N/A,P63316&P19429&P45379,CHEMBL2095202,Unclassified protein,0.039440472129757646,20 / 2,614480338,https://www.swisstargetprediction.ch/result.php?job=614480338&organism=Homo_sapiens
LACTONE_4_GLUCURONIDE,5-(3'-hydroxyphenyl)-γ-valerolactone-4'-glucuronide,131834059,27,Protein kinase C beta type,PRKCB,P05771,CHEMBL3045,Kinase,0.038397779206583944,146 / 17,614480338,https://www.swisstargetprediction.ch/result.php?job=614480338&organism=Homo_sapiens
LACTONE_4_GLUCURONIDE,5-(3'-hydroxyphenyl)-γ-valerolactone-4'-glucuronide,131834059,28,Protein kinase C gamma type,PRKCG,P05129,CHEMBL2938,Kinase,0.038397779206583944,88 / 14,614480338,https://www.swisstargetprediction.ch/result.php?job=614480338&organism=Homo_sapiens
LACTONE_4_GLUCURONIDE,5-(3'-hydroxyphenyl)-γ-valerolactone-4'-glucuronide,131834059,29,Synaptojanin-2,SYNJ2,O15056,CHEMBL4523129,Hydrolase,0.038151677723670764,9 / 18,614480338,https://www.swisstargetprediction.ch/result.php?job=614480338&organism=Homo_sapiens
LACTONE_4_GLUCURONIDE,5-(3'-hydroxyphenyl)-γ-valerolactone-4'-glucuronide,131834059,30,Tyrosine-protein phosphatase non-receptor type 2,PTPN2,P17706,CHEMBL3807,Phosphatase,0.03420151583917228,118 / 4,614480338,https://www.swisstargetprediction.ch/result.php?job=614480338&organism=Homo_sapiens
LACTONE_4_GLUCURONIDE,5-(3'-hydroxyphenyl)-γ-valerolactone-4'-glucuronide,131834059,31,Protein kinase C theta type,PRKCQ,Q04759,CHEMBL3920,Kinase,0.032793627400787846,19 / 13,614480338,https://www.swisstargetprediction.ch/result.php?job=614480338&organism=Homo_sapiens
LACTONE_4_GLUCURONIDE,5-(3'-hydroxyphenyl)-γ-valerolactone-4'-glucuronide,131834059,32,Transcription factor Jun,JUN,P05412,CHEMBL4977,Transcription factor,0.03241324814429677,8 / 4,614480338,https://www.swisstargetprediction.ch/result.php?job=614480338&organism=Homo_sapiens
LACTONE_4_GLUCURONIDE,5-(3'-hydroxyphenyl)-γ-valerolactone-4'-glucuronide,131834059,33,Eukaryotic initiation factor 4A-I,EIF4A1,P60842,CHEMBL2052028,Hydrolase,0.03233852824958078,1 / 30,614480338,https://www.swisstargetprediction.ch/result.php?job=614480338&organism=Homo_sapiens
LACTONE_4_GLUCURONIDE,5-(3'-hydroxyphenyl)-γ-valerolactone-4'-glucuronide,131834059,34,Protein kinase C epsilon type,PRKCE,Q02156,CHEMBL3582,Kinase,0.030815420536310787,109 / 19,614480338,https://www.swisstargetprediction.ch/result.php?job=614480338&organism=Homo_sapiens
LACTONE_4_GLUCURONIDE,5-(3'-hydroxyphenyl)-γ-valerolactone-4'-glucuronide,131834059,35,Protein kinase C eta type,PRKCH,P24723,CHEMBL3616,Kinase,0.030815420536310787,92 / 11,614480338,https://www.swisstargetprediction.ch/result.php?job=614480338&organism=Homo_sapiens
LACTONE_4_GLUCURONIDE,5-(3'-hydroxyphenyl)-γ-valerolactone-4'-glucuronide,131834059,36,Peroxisome proliferator-activated receptor gamma,PPARG,P37231,CHEMBL235,Nuclear receptor,0.03024578914562669,264 / 294,614480338,https://www.swisstargetprediction.ch/result.php?job=614480338&organism=Homo_sapiens
LACTONE_4_GLUCURONIDE,5-(3'-hydroxyphenyl)-γ-valerolactone-4'-glucuronide,131834059,37,Solute carrier family 28 member 3,SLC28A3,Q9HAS3,CHEMBL5707,Electrochemical transporter,0.029725605934106666,1 / 1,614480338,https://www.swisstargetprediction.ch/result.php?job=614480338&organism=Homo_sapiens
LACTONE_4_GLUCURONIDE,5-(3'-hydroxyphenyl)-γ-valerolactone-4'-glucuronide,131834059,38,Aromatase,CYP19A1,P11511,CHEMBL1978,Cytochrome P450,0.029241719901997573,264 / 26,614480338,https://www.swisstargetprediction.ch/result.php?job=614480338&organism=Homo_sapiens
LACTONE_4_GLUCURONIDE,5-(3'-hydroxyphenyl)-γ-valerolactone-4'-glucuronide,131834059,39,Kappa-type opioid receptor,OPRK1,P41145,CHEMBL237,Family A G protein-coupled receptor,0.028315393129832993,1467 / 724,614480338,https://www.swisstargetprediction.ch/result.php?job=614480338&organism=Homo_sapiens
LACTONE_4_GLUCURONIDE,5-(3'-hydroxyphenyl)-γ-valerolactone-4'-glucuronide,131834059,40,MUS81-ECE1,N/A,P42892&Q96NY9,CHEMBL5465380,Protease,0.027350682757456262,6 / 5,614480338,https://www.swisstargetprediction.ch/result.php?job=614480338&organism=Homo_sapiens
LACTONE_4_GLUCURONIDE,5-(3'-hydroxyphenyl)-γ-valerolactone-4'-glucuronide,131834059,41,Amyloid-beta precursor protein,APP,P05067,CHEMBL2487,Membrane receptor,0.024980658488834476,307 / 15,614480338,https://www.swisstargetprediction.ch/result.php?job=614480338&organism=Homo_sapiens
LACTONE_4_GLUCURONIDE,5-(3'-hydroxyphenyl)-γ-valerolactone-4'-glucuronide,131834059,42,Alpha-synuclein,SNCA,P37840,CHEMBL6152,Unclassified protein,0.02178725750856576,62 / 10,614480338,https://www.swisstargetprediction.ch/result.php?job=614480338&organism=Homo_sapiens
LACTONE_4_GLUCURONIDE,5-(3'-hydroxyphenyl)-γ-valerolactone-4'-glucuronide,131834059,43,Carbonic anhydrase 9,CA9,Q16790,CHEMBL3594,Lyase,0.020962646007812072,550 / 60,614480338,https://www.swisstargetprediction.ch/result.php?job=614480338&organism=Homo_sapiens
LACTONE_4_GLUCURONIDE,5-(3'-hydroxyphenyl)-γ-valerolactone-4'-glucuronide,131834059,44,Carbonic anhydrase 1,CA1,P00915,CHEMBL261,Lyase,0.020962646007812072,546 / 73,614480338,https://www.swisstargetprediction.ch/result.php?job=614480338&organism=Homo_sapiens
LACTONE_4_GLUCURONIDE,5-(3'-hydroxyphenyl)-γ-valerolactone-4'-glucuronide,131834059,45,Carbonic anhydrase 12,CA12,O43570,CHEMBL3242,Lyase,0.020962646007812072,454 / 61,614480338,https://www.swisstargetprediction.ch/result.php?job=614480338&organism=Homo_sapiens
LACTONE_4_GLUCURONIDE,5-(3'-hydroxyphenyl)-γ-valerolactone-4'-glucuronide,131834059,46,Prostaglandin G/H synthase 1,PTGS1,P23219,CHEMBL221,Oxidoreductase,0.02085531739704188,109 / 16,614480338,https://www.swisstargetprediction.ch/result.php?job=614480338&organism=Homo_sapiens
LACTONE_4_GLUCURONIDE,5-(3'-hydroxyphenyl)-γ-valerolactone-4'-glucuronide,131834059,47,Catenin beta-1,CTNNB1,P35222,CHEMBL5866,Unclassified protein,0.02014891797674385,10 / 10,614480338,https://www.swisstargetprediction.ch/result.php?job=614480338&organism=Homo_sapiens
LACTONE_4_GLUCURONIDE,5-(3'-hydroxyphenyl)-γ-valerolactone-4'-glucuronide,131834059,48,Transient receptor potential cation channel subfamily V member 1,TRPV1,Q8NER1,CHEMBL4794,Voltage-gated ion channel,0.019713022417828588,125 / 31,614480338,https://www.swisstargetprediction.ch/result.php?job=614480338&organism=Homo_sapiens
LACTONE_4_GLUCURONIDE,5-(3'-hydroxyphenyl)-γ-valerolactone-4'-glucuronide,131834059,49,Macrophage metalloelastase,MMP12,P39900,CHEMBL4393,Protease,0.019702768467348072,54 / 13,614480338,https://www.swisstargetprediction.ch/result.php?job=614480338&organism=Homo_sapiens
LACTONE_4_GLUCURONIDE,5-(3'-hydroxyphenyl)-γ-valerolactone-4'-glucuronide,131834059,50,Sodium-dependent noradrenaline transporter,SLC6A2,P23975,CHEMBL222,Electrochemical transporter,0.01923127831864408,60 / 56,614480338,https://www.swisstargetprediction.ch/result.php?job=614480338&organism=Homo_sapiens
LACTONE_4_GLUCURONIDE,5-(3'-hydroxyphenyl)-γ-valerolactone-4'-glucuronide,131834059,51,"3',5'-cyclic-AMP phosphodiesterase 4D",PDE4D,Q08499,CHEMBL288,Phosphodiesterase,0.01881042964367257,98 / 52,614480338,https://www.swisstargetprediction.ch/result.php?job=614480338&organism=Homo_sapiens
LACTONE_4_GLUCURONIDE,5-(3'-hydroxyphenyl)-γ-valerolactone-4'-glucuronide,131834059,52,Cyclin-dependent kinase 2,CDK2,P24941,CHEMBL301,Kinase,0.01841328221061938,286 / 2,614480338,https://www.swisstargetprediction.ch/result.php?job=614480338&organism=Homo_sapiens
LACTONE_4_GLUCURONIDE,5-(3'-hydroxyphenyl)-γ-valerolactone-4'-glucuronide,131834059,53,Carbonic anhydrase 2,CA2,P00918,CHEMBL205,Lyase,0.017958639479386054,630 / 78,614480338,https://www.swisstargetprediction.ch/result.php?job=614480338&organism=Homo_sapiens
LACTONE_4_GLUCURONIDE,5-(3'-hydroxyphenyl)-γ-valerolactone-4'-glucuronide,131834059,54,D(4) dopamine receptor,DRD4,P21917,CHEMBL219,Family A G protein-coupled receptor,0.01775524760621521,205 / 7,614480338,https://www.swisstargetprediction.ch/result.php?job=614480338&organism=Homo_sapiens
LACTONE_4_GLUCURONIDE,5-(3'-hydroxyphenyl)-γ-valerolactone-4'-glucuronide,131834059,55,Serine/threonine-protein kinase PLK1,PLK1,P53350,CHEMBL3024,Kinase,0.017703180903139767,69 / 3,614480338,https://www.swisstargetprediction.ch/result.php?job=614480338&organism=Homo_sapiens
LACTONE_4_GLUCURONIDE,5-(3'-hydroxyphenyl)-γ-valerolactone-4'-glucuronide,131834059,56,Aldo-keto reductase family 1 member B1,AKR1B1,P15121,CHEMBL1900,Oxidoreductase,0.017227217124521556,156 / 61,614480338,https://www.swisstargetprediction.ch/result.php?job=614480338&organism=Homo_sapiens
LACTONE_4_GLUCURONIDE,5-(3'-hydroxyphenyl)-γ-valerolactone-4'-glucuronide,131834059,57,Prostaglandin G/H synthase 2,PTGS2,P35354,CHEMBL230,Oxidoreductase,0.01706386958743366,283 / 40,614480338,https://www.swisstargetprediction.ch/result.php?job=614480338&organism=Homo_sapiens
LACTONE_4_GLUCURONIDE,5-(3'-hydroxyphenyl)-γ-valerolactone-4'-glucuronide,131834059,58,"Indoleamine 2,3-dioxygenase 1",IDO1,P14902,CHEMBL4685,Oxidoreductase,0.01637600425323876,249 / 9,614480338,https://www.swisstargetprediction.ch/result.php?job=614480338&organism=Homo_sapiens
LACTONE_4_GLUCURONIDE,5-(3'-hydroxyphenyl)-γ-valerolactone-4'-glucuronide,131834059,59,Hypoxia-inducible factor 1-alpha,HIF1A,Q16665,CHEMBL4261,Transcription factor,0.01631849685899627,104 / 11,614480338,https://www.swisstargetprediction.ch/result.php?job=614480338&organism=Homo_sapiens
LACTONE_4_GLUCURONIDE,5-(3'-hydroxyphenyl)-γ-valerolactone-4'-glucuronide,131834059,60,Polyunsaturated fatty acid 5-lipoxygenase,ALOX5,P09917,CHEMBL215,Oxidoreductase,0.01630328860840819,478 / 101,614480338,https://www.swisstargetprediction.ch/result.php?job=614480338&organism=Homo_sapiens
LACTONE_4_GLUCURONIDE,5-(3'-hydroxyphenyl)-γ-valerolactone-4'-glucuronide,131834059,61,Cannabinoid receptor 2,CNR2,P34972,CHEMBL253,Family A G protein-coupled receptor,0.015768071850170977,466 / 233,614480338,https://www.swisstargetprediction.ch/result.php?job=614480338&organism=Homo_sapiens
LACTONE_4_GLUCURONIDE,5-(3'-hydroxyphenyl)-γ-valerolactone-4'-glucuronide,131834059,62,72 kDa type IV collagenase,MMP2,P08253,CHEMBL333,Protease,0.015043204941870962,273 / 33,614480338,https://www.swisstargetprediction.ch/result.php?job=614480338&organism=Homo_sapiens
LACTONE_4_GLUCURONIDE,5-(3'-hydroxyphenyl)-γ-valerolactone-4'-glucuronide,131834059,63,Beta-secretase 1,BACE1,P56817,CHEMBL4822,Protease,0.014956889133271012,266 / 36,614480338,https://www.swisstargetprediction.ch/result.php?job=614480338&organism=Homo_sapiens
LACTONE_4_GLUCURONIDE,5-(3'-hydroxyphenyl)-γ-valerolactone-4'-glucuronide,131834059,64,Cyclin-dependent kinase 1,CDK1,P06493,CHEMBL308,Kinase,0.01454837510727726,196 / 1,614480338,https://www.swisstargetprediction.ch/result.php?job=614480338&organism=Homo_sapiens
LACTONE_4_GLUCURONIDE,5-(3'-hydroxyphenyl)-γ-valerolactone-4'-glucuronide,131834059,65,Sodium-dependent serotonin transporter,SLC6A4,P31645,CHEMBL228,Electrochemical transporter,0.013159668890886525,99 / 128,614480338,https://www.swisstargetprediction.ch/result.php?job=614480338&organism=Homo_sapiens
LACTONE_4_GLUCURONIDE,5-(3'-hydroxyphenyl)-γ-valerolactone-4'-glucuronide,131834059,66,Endothelin-1 receptor,EDNRA,P25101,CHEMBL252,Family A G protein-coupled receptor,0.013084270894333765,19 / 143,614480338,https://www.swisstargetprediction.ch/result.php?job=614480338&organism=Homo_sapiens
LACTONE_4_GLUCURONIDE,5-(3'-hydroxyphenyl)-γ-valerolactone-4'-glucuronide,131834059,67,Sodium-dependent dopamine transporter,SLC6A3,Q01959,CHEMBL238,Electrochemical transporter,0.012493805699915192,48 / 67,614480338,https://www.swisstargetprediction.ch/result.php?job=614480338&organism=Homo_sapiens
LACTONE_4_GLUCURONIDE,5-(3'-hydroxyphenyl)-γ-valerolactone-4'-glucuronide,131834059,68,Carbonic anhydrase 13,CA13,Q8N1Q1,CHEMBL3912,Lyase,0.012105544675425933,21 / 9,614480338,https://www.swisstargetprediction.ch/result.php?job=614480338&organism=Homo_sapiens
LACTONE_4_GLUCURONIDE,5-(3'-hydroxyphenyl)-γ-valerolactone-4'-glucuronide,131834059,69,Carbonic anhydrase 7,CA7,P43166,CHEMBL2326,Lyase,0.012105544675425933,105 / 35,614480338,https://www.swisstargetprediction.ch/result.php?job=614480338&organism=Homo_sapiens
LACTONE_4_GLUCURONIDE,5-(3'-hydroxyphenyl)-γ-valerolactone-4'-glucuronide,131834059,70,Prostaglandin E synthase,PTGES,O14684,CHEMBL5658,Isomerase,0.012083759163461593,106 / 22,614480338,https://www.swisstargetprediction.ch/result.php?job=614480338&organism=Homo_sapiens
LACTONE_4_GLUCURONIDE,5-(3'-hydroxyphenyl)-γ-valerolactone-4'-glucuronide,131834059,71,DNA topoisomerase 2-beta,TOP2B,Q02880,CHEMBL3396,Isomerase,0.011957914318631836,3 / 2,614480338,https://www.swisstargetprediction.ch/result.php?job=614480338&organism=Homo_sapiens
LACTONE_4_GLUCURONIDE,5-(3'-hydroxyphenyl)-γ-valerolactone-4'-glucuronide,131834059,72,DNA topoisomerase 2-alpha,TOP2A,P11388,CHEMBL1806,Isomerase,0.011957914318631836,44 / 11,614480338,https://www.swisstargetprediction.ch/result.php?job=614480338&organism=Homo_sapiens
LACTONE_4_GLUCURONIDE,5-(3'-hydroxyphenyl)-γ-valerolactone-4'-glucuronide,131834059,73,Estrogen receptor beta,ESR2,Q92731,CHEMBL242,Nuclear receptor,0.011866501875075692,1354 / 46,614480338,https://www.swisstargetprediction.ch/result.php?job=614480338&organism=Homo_sapiens
LACTONE_4_GLUCURONIDE,5-(3'-hydroxyphenyl)-γ-valerolactone-4'-glucuronide,131834059,74,Aldo-keto reductase family 1 member C3,AKR1C3,P42330,CHEMBL4681,Oxidoreductase,0.011486680964829988,103 / 36,614480338,https://www.swisstargetprediction.ch/result.php?job=614480338&organism=Homo_sapiens
LACTONE_4_GLUCURONIDE,5-(3'-hydroxyphenyl)-γ-valerolactone-4'-glucuronide,131834059,75,B-cell receptor CD22,CD22,P20273,CHEMBL3218,Surface antigen,0.011182581924242171,5 / 18,614480338,https://www.swisstargetprediction.ch/result.php?job=614480338&organism=Homo_sapiens
LACTONE_4_GLUCURONIDE,5-(3'-hydroxyphenyl)-γ-valerolactone-4'-glucuronide,131834059,76,Cannabinoid receptor 1,CNR1,P21554,CHEMBL218,Family A G protein-coupled receptor,0.01105564522936481,277 / 122,614480338,https://www.swisstargetprediction.ch/result.php?job=614480338&organism=Homo_sapiens
LACTONE_4_GLUCURONIDE,5-(3'-hydroxyphenyl)-γ-valerolactone-4'-glucuronide,131834059,77,Cyclin-dependent kinase 2/cyclin E,N/A,P24864&P24941&O96020,CHEMBL2094126,Kinase,0.01103008399735087,44 / 1,614480338,https://www.swisstargetprediction.ch/result.php?job=614480338&organism=Homo_sapiens
LACTONE_4_GLUCURONIDE,5-(3'-hydroxyphenyl)-γ-valerolactone-4'-glucuronide,131834059,78,Cyclin-dependent kinase 1/cyclin B1,N/A,P06493&P14635,CHEMBL1907602,Kinase,0.01103008399735087,89 / 4,614480338,https://www.swisstargetprediction.ch/result.php?job=614480338&organism=Homo_sapiens
LACTONE_4_GLUCURONIDE,5-(3'-hydroxyphenyl)-γ-valerolactone-4'-glucuronide,131834059,79,Transient receptor potential cation channel subfamily M member 8,TRPM8,Q7Z2W7,CHEMBL1075319,Voltage-gated ion channel,0.009977546056510798,71 / 16,614480338,https://www.swisstargetprediction.ch/result.php?job=614480338&organism=Homo_sapiens
LACTONE_4_GLUCURONIDE,5-(3'-hydroxyphenyl)-γ-valerolactone-4'-glucuronide,131834059,80,Peroxisome proliferator-activated receptor alpha,PPARA,Q07869,CHEMBL239,Nuclear receptor,0.009781591350342508,106 / 294,614480338,https://www.swisstargetprediction.ch/result.php?job=614480338&organism=Homo_sapiens
LACTONE_4_GLUCURONIDE,5-(3'-hydroxyphenyl)-γ-valerolactone-4'-glucuronide,131834059,81,Induced myeloid leukemia cell differentiation protein Mcl-1,MCL1,Q07820,CHEMBL4361,Other cytosolic protein,0.009352611389812552,243 / 3,614480338,https://www.swisstargetprediction.ch/result.php?job=614480338&organism=Homo_sapiens
LACTONE_4_GLUCURONIDE,5-(3'-hydroxyphenyl)-γ-valerolactone-4'-glucuronide,131834059,82,Tissue factor,F3,P13726,CHEMBL4081,Surface antigen,0.0090080240142554,59 / 5,614480338,https://www.swisstargetprediction.ch/result.php?job=614480338&organism=Homo_sapiens
LACTONE_4_GLUCURONIDE,5-(3'-hydroxyphenyl)-γ-valerolactone-4'-glucuronide,131834059,83,Free fatty acid receptor 1,FFAR1,O14842,CHEMBL4422,Family A G protein-coupled receptor,0.008921058005880163,24 / 213,614480338,https://www.swisstargetprediction.ch/result.php?job=614480338&organism=Homo_sapiens
LACTONE_4_GLUCURONIDE,5-(3'-hydroxyphenyl)-γ-valerolactone-4'-glucuronide,131834059,84,Neprilysin,MME,P08473,CHEMBL1944,Protease,0.00876986392422107,103 / 8,614480338,https://www.swisstargetprediction.ch/result.php?job=614480338&organism=Homo_sapiens
LACTONE_4_GLUCURONIDE,5-(3'-hydroxyphenyl)-γ-valerolactone-4'-glucuronide,131834059,85,Tyrosine-protein phosphatase non-receptor type 11,PTPN11,Q06124,CHEMBL3864,Phosphatase,0.008718324336797818,138 / 5,614480338,https://www.swisstargetprediction.ch/result.php?job=614480338&organism=Homo_sapiens
LACTONE_4_GLUCURONIDE,5-(3'-hydroxyphenyl)-γ-valerolactone-4'-glucuronide,131834059,86,Ileal sodium/bile acid cotransporter,SLC10A2,Q12908,CHEMBL2778,Electrochemical transporter,0.008607315192613919,33 / 1,614480338,https://www.swisstargetprediction.ch/result.php?job=614480338&organism=Homo_sapiens
LACTONE_4_GLUCURONIDE,5-(3'-hydroxyphenyl)-γ-valerolactone-4'-glucuronide,131834059,87,Dual specificity mitogen-activated protein kinase kinase 1,MAP2K1,Q02750,CHEMBL3587,Kinase,0.008532223188281398,63 / 1,614480338,https://www.swisstargetprediction.ch/result.php?job=614480338&organism=Homo_sapiens
LACTONE_4_GLUCURONIDE,5-(3'-hydroxyphenyl)-γ-valerolactone-4'-glucuronide,131834059,88,"Fatty acid-binding protein, heart",FABP3,P05413,CHEMBL3344,Fatty acid binding protein family,0.008378020491228962,4 / 24,614480338,https://www.swisstargetprediction.ch/result.php?job=614480338&organism=Homo_sapiens
LACTONE_4_GLUCURONIDE,5-(3'-hydroxyphenyl)-γ-valerolactone-4'-glucuronide,131834059,89,"Fatty acid-binding protein, brain",FABP7,O15540,CHEMBL3826863,Fatty acid binding protein family,0.008378020491228962,5 / 40,614480338,https://www.swisstargetprediction.ch/result.php?job=614480338&organism=Homo_sapiens
LACTONE_4_GLUCURONIDE,5-(3'-hydroxyphenyl)-γ-valerolactone-4'-glucuronide,131834059,90,Sterol O-acyltransferase 1,SOAT1,P35610,CHEMBL2782,Transferase,0.008209639408104171,10 / 2,614480338,https://www.swisstargetprediction.ch/result.php?job=614480338&organism=Homo_sapiens
LACTONE_4_GLUCURONIDE,5-(3'-hydroxyphenyl)-γ-valerolactone-4'-glucuronide,131834059,91,Sterol O-acyltransferase 2,SOAT2,O75908,CHEMBL4465,Transferase,0.008209639408104171,5 / 2,614480338,https://www.swisstargetprediction.ch/result.php?job=614480338&organism=Homo_sapiens
LACTONE_4_GLUCURONIDE,5-(3'-hydroxyphenyl)-γ-valerolactone-4'-glucuronide,131834059,92,Transient receptor potential cation channel subfamily V member 3,TRPV3,Q8NET8,CHEMBL5522,Voltage-gated ion channel,0.008189388668756032,4 / 1,614480338,https://www.swisstargetprediction.ch/result.php?job=614480338&organism=Homo_sapiens
LACTONE_4_GLUCURONIDE,5-(3'-hydroxyphenyl)-γ-valerolactone-4'-glucuronide,131834059,93,Peroxisome proliferator-activated receptor delta,PPARD,Q03181,CHEMBL3979,Nuclear receptor,0.007759066208119106,60 / 113,614480338,https://www.swisstargetprediction.ch/result.php?job=614480338&organism=Homo_sapiens
LACTONE_4_GLUCURONIDE,5-(3'-hydroxyphenyl)-γ-valerolactone-4'-glucuronide,131834059,94,Vascular endothelial growth factor receptor 2,KDR,P35968,CHEMBL279,Kinase,0.007562551483450498,1040 / 28,614480338,https://www.swisstargetprediction.ch/result.php?job=614480338&organism=Homo_sapiens
LACTONE_4_GLUCURONIDE,5-(3'-hydroxyphenyl)-γ-valerolactone-4'-glucuronide,131834059,95,Hepatocyte growth factor receptor,MET,P08581,CHEMBL3717,Kinase,0.007432141053838354,355 / 26,614480338,https://www.swisstargetprediction.ch/result.php?job=614480338&organism=Homo_sapiens
LACTONE_4_GLUCURONIDE,5-(3'-hydroxyphenyl)-γ-valerolactone-4'-glucuronide,131834059,96,Stimulator of interferon genes protein,STING1,Q86WV6,CHEMBL4523377,Unclassified protein,0.00733258398193994,251 / 5,614480338,https://www.swisstargetprediction.ch/result.php?job=614480338&organism=Homo_sapiens
LACTONE_4_GLUCURONIDE,5-(3'-hydroxyphenyl)-γ-valerolactone-4'-glucuronide,131834059,97,Methylcytosine dioxygenase TET1,TET1,Q8NFU7,CHEMBL4523402,Oxidoreductase,0.0067867228767656985,4 / 1,614480338,https://www.swisstargetprediction.ch/result.php?job=614480338&organism=Homo_sapiens
LACTONE_4_GLUCURONIDE,5-(3'-hydroxyphenyl)-γ-valerolactone-4'-glucuronide,131834059,98,Methylcytosine dioxygenase TET2,TET2,Q6N021,CHEMBL4523344,Oxidoreductase,0.0067867228767656985,4 / 1,614480338,https://www.swisstargetprediction.ch/result.php?job=614480338&organism=Homo_sapiens
LACTONE_4_GLUCURONIDE,5-(3'-hydroxyphenyl)-γ-valerolactone-4'-glucuronide,131834059,99,Methylcytosine dioxygenase TET3,TET3,O43151,CHEMBL4879414,Oxidoreductase,0.0067867228767656985,4 / 1,614480338,https://www.swisstargetprediction.ch/result.php?job=614480338&organism=Homo_sapiens
LACTONE_4_GLUCURONIDE,5-(3'-hydroxyphenyl)-γ-valerolactone-4'-glucuronide,131834059,100,Tumor necrosis factor,TNF,P01375,CHEMBL1825,Secreted protein,0.006744286610188214,49 / 4,614480338,https://www.swisstargetprediction.ch/result.php?job=614480338&organism=Homo_sapiens
